age,tenure,past_claims,annual_premium,premium_increase,expected_claims,churned
23,6,1,1294.0,0.007,644.5,0
65,4,0,1729.97,0.1485,1359.62,0
58,10,0,1152.83,0.017,732.61,0
45,13,0,1496.26,0.0623,840.71,0
44,5,0,1266.01,0.0626,720.57,0
71,15,0,1779.89,0.0455,1390.83,0
23,12,1,1575.91,0.1191,968.52,0
61,3,0,1213.85,0.0507,558.08,0
30,18,1,1296.36,0.0938,1095.6,0
23,0,0,1195.39,0.0815,731.7,0
50,13,0,982.38,0.1296,447.92,0
78,8,1,939.99,0.1229,833.25,0
63,13,0,1292.62,0.0327,765.11,0
65,15,1,1189.94,0.1125,708.96,0
62,13,1,1189.15,0.1189,935.22,0
66,13,0,1173.35,0.1379,700.9,0
49,16,0,1215.67,0.1445,666.5,0
25,14,1,1352.21,0.1105,1041.15,1
70,16,0,1721.49,0.0675,1088.75,1
45,8,1,1548.71,0.0439,1325.76,0
49,4,1,1982.34,0.1297,1444.07,0
40,4,0,1068.3,0.1373,564.71,1
29,12,1,1585.12,0.0146,1185.54,1
75,10,0,1084.98,0.0831,768.24,0
66,1,3,1481.66,0.0194,1719.25,1
57,4,0,1843.66,0.0377,963.69,0
42,19,0,969.56,0.0575,547.07,0
69,14,0,530.48,0.0467,413.03,0
51,15,0,987.62,0.1074,640.19,0
45,3,0,597.5,0.0118,343.68,0
45,1,0,914.6,0.0921,641.09,0
32,5,0,942.4,0.0872,471.73,0
23,17,0,1210.58,0.1181,721.43,0
52,10,0,585.12,0.0145,475.11,0
73,15,0,1558.79,0.0499,991.26,0
21,9,2,937.27,0.1046,1125.04,0
71,9,0,1161.67,0.1068,637.44,0
69,12,1,1252.75,0.0674,812.07,0
35,19,1,1597.61,0.0693,1436.6,0
57,8,0,1305.46,0.1447,505.35,0
28,11,0,1556.06,0.0489,900.14,0
65,18,2,1391.56,0.0225,1484.44,0
61,7,0,1060.58,0.1429,662.27,0
39,16,1,1473.84,0.1214,690.11,0
22,10,0,1508.76,0.0356,643.2,0
78,17,1,1597.52,0.1286,1113.27,1
45,9,1,1446.54,0.0378,1134.14,0
73,12,0,1269.8,0.1241,785.28,0
60,6,0,1189.11,0.0943,662.71,0
66,12,1,1472.98,0.0724,1215.39,0
65,6,1,1960.48,0.1392,1525.46,1
30,12,1,1277.23,0.1214,887.54,0
40,15,0,1090.65,0.0195,677.66,1
46,8,1,1217.68,0.1058,762.75,0
48,8,0,1316.81,0.1184,834.59,1
20,6,0,563.48,0.0812,265.43,1
51,14,0,1159.48,0.0414,713.24,1
27,11,1,1614.19,0.0352,1262.55,0
64,10,1,1192.13,0.1461,800.67,0
60,0,1,1406.01,0.0655,1138.23,0
75,2,0,1832.8,0.0778,1392.34,0
64,0,0,1299.48,0.0897,591.3,0
40,17,0,528.23,0.0151,356.73,0
77,17,0,777.03,0.0122,538.82,0
43,1,0,1124.7,0.0297,602.1,0
38,0,1,1108.85,0.0098,927.96,1
74,15,0,1231.01,0.1348,652.81,0
40,10,1,1261.63,0.0222,1156.47,0
22,6,0,1549.82,0.034,500.05,0
47,12,3,1322.6,0.0806,1806.37,1
67,4,0,1137.75,0.1344,508.24,1
29,3,0,1265.18,0.0074,718.79,0
46,7,0,1302.34,0.0324,617.53,0
26,17,2,1544.04,0.1076,1807.85,0
60,15,0,476.62,0.0779,254.05,0
47,3,0,1224.99,0.0892,613.31,1
38,11,0,1154.77,0.0025,806.17,0
32,17,1,1609.23,0.13,1328.31,0
52,19,0,1416.89,0.0868,739.59,0
59,15,1,1422.25,0.1252,831.71,0
76,2,0,1293.95,0.1446,576.4,1
45,4,0,1605.71,0.1098,1156.25,1
27,4,0,1545.09,0.0047,937.51,0
69,3,0,1282.6,0.1067,740.95,0
57,3,0,1843.63,0.0845,1135.17,0
61,6,0,1011.54,0.0155,382.26,0
24,11,0,844.37,0.0406,441.55,0
37,7,0,1196.75,0.0253,629.15,0
65,8,0,1087.86,0.1387,738.67,0
69,4,1,610.4,0.1193,324.41,0
44,3,0,1004.29,0.1051,691.85,0
67,19,1,1453.08,0.1145,1483.34,0
70,11,0,1182.59,0.0902,467.9,0
42,4,1,1117.06,0.1283,799.12,1
73,16,0,1212.7,0.0343,747.76,0
35,16,1,1386.92,0.0376,1177.54,0
32,19,0,1414.52,0.0888,511.96,0
60,3,0,1007.55,0.1215,601.49,0
57,12,0,1462.16,0.1254,780.96,0
26,19,1,1022.81,0.1464,689.1,0
69,16,0,1048.99,0.1143,885.36,0
30,4,0,1709.7,0.0349,913.76,0
67,17,1,1042.84,0.0346,813.54,0
18,8,0,1002.37,0.0668,546.02,0
67,9,0,824.07,0.0975,482.56,0
66,11,1,1101.82,0.0769,877.41,0
66,15,1,1391.51,0.0101,1186.23,0
59,2,0,1411.96,0.0723,674.48,1
47,10,0,1194.41,0.1226,687.14,1
61,16,0,1102.59,0.036,638.81,0
35,10,0,827.17,0.0953,331.96,0
66,5,1,1131.86,0.0405,666.88,1
52,1,1,886.19,0.0834,755.09,0
46,10,0,1420.97,0.1051,722.97,0
49,14,0,1441.82,0.0311,1356.5,0
53,10,0,1187.87,0.1109,803.63,0
20,19,0,1332.44,0.1015,813.82,0
26,12,3,1912.87,0.0469,2646.99,0
33,10,0,1230.36,0.1342,801.28,1
25,1,0,1618.08,0.1171,936.78,1
45,11,0,892.86,0.0782,375.48,1
59,3,1,1245.4,0.0124,1014.35,0
58,14,0,1059.68,0.0661,781.85,0
47,3,1,1544.17,0.0495,977.89,0
71,18,1,919.76,0.0394,455.15,0
53,6,0,1634.39,0.0965,736.4,0
22,8,1,1518.53,0.1383,1539.22,0
65,2,0,1725.09,0.022,978.16,0
53,4,0,1187.83,0.1112,887.53,0
57,18,0,1034.9,0.0933,579.68,0
53,5,0,1397.13,0.1001,705.9,0
52,10,0,1509.17,0.1268,1290.57,1
23,19,0,985.67,0.0563,510.61,1
52,12,0,600.72,0.0869,318.91,0
67,0,0,652.12,0.0415,399.0,0
36,7,1,1428.42,0.0426,961.05,1
55,7,0,1662.06,0.077,1083.61,0
19,5,0,809.75,0.0011,493.99,0
39,4,0,1118.29,0.0372,687.64,0
45,10,1,1245.47,0.0227,784.99,1
78,7,1,1926.16,0.018,984.89,0
31,5,1,2027.61,0.0577,1224.03,0
35,8,1,1477.34,0.0157,907.71,0
43,6,0,1469.4,0.0231,869.34,0
79,4,1,1611.06,0.1003,975.9,0
70,9,0,815.9,0.0977,339.62,0
20,18,0,1409.56,0.1418,625.35,0
32,10,0,894.12,0.138,539.14,1
68,11,0,1148.54,0.1311,735.34,0
21,19,0,1541.92,0.1036,777.48,1
71,12,0,1224.28,0.04,630.62,0
35,4,0,1530.75,0.0267,965.76,1
74,7,0,1589.78,0.1424,916.95,0
36,9,1,822.92,0.1439,743.82,0
44,9,1,696.69,0.0757,481.32,0
59,2,0,1548.63,0.0823,731.75,1
25,2,1,1710.72,0.0008,1515.77,0
52,6,1,1426.98,0.0223,956.02,1
49,18,1,1467.66,0.0819,893.73,1
66,14,1,1617.91,0.0273,1379.09,0
79,16,0,1462.32,0.0718,1090.33,0
59,3,0,1108.74,0.1192,641.77,0
43,8,0,1486.76,0.1201,678.65,0
43,11,0,1096.06,0.1292,831.34,0
43,8,1,1423.07,0.0354,1094.05,0
68,8,0,1260.01,0.0648,734.67,0
37,7,1,1092.17,0.094,718.28,1
28,1,1,1127.1,0.0872,1007.37,1
38,17,0,1870.23,0.1499,836.08,0
19,18,0,932.43,0.0414,408.97,0
24,1,0,1310.99,0.0107,1068.53,0
23,8,0,1373.94,0.0582,645.2,1
65,10,0,1183.74,0.0777,800.29,0
62,15,0,1401.45,0.0581,1030.25,0
61,19,0,1298.69,0.0479,755.78,0
46,8,1,1088.92,0.0386,650.97,0
62,14,0,1361.05,0.0641,861.41,0
27,18,0,1036.59,0.1034,764.06,1
73,16,3,2172.2,0.0223,2379.71,1
49,5,0,1328.74,0.1298,638.61,1
76,16,1,1139.95,0.0962,864.09,0
27,8,1,1452.69,0.0161,785.23,1
48,0,0,922.54,0.0035,423.69,0
61,15,3,1727.33,0.0077,1677.98,0
48,16,0,1132.29,0.0136,639.64,0
45,6,0,951.94,0.0965,417.67,0
28,9,0,948.17,0.1411,556.18,0
41,7,0,1930.48,0.02,1195.67,0
32,2,0,1227.42,0.0426,656.11,1
36,19,1,1220.48,0.1299,565.15,0
60,0,1,1168.52,0.0759,850.74,0
57,11,0,1341.35,0.0641,1076.0,1
55,0,0,1008.45,0.071,616.66,1
40,13,0,871.61,0.0152,487.88,0
77,18,0,1190.28,0.0329,616.5,0
23,12,1,1338.01,0.1443,1070.72,0
39,12,0,1074.89,0.0965,625.32,0
25,16,1,1082.61,0.0429,889.2,0
39,19,1,1232.71,0.142,705.87,0
77,17,1,1209.11,0.0596,883.27,0
40,4,0,1017.49,0.0211,517.73,0
74,11,2,1582.95,0.1448,1480.01,0
48,16,0,1867.87,0.0999,706.3,0
61,5,0,1599.53,0.1129,825.11,0
46,13,1,1932.58,0.0034,1535.83,0
34,0,0,1029.69,0.0425,661.4,0
65,17,0,1702.41,0.1418,944.17,1
78,12,0,1268.18,0.0233,459.37,0
34,14,1,1645.91,0.131,1334.14,0
66,16,0,1337.31,0.1156,1024.38,0
34,4,1,1247.02,0.0568,751.81,0
62,9,0,1415.85,0.133,725.54,0
66,17,0,1345.48,0.1384,882.2,0
45,3,0,669.54,0.13,441.35,0
63,16,1,1312.76,0.0611,1165.63,0
34,5,0,1461.72,0.0881,999.14,0
22,11,0,1283.23,0.0459,527.05,0
23,10,1,1490.84,0.0195,965.79,0
45,13,0,974.57,0.1353,616.39,0
73,16,0,1276.86,0.1472,700.31,0
25,6,0,1171.1,0.0088,703.09,0
46,3,2,1438.96,0.1032,1216.86,0
61,8,0,996.22,0.1424,509.49,0
30,12,0,1474.46,0.0912,783.9,0
62,15,1,1453.64,0.0071,828.14,0
36,15,1,1423.36,0.0022,878.14,0
68,6,0,1815.24,0.0756,999.43,0
53,18,0,1342.14,0.141,741.65,0
51,1,0,1560.15,0.0418,975.21,1
28,2,0,1281.88,0.0525,675.63,0
46,0,0,1094.05,0.1194,853.55,0
71,18,0,882.26,0.1202,629.59,0
19,3,0,1272.42,0.1415,642.14,1
65,12,1,550.95,0.1258,408.68,1
48,16,1,1431.74,0.0891,1301.07,0
62,15,0,1294.62,0.1408,635.51,1
59,18,0,1134.73,0.0922,545.23,0
44,1,1,1322.29,0.0902,1222.58,0
37,8,1,974.65,0.0023,797.98,1
56,10,1,1765.68,0.0683,1560.53,0
26,13,1,1248.82,0.0064,948.39,0
54,12,1,1058.37,0.1348,717.11,0
23,11,1,1513.4,0.0016,825.07,0
58,6,0,1233.23,0.0461,707.24,0
56,2,0,1092.5,0.1493,779.96,0
23,8,1,1210.79,0.1193,1107.12,0
64,5,0,1198.31,0.1137,828.34,0
43,11,0,1603.74,0.1069,1047.48,0
66,15,1,1490.86,0.0077,1654.16,0
20,11,1,1339.68,0.0432,700.34,0
29,11,0,1455.73,0.1198,850.7,0
48,0,1,1358.26,0.1343,802.98,0
29,12,1,1470.47,0.0525,1430.17,1
38,8,0,1245.34,0.0389,622.19,0
58,2,1,1526.93,0.0354,1332.01,0
26,4,0,1066.76,0.0822,544.09,0
60,15,1,1008.2,0.0437,781.88,0
24,18,0,1472.05,0.0032,803.77,0
28,10,1,1801.48,0.0586,1280.92,1
54,19,0,872.44,0.0831,520.41,0
67,3,0,1253.79,0.0951,840.87,0
28,5,0,1065.34,0.0514,581.6,0
36,18,1,1615.01,0.0471,1376.22,0
75,3,0,1273.99,0.0426,874.87,1
79,13,0,2198.24,0.0935,1128.44,1
54,4,0,1109.57,0.0425,902.68,0
45,6,0,1661.19,0.1375,1075.92,1
39,9,1,1840.39,0.0423,1203.72,1
55,7,0,1360.08,0.1186,858.09,1
54,17,1,1361.12,0.048,1194.49,0
36,19,0,1228.45,0.0952,771.28,0
19,10,0,1203.06,0.1049,698.97,0
27,10,0,1539.99,0.0262,430.89,0
77,1,0,938.21,0.057,431.43,0
43,4,0,1151.7,0.0191,736.06,0
47,0,1,1265.34,0.0766,740.54,0
46,17,0,682.14,0.1364,421.83,0
66,4,0,1457.67,0.0894,970.82,0
22,6,0,1518.88,0.1052,828.66,0
23,16,0,1009.73,0.0425,395.88,0
35,14,0,1509.04,0.0702,726.68,0
48,12,0,724.9,0.1111,463.86,0
59,0,3,1657.19,0.0197,2179.85,0
48,11,0,1162.12,0.0183,427.64,0
45,11,0,1226.32,0.0337,695.44,0
76,6,0,1224.76,0.0355,509.59,0
27,14,0,1176.89,0.1444,668.69,0
53,18,1,1233.67,0.0238,852.41,0
51,5,0,1167.39,0.0158,1044.41,0
47,6,0,1608.97,0.0207,806.09,1
68,6,0,1026.38,0.0304,706.38,0
34,16,0,1876.6,0.0553,1281.28,0
77,1,0,1009.45,0.0296,541.74,0
38,17,0,1272.02,0.0132,726.86,0
51,15,0,1371.36,0.0205,765.29,0
50,9,1,1262.47,0.1185,775.73,0
70,11,0,1614.71,0.078,763.15,0
45,17,0,1363.56,0.1119,700.99,0
35,15,1,1288.53,0.0265,731.65,0
19,5,0,1611.38,0.0458,813.52,1
40,1,0,895.35,0.1473,480.45,0
69,13,0,1030.35,0.0129,593.85,0
18,2,0,1368.77,0.0658,834.65,0
73,1,0,1440.44,0.0444,772.82,0
51,19,0,1296.79,0.0011,620.44,0
26,9,1,1311.84,0.0829,1018.44,0
36,13,0,1124.57,0.0825,735.06,0
52,4,0,1539.42,0.0481,779.45,0
37,2,0,1272.12,0.0708,583.19,0
24,1,0,938.33,0.0588,478.88,0
59,7,0,921.03,0.0696,495.61,0
59,0,0,1654.04,0.1272,1160.48,0
25,8,1,1134.37,0.1071,929.19,0
35,6,2,1581.82,0.042,1372.12,1
33,10,0,1605.27,0.0359,1310.01,0
58,11,0,1362.63,0.1088,755.08,0
63,6,1,1122.71,0.0337,1062.08,0
63,9,0,895.29,0.1361,637.79,0
76,1,0,1760.97,0.1249,1236.89,0
65,6,1,1037.65,0.0379,788.93,0
37,19,0,1034.02,0.1202,590.62,0
24,19,0,1311.75,0.0287,732.71,0
56,9,0,1134.34,0.0037,750.28,0
74,18,2,1672.14,0.1442,1239.46,0
78,10,0,759.67,0.1142,402.18,0
32,2,1,1286.88,0.0734,1280.61,1
32,17,0,1403.31,0.1265,887.02,0
20,8,0,1404.32,0.0114,948.36,0
26,12,0,1028.26,0.111,449.44,0
52,12,1,1043.49,0.1434,682.42,0
51,6,0,1264.11,0.1228,754.08,0
40,14,1,956.26,0.0648,676.18,1
37,10,1,1735.28,0.0519,968.34,0
69,7,0,1247.22,0.1339,810.16,1
46,5,0,990.96,0.0437,685.92,0
68,14,0,883.65,0.1406,465.72,0
77,4,0,1010.08,0.048,660.86,0
37,2,0,731.42,0.0188,612.41,0
30,17,1,1498.43,0.0354,1449.49,0
77,6,0,959.15,0.0779,510.06,0
57,12,0,1319.9,0.0197,590.64,0
36,14,0,1361.26,0.057,795.37,0
56,16,0,1489.8,0.1359,1329.28,0
49,12,0,1275.55,0.0141,930.15,0
74,14,2,1837.57,0.0922,1593.07,0
33,16,1,1765.83,0.0606,1720.81,1
79,18,0,1277.46,0.0971,900.52,0
76,0,0,1295.56,0.0734,494.43,0
29,14,0,1032.76,0.1315,712.6,0
28,3,0,903.71,0.0604,516.39,0
51,17,1,1734.62,0.0763,1039.98,0
20,0,0,1381.72,0.0195,785.2,1
36,4,0,1406.05,0.0735,852.35,0
44,3,1,1172.79,0.0172,713.4,0
78,12,2,1987.18,0.0875,1684.0,0
79,0,1,1281.42,0.0641,855.16,1
27,0,1,1109.45,0.1175,927.41,0
73,10,0,1027.9,0.0628,540.02,0
23,19,0,1671.36,0.0946,663.82,0
64,10,0,866.69,0.0088,442.21,0
70,8,1,1124.66,0.1065,663.61,0
73,13,0,2069.55,0.1436,891.48,0
31,11,0,1482.31,0.0672,1047.37,0
73,7,0,980.08,0.0015,642.23,0
25,11,1,1025.57,0.0905,602.65,0
50,0,1,848.19,0.0218,469.17,0
47,4,0,1229.13,0.0702,671.92,0
37,13,1,1568.41,0.0049,858.21,0
19,6,0,1655.64,0.0664,880.18,1
65,1,0,631.8,0.1312,357.55,0
38,2,0,802.39,0.0203,475.85,0
59,17,2,1464.13,0.0747,1360.33,1
43,6,0,2036.3,0.0381,971.99,0
41,0,0,1465.77,0.0392,829.52,0
72,14,1,1461.84,0.0965,1346.53,0
23,10,1,982.52,0.1122,460.55,1
63,9,0,564.0,0.131,335.89,0
64,17,0,1211.65,0.0417,534.15,0
41,6,1,1320.19,0.0106,1246.43,0
34,11,0,1119.66,0.0663,735.67,0
18,14,1,1235.87,0.0877,1031.0,1
76,12,0,975.49,0.1109,458.92,0
76,4,1,1056.71,0.1134,794.26,0
32,13,0,1616.85,0.1295,972.5,0
19,14,2,1234.04,0.0047,666.64,0
25,2,0,1117.16,0.1471,641.91,1
22,3,1,1338.28,0.145,1078.71,0
69,13,1,1561.88,0.0053,839.29,0
73,2,0,944.45,0.047,594.43,1
27,17,0,1493.42,0.1148,850.1,0
64,2,0,1026.1,0.0718,754.74,0
29,19,1,1301.43,0.0007,854.34,0
40,13,1,1842.93,0.0532,1361.53,1
55,8,2,1209.23,0.0868,1123.75,0
62,5,0,1416.27,0.1319,450.73,0
72,6,2,1801.38,0.1244,1456.56,0
20,14,0,1292.97,0.1419,734.04,0
30,15,1,1314.74,0.0702,585.12,0
35,4,0,1837.71,0.1197,1173.47,1
37,10,0,1195.85,0.0151,678.84,0
79,19,0,1261.22,0.0778,715.14,0
66,5,1,1249.04,0.1375,1028.74,0
37,13,1,1395.32,0.1258,916.39,0
78,3,0,1489.24,0.0983,838.23,0
48,16,0,1117.41,0.0224,741.29,0
49,3,0,567.44,0.0273,320.16,0
44,5,1,1504.07,0.1018,741.67,1
26,9,1,1026.5,0.0488,739.48,0
75,7,0,1422.56,0.0494,804.0,0
18,3,0,1199.6,0.1271,801.48,0
28,12,1,1632.93,0.0031,1087.04,0
32,0,0,915.5,0.0589,420.1,1
35,19,0,1039.43,0.0357,477.28,0
26,1,0,1097.99,0.0041,817.59,0
19,6,1,905.32,0.0325,683.94,0
60,18,1,1683.43,0.0276,1585.45,0
78,3,0,712.37,0.0757,540.48,0
25,1,0,1529.19,0.0653,735.38,0
36,14,1,1477.32,0.0708,894.01,0
49,1,0,1140.34,0.1317,620.27,0
75,17,1,1453.53,0.0742,1171.87,0
61,9,0,1295.32,0.0959,546.1,0
65,17,0,1079.87,0.0971,659.96,1
54,4,0,1289.44,0.0775,780.1,0
43,2,1,1569.35,0.0457,893.42,0
30,19,1,1066.6,0.1355,611.48,1
71,15,1,1453.86,0.0657,1132.98,0
67,18,0,412.1,0.0857,348.09,0
19,6,0,621.12,0.0839,326.74,1
62,8,3,1819.36,0.1241,1988.09,0
23,11,0,1074.65,0.0802,531.31,0
63,8,1,1093.97,0.0685,817.78,0
69,4,0,1184.09,0.069,583.04,0
26,7,0,1081.21,0.117,572.87,0
44,12,0,903.42,0.0495,822.72,0
25,0,1,858.29,0.1402,625.21,1
53,6,1,759.55,0.127,396.08,0
75,5,0,1421.64,0.0208,902.11,0
23,1,1,1223.25,0.0476,1093.19,0
42,2,0,1490.86,0.1358,952.24,1
78,9,1,1220.2,0.0418,839.78,0
36,2,0,1306.49,0.0476,606.82,1
26,6,1,1312.38,0.0326,782.71,1
48,11,0,1213.33,0.0082,651.83,0
49,17,0,1227.91,0.0718,636.71,0
59,1,1,1216.29,0.1132,775.6,0
37,8,0,831.11,0.099,591.36,0
77,2,0,1429.84,0.0041,959.25,0
50,8,2,1978.06,0.0785,2212.12,0
35,9,0,1697.76,0.0495,809.16,0
77,15,1,1184.02,0.0963,702.21,0
75,8,2,1280.05,0.0608,1128.41,0
48,18,0,1033.72,0.1471,626.73,0
19,2,0,1147.25,0.1243,649.39,0
55,1,1,1334.26,0.1051,1019.66,0
52,0,0,900.62,0.0774,690.0,0
27,7,1,906.08,0.0887,618.42,1
57,3,1,1364.98,0.0663,1143.73,0
70,1,0,400.0,0.1192,247.56,0
24,4,0,1169.8,0.1362,665.31,0
62,19,1,1066.58,0.1499,885.49,1
26,16,0,1434.05,0.0898,686.27,0
64,0,0,1514.29,0.1023,696.1,0
43,18,0,1521.37,0.06,925.69,1
18,4,2,1396.07,0.0013,873.27,1
77,8,0,859.46,0.1055,531.24,0
28,6,0,955.62,0.1401,425.53,0
54,8,0,1286.28,0.1289,972.33,0
29,15,0,706.24,0.1318,364.06,0
75,14,0,1618.06,0.0603,1207.41,0
63,11,0,1100.81,0.107,588.89,0
67,12,0,1350.05,0.0958,716.08,0
44,14,1,815.57,0.0811,691.45,0
46,3,2,1222.21,0.0227,1124.9,0
57,7,0,628.3,0.0863,345.95,0
66,2,1,1656.36,0.0448,1089.29,0
70,14,0,1151.94,0.1055,594.01,0
19,8,0,1371.39,0.1417,1226.22,1
59,12,2,1519.02,0.1091,943.12,0
24,11,1,1490.54,0.0389,835.57,1
35,5,2,1398.77,0.0698,1536.35,1
69,2,2,1438.94,0.0847,1556.93,0
33,19,0,1172.48,0.1089,544.02,1
67,5,0,1321.69,0.0222,519.46,0
46,2,1,1479.64,0.0788,1360.69,0
32,6,0,2043.43,0.129,924.85,0
38,18,0,1704.48,0.0041,862.12,0
50,5,2,966.37,0.1091,855.09,1
65,19,0,1157.07,0.1321,520.99,0
55,9,0,1078.23,0.1194,723.84,0
75,17,0,1584.04,0.1398,887.6,0
71,13,0,1105.28,0.1174,517.0,0
64,0,0,1339.29,0.0777,637.6,0
55,10,1,648.88,0.0715,599.66,0
35,8,0,745.92,0.0048,393.65,0
43,4,1,1977.69,0.0028,1594.48,0
25,10,0,1215.07,0.0959,676.66,1
41,2,0,900.46,0.0413,353.75,0
75,13,0,1272.86,0.0461,824.68,0
44,16,0,884.08,0.1211,611.5,0
25,1,0,1114.99,0.0167,899.37,0
58,9,0,764.21,0.0426,291.58,0
77,13,1,1113.38,0.1028,422.08,1
71,1,0,1075.1,0.0046,681.7,0
34,7,0,1536.21,0.078,760.38,0
46,5,0,1339.21,0.0128,561.4,1
50,0,0,1391.56,0.1142,793.37,1
33,16,0,1192.27,0.0952,608.11,0
34,8,3,1896.85,0.0913,1503.35,1
32,15,2,1237.94,0.0332,1056.89,0
79,11,0,980.19,0.1087,612.56,0
64,17,2,1622.28,0.0453,1458.28,0
70,19,0,1116.26,0.0856,646.03,0
68,12,0,1195.85,0.0138,729.17,0
77,7,0,1150.76,0.0144,457.83,0
24,8,1,1726.04,0.0291,1218.11,0
72,16,2,1891.67,0.0324,1722.69,0
22,8,1,1162.15,0.019,768.29,0
47,10,0,672.04,0.0177,317.68,0
54,3,0,986.55,0.1319,474.18,0
40,19,1,1080.91,0.0832,726.77,0
27,13,0,1449.52,0.0933,971.14,0
29,6,0,1476.15,0.0432,1117.94,1
69,11,0,890.68,0.0083,647.6,0
37,8,1,1123.65,0.1452,586.35,0
37,3,0,756.3,0.0081,349.74,0
75,17,0,1240.31,0.1234,789.35,1
26,17,1,1336.53,0.0998,1236.08,0
74,16,2,1736.74,0.0611,1242.45,0
75,7,1,1499.14,0.112,1108.79,0
55,5,1,1533.06,0.1147,871.64,0
28,0,0,737.4,0.1317,434.86,0
27,14,0,1012.1,0.0817,496.56,1
35,6,0,1484.67,0.0321,859.32,0
53,17,1,1188.43,0.0859,664.98,0
27,17,0,711.73,0.0149,286.44,0
46,2,0,1442.4,0.0564,1495.66,1
25,18,0,1026.82,0.0916,580.97,0
51,2,0,1518.79,0.0378,1298.82,0
19,9,0,1194.48,0.1298,901.34,0
61,9,0,1116.83,0.1464,449.32,0
21,19,1,1758.96,0.0114,1348.25,0
30,13,1,959.2,0.0309,527.91,0
28,17,0,1630.27,0.071,857.37,0
69,11,0,1008.19,0.0057,385.88,0
21,16,0,1248.71,0.0139,508.58,0
44,17,0,1251.55,0.1351,588.62,0
54,17,2,1371.86,0.0068,1067.64,0
49,8,0,971.37,0.0371,546.25,1
60,7,0,1089.05,0.0635,493.95,0
67,19,0,895.63,0.0031,514.91,0
42,15,2,2088.59,0.1216,2275.22,0
69,18,1,1205.66,0.1245,908.04,0
37,11,0,1547.68,0.0592,852.06,1
79,18,0,1508.15,0.0303,901.06,0
49,14,0,1308.88,0.1339,548.14,0
63,14,2,1459.3,0.1018,1532.34,0
72,3,0,1258.13,0.0786,552.5,0
67,11,0,1371.65,0.0589,1043.93,1
70,14,0,1230.14,0.0809,800.82,0
51,15,0,729.98,0.0374,455.29,0
20,19,0,654.51,0.0674,411.79,0
48,6,0,1652.7,0.1029,921.86,0
29,6,0,409.59,0.0617,195.29,0
73,19,0,1258.71,0.1027,581.78,0
32,19,1,1279.51,0.1108,1294.96,0
32,3,0,1248.24,0.1131,711.06,0
33,7,0,858.01,0.0854,383.08,0
57,18,1,1455.2,0.0277,1150.52,0
53,3,0,1261.8,0.1051,754.06,0
76,15,1,2178.3,0.1229,1454.12,0
43,2,0,1238.99,0.0141,577.7,0
35,3,0,1604.47,0.1344,1037.18,1
21,15,1,900.39,0.1412,775.7,0
18,12,0,1506.03,0.1002,896.34,0
41,11,0,1267.88,0.0167,717.67,0
75,17,0,1280.92,0.0981,611.22,0
50,6,0,1285.07,0.0534,789.29,0
73,10,1,1861.9,0.0455,1169.28,1
24,12,0,1276.53,0.0055,552.25,0
23,14,0,964.76,0.1087,674.25,0
69,6,1,1165.22,0.085,676.15,0
24,12,0,1445.14,0.0676,551.8,0
21,8,1,1484.24,0.0583,1374.97,0
43,10,0,740.86,0.0618,291.64,0
75,17,0,1354.39,0.068,699.08,0
60,7,1,1025.3,0.0716,587.19,0
24,13,1,1481.48,0.0147,913.94,1
69,18,0,958.33,0.057,834.31,0
70,15,0,1115.56,0.0096,609.97,0
67,19,1,1186.56,0.1164,909.16,0
73,11,1,1805.67,0.0783,1507.96,0
32,5,0,1320.55,0.1199,647.45,0
78,19,1,1728.33,0.0644,1527.92,0
37,12,0,2068.56,0.023,1244.41,0
67,4,0,1214.04,0.0449,787.67,0
53,6,0,1650.6,0.0351,796.75,0
66,5,1,1140.16,0.066,888.42,0
56,16,0,1576.46,0.1183,878.09,0
57,1,0,957.75,0.0175,669.91,0
56,14,1,1344.48,0.06,860.42,1
66,11,0,1361.06,0.0138,1140.32,0
63,1,0,1408.27,0.0587,840.89,0
26,12,1,968.23,0.0874,673.27,1
69,15,0,939.89,0.0103,499.66,0
51,14,0,1383.44,0.01,770.9,0
38,10,0,1089.69,0.1096,536.21,0
49,6,0,780.8,0.0611,497.83,1
77,3,0,1178.71,0.0527,656.15,0
71,0,2,1464.31,0.1029,1874.88,0
69,7,0,1253.07,0.0127,641.17,0
46,12,1,1508.77,0.129,1050.11,0
66,0,1,1489.7,0.1163,973.79,0
41,19,0,969.55,0.0584,786.23,0
60,11,0,1076.75,0.0703,449.96,0
57,5,0,1478.34,0.0597,840.51,0
33,19,1,1187.04,0.1178,901.03,0
34,3,1,1231.47,0.0043,700.7,0
21,19,2,1048.72,0.1007,1544.41,0
26,5,0,1191.4,0.0454,551.9,0
44,7,1,1453.58,0.1169,1043.37,0
47,8,0,607.35,0.1476,474.62,0
28,19,0,878.92,0.0418,454.99,0
43,5,0,773.48,0.0669,444.18,0
55,19,1,1586.51,0.0821,1055.81,0
32,6,1,776.29,0.0827,547.63,0
38,5,0,1176.39,0.0235,814.93,0
40,12,1,1565.36,0.0875,1025.86,0
49,13,0,1256.35,0.1086,412.27,0
40,6,0,1068.01,0.1416,592.03,0
63,2,0,1303.94,0.1088,736.81,1
38,7,0,1511.09,0.0905,876.8,0
44,10,0,1167.72,0.035,628.13,0
41,0,0,528.32,0.0147,248.09,0
29,1,0,1544.32,0.0952,820.5,1
60,18,1,1470.08,0.0938,1491.95,0
32,0,2,1490.08,0.1259,1282.56,0
36,8,0,605.89,0.0669,385.25,0
67,15,0,1110.51,0.0258,503.93,0
76,6,0,937.36,0.0337,493.43,0
59,9,2,1135.12,0.0715,806.58,0
74,1,0,1159.07,0.0468,837.74,0
70,15,1,1189.21,0.027,621.18,0
47,12,0,1058.97,0.0162,636.6,0
65,17,0,1421.89,0.0619,849.37,0
38,17,1,1426.67,0.0506,1074.93,0
46,7,0,1051.35,0.1448,367.04,0
51,0,0,1013.29,0.1285,377.27,0
77,6,0,1063.54,0.0275,607.51,0
70,2,2,1425.77,0.113,1028.94,0
48,10,0,1375.22,0.072,674.79,0
58,2,1,1037.23,0.1389,679.34,0
30,18,0,1637.53,0.0912,740.23,0
67,12,0,1375.43,0.0306,600.68,0
52,5,0,400.0,0.0294,223.2,0
51,18,1,1375.6,0.1451,669.92,0
65,15,0,1512.22,0.1377,762.63,0
57,8,1,1466.61,0.0724,915.03,0
22,2,1,1226.3,0.0846,870.22,1
35,6,0,1181.67,0.0821,1062.87,0
28,11,4,1853.5,0.1145,1794.1,1
63,15,0,1430.88,0.0712,866.03,0
20,5,0,775.47,0.0184,452.25,0
30,14,1,1168.49,0.0486,931.85,0
55,5,3,2141.57,0.0852,2099.33,0
61,4,0,1209.88,0.0527,900.7,0
49,8,0,1658.37,0.122,1061.3,0
71,3,1,2245.68,0.1422,1842.23,0
74,8,0,1052.39,0.0363,442.56,0
26,7,1,990.82,0.1334,720.2,0
77,5,0,1120.34,0.1074,564.54,0
56,15,0,1529.7,0.088,718.46,0
57,6,0,1571.67,0.0196,773.72,0
23,13,1,2031.59,0.0616,1432.41,0
56,14,0,1188.96,0.1493,726.9,1
62,13,0,1346.42,0.0973,914.27,0
54,5,2,1286.47,0.0888,1346.19,0
23,16,0,447.9,0.0053,265.0,0
50,4,0,1188.1,0.0481,670.38,0
76,5,0,853.87,0.0732,446.52,0
62,17,0,1393.01,0.0962,739.75,0
26,6,0,635.58,0.1286,303.41,0
77,13,0,978.2,0.0687,501.01,0
77,0,0,1280.3,0.0412,766.79,0
28,12,0,1311.71,0.0422,996.01,0
67,17,0,1185.77,0.0207,642.14,0
43,14,0,1760.2,0.0218,835.68,0
54,11,1,1820.84,0.0458,1575.98,0
45,16,0,994.7,0.115,371.88,0
66,5,1,1832.82,0.062,1609.96,1
79,7,1,1878.66,0.1289,1005.73,0
67,1,1,1312.83,0.1424,1067.53,0
75,13,0,1213.62,0.0113,615.69,0
76,14,2,1484.78,0.1066,1374.22,0
23,15,1,1156.5,0.0128,1250.76,0
33,14,2,1336.3,0.0108,980.97,0
62,2,2,1895.8,0.0414,1347.12,0
54,13,0,1331.21,0.0152,754.53,0
21,15,1,1183.74,0.0994,1145.08,0
23,4,0,922.2,0.1074,533.36,0
50,9,1,1122.57,0.0959,807.57,0
56,18,1,1300.84,0.0863,959.4,0
28,8,0,1473.95,0.1172,672.75,1
28,15,1,1091.98,0.1159,807.0,0
26,10,0,1470.51,0.1305,758.54,1
53,13,0,1259.09,0.104,915.29,1
18,12,0,1242.85,0.0534,813.51,0
53,13,1,1657.74,0.0787,907.04,1
47,15,3,1903.01,0.0736,1839.6,0
46,18,1,928.64,0.0162,735.86,0
60,5,1,1024.8,0.1218,600.45,0
50,18,1,1281.15,0.1369,736.11,0
63,12,0,1306.79,0.1477,664.83,0
65,11,1,1759.37,0.0372,1343.89,0
75,6,2,1519.52,0.0143,1622.98,1
67,8,0,1711.11,0.0167,1000.16,0
50,13,0,988.0,0.1206,902.13,0
48,7,2,1338.73,0.0948,1014.92,0
32,5,1,1258.3,0.1134,1040.35,0
55,16,0,954.83,0.1358,426.8,0
26,8,2,1847.82,0.0339,2213.64,0
75,12,0,400.0,0.0546,292.93,0
70,0,0,1048.93,0.1189,674.81,0
25,1,0,1544.46,0.0389,608.97,0
66,16,0,1106.3,0.0759,710.4,0
25,2,1,1671.87,0.0665,1011.91,0
62,15,0,1859.31,0.0893,1136.02,0
23,18,1,1374.12,0.1482,732.43,1
48,9,0,1550.68,0.0156,913.29,0
58,17,1,2075.74,0.0727,1378.96,0
63,8,0,1320.63,0.1438,630.69,0
43,19,0,1185.58,0.0522,744.8,0
75,4,0,1470.74,0.1111,812.3,1
66,8,0,1555.27,0.1394,832.99,0
30,7,0,1188.36,0.0361,768.45,0
59,15,0,1054.85,0.0122,861.39,0
63,0,1,1865.22,0.0114,1405.28,0
38,16,0,1118.82,0.0109,435.04,1
63,0,0,1558.12,0.0526,636.63,0
73,6,1,1428.86,0.0189,1032.92,0
68,11,1,1898.09,0.0608,1661.75,0
65,2,1,1095.29,0.1131,802.27,0
57,9,0,944.71,0.0447,583.94,0
34,19,0,1456.35,0.0719,803.14,0
67,16,0,860.9,0.0191,582.31,0
40,0,1,1384.99,0.1047,1117.1,0
50,11,1,1814.52,0.0477,1055.1,0
37,11,1,814.55,0.0203,635.19,1
37,1,2,1620.64,0.1432,1033.27,0
27,13,1,1713.52,0.1154,1336.27,0
77,10,0,1192.23,0.0978,628.72,0
27,13,0,921.87,0.1084,531.2,0
23,5,1,1271.22,0.0638,967.06,0
76,5,0,948.44,0.0447,559.9,0
52,14,1,1370.75,0.075,1297.68,1
45,14,1,1266.99,0.1238,909.54,0
63,3,0,1046.02,0.1446,606.15,0
41,4,1,1489.84,0.0908,1385.91,0
25,11,0,1673.73,0.0565,1364.81,0
63,16,0,1298.35,0.1077,721.92,0
28,4,1,1753.1,0.1046,1128.28,0
52,4,1,1823.65,0.0371,1185.38,0
76,16,0,1024.01,0.0653,625.3,0
76,13,0,1282.46,0.0201,687.09,0
40,18,0,1072.52,0.0603,421.8,0
66,15,0,755.35,0.1144,527.63,0
55,19,0,1306.73,0.0471,858.31,0
47,3,0,884.36,0.095,620.67,1
26,5,0,1345.29,0.0491,982.2,0
41,4,0,733.24,0.0221,425.05,0
58,1,0,1251.3,0.1112,735.58,0
79,15,0,728.78,0.0884,497.36,0
18,13,0,1402.16,0.1238,613.61,0
62,1,0,1081.99,0.1018,562.65,0
70,3,1,1203.06,0.1226,847.66,0
76,3,1,1687.95,0.0232,1447.2,0
44,8,1,1253.53,0.0922,802.49,0
25,9,0,1233.26,0.0551,596.8,1
34,5,0,1140.42,0.112,583.8,1
70,18,0,1352.22,0.087,828.84,0
72,4,1,1662.88,0.0081,1169.55,0
57,11,0,1450.69,0.08,605.62,1
25,8,0,1060.0,0.1116,460.32,1
25,7,3,2012.71,0.0394,2116.03,1
47,16,1,1075.09,0.0982,793.03,0
54,19,0,977.26,0.1261,548.33,0
20,0,0,1161.66,0.0098,589.97,0
60,9,0,1514.04,0.0867,988.98,0
51,2,1,998.95,0.1331,766.8,0
18,8,0,1467.45,0.019,875.56,0
23,12,1,1333.58,0.0404,1023.96,0
46,8,0,1069.88,0.0939,821.71,1
62,6,0,1529.34,0.0878,695.3,0
69,6,1,1109.2,0.119,726.99,0
44,5,0,1885.7,0.0944,983.77,1
36,6,0,1147.01,0.0864,823.08,0
78,7,1,1394.95,0.0678,922.96,0
46,13,0,1662.87,0.0117,791.88,0
37,1,2,1552.78,0.0887,1319.59,0
45,0,0,1556.66,0.0235,886.97,0
18,10,0,614.05,0.1494,435.27,0
36,13,1,1217.22,0.0118,804.41,0
49,5,2,1619.02,0.0114,1224.79,1
74,4,0,1524.43,0.1181,709.11,0
63,12,1,1580.91,0.0152,1052.19,0
66,7,1,1552.81,0.0608,1848.78,0
51,14,1,1668.32,0.1391,1284.06,0
24,2,1,1492.51,0.1182,1199.42,0
42,2,0,557.04,0.0349,310.81,0
79,11,0,1632.66,0.0377,936.4,0
20,7,1,1098.7,0.0888,916.82,0
72,14,0,1294.09,0.073,808.11,0
60,10,0,1254.3,0.0175,750.52,0
35,7,0,1214.2,0.0238,679.71,0
66,3,0,868.19,0.1204,451.49,1
69,3,1,768.39,0.0517,596.39,1
20,15,0,899.29,0.1199,510.26,0
24,4,1,1597.87,0.0285,1745.34,0
59,10,0,766.01,0.0899,527.38,0
79,16,0,935.92,0.0758,456.36,0
19,17,0,1325.41,0.049,585.33,0
59,5,0,891.77,0.0913,459.51,1
26,2,0,1037.09,0.0187,465.97,0
58,15,0,1224.55,0.1285,623.45,0
56,13,0,1284.79,0.1115,590.54,0
23,6,0,885.83,0.043,463.0,0
60,11,0,1242.28,0.087,650.85,0
73,3,0,1319.66,0.1353,758.37,0
71,14,0,818.04,0.0633,437.97,0
19,14,0,1264.45,0.0545,589.07,0
33,5,1,1135.03,0.1198,1031.86,0
32,9,0,1237.17,0.0002,748.28,0
46,6,0,1416.92,0.103,709.07,0
26,0,0,1147.12,0.0324,536.14,1
70,2,0,1474.02,0.1041,613.33,0
66,19,0,1437.24,0.0657,589.33,0
68,9,0,1472.35,0.003,1013.04,0
30,2,1,1470.93,0.1311,1266.02,1
18,0,0,1530.23,0.082,759.7,1
74,7,1,1465.53,0.047,1373.25,0
35,19,0,699.82,0.1055,441.77,0
58,7,0,962.38,0.0744,559.29,0
74,19,0,1136.62,0.0052,753.56,0
20,9,1,1323.83,0.0975,1068.17,0
18,15,0,1307.32,0.1454,752.25,0
18,15,1,1107.91,0.0333,752.91,0
27,0,0,1802.61,0.1294,984.52,0
21,0,0,1169.26,0.0931,473.02,1
68,18,0,1197.69,0.0117,569.41,0
55,18,0,998.78,0.1095,798.85,0
78,2,0,898.99,0.0662,425.13,0
67,12,0,1162.11,0.1191,447.85,0
77,18,1,1358.27,0.0954,1160.36,0
32,19,1,1323.93,0.0004,992.09,0
35,5,1,1846.55,0.0189,1399.37,0
70,16,1,1312.11,0.0529,906.52,0
33,12,0,1174.22,0.0723,786.12,0
21,18,0,1444.59,0.1398,1094.57,1
59,2,1,1298.68,0.1233,834.26,0
67,12,0,1361.8,0.1202,862.42,0
78,0,1,966.29,0.0809,861.68,0
75,7,0,818.66,0.0139,406.96,0
25,0,0,1236.62,0.1119,933.23,0
65,8,1,1280.51,0.013,1141.13,0
70,16,0,957.29,0.0137,416.68,0
61,13,0,1236.56,0.0383,949.26,0
68,6,0,1262.73,0.1384,555.42,0
69,8,0,987.03,0.1125,480.01,1
45,7,0,1044.36,0.0115,668.14,0
20,14,1,1414.98,0.1378,1242.51,0
46,5,0,893.68,0.1175,508.61,1
30,1,0,1018.79,0.0905,501.2,0
25,10,0,1360.18,0.019,720.51,0
25,16,0,1192.85,0.048,617.09,0
61,9,0,1056.84,0.0451,697.77,0
49,4,0,929.08,0.096,478.01,0
51,0,0,896.04,0.0882,438.88,1
64,18,0,1160.47,0.0416,481.9,0
51,15,1,1957.74,0.0467,1239.45,0
57,3,0,1369.74,0.0778,746.43,0
23,1,0,800.14,0.1268,356.14,0
70,2,0,1412.16,0.0189,555.87,0
45,7,0,972.33,0.1089,660.03,0
27,16,1,1348.54,0.1494,787.15,0
68,3,0,1023.34,0.1125,439.47,0
63,16,0,1806.83,0.0662,1380.0,0
21,0,0,859.77,0.1098,568.51,1
29,14,1,1444.08,0.1291,1264.02,0
18,5,0,994.4,0.1153,613.87,0
34,19,0,1421.65,0.0019,1031.17,0
24,9,0,1288.04,0.0197,857.62,1
62,5,0,1576.37,0.0161,821.06,0
50,4,0,1415.44,0.0048,638.29,0
78,16,0,991.94,0.1072,428.22,0
64,8,0,2074.86,0.0401,1125.87,0
55,7,0,1366.63,0.1083,611.99,0
49,14,0,1034.8,0.0999,492.27,1
21,10,0,1261.66,0.0785,682.89,0
22,13,1,1539.25,0.009,1451.5,0
56,8,2,1677.84,0.0458,1076.62,0
18,1,0,1348.81,0.0041,757.12,0
20,0,1,1639.94,0.1365,910.37,1
31,0,0,1460.45,0.0463,729.12,1
72,11,0,945.73,0.0142,635.58,0
46,10,0,1832.42,0.0004,862.93,0
61,14,1,1940.67,0.0917,1312.7,0
43,17,1,1590.29,0.0931,1166.31,0
28,3,0,1211.61,0.1492,777.86,0
41,19,0,1216.77,0.0433,608.49,0
23,18,3,1552.87,0.007,2044.19,0
65,12,0,1141.68,0.1169,582.79,0
29,10,0,543.96,0.0457,334.4,1
41,3,1,1809.08,0.0496,1241.8,0
78,3,0,1553.24,0.1362,1005.14,0
54,0,0,696.99,0.0863,583.4,0
46,12,0,1467.0,0.0601,774.38,1
51,8,0,1197.69,0.1426,666.17,0
66,3,0,1140.29,0.0398,583.61,0
33,2,0,1347.85,0.0032,668.93,0
57,1,0,677.16,0.0346,328.54,1
72,12,0,1196.63,0.0066,665.23,0
53,13,0,1223.84,0.0612,584.62,0
45,12,1,1374.13,0.1247,843.85,0
26,2,0,789.75,0.1463,233.98,1
33,0,0,1334.07,0.105,981.99,1
76,2,0,1517.94,0.1389,1176.71,0
51,15,1,1472.2,0.0613,1195.11,0
36,14,0,1131.24,0.0454,530.01,0
43,5,1,2156.71,0.0231,1194.36,0
53,1,2,1222.63,0.0751,776.11,0
51,6,1,1582.04,0.049,1281.81,0
61,16,0,1272.98,0.0161,914.87,0
33,2,0,1803.69,0.1398,1040.45,0
58,15,0,1316.02,0.0186,871.78,0
45,9,0,1380.35,0.111,841.9,0
76,2,0,1351.72,0.0102,646.49,0
27,18,0,882.5,0.0791,602.6,0
27,10,0,939.34,0.1012,633.27,1
46,13,0,1117.3,0.0352,511.41,0
49,1,0,1487.21,0.0113,975.24,1
60,7,0,1269.93,0.089,688.01,0
43,12,0,1137.98,0.0904,602.71,0
74,12,1,1761.66,0.0468,1358.12,0
47,1,1,755.27,0.0564,578.68,0
26,12,0,811.25,0.0068,540.73,0
25,18,1,601.02,0.0444,361.58,0
78,15,0,1562.49,0.1324,976.29,0
26,4,0,1170.98,0.0257,518.12,0
76,18,0,1489.89,0.0702,802.16,1
35,13,0,1167.22,0.1015,636.87,0
23,1,0,1506.96,0.1204,1020.92,1
36,2,0,1161.97,0.0122,649.58,1
56,18,1,1472.97,0.0888,996.64,1
44,4,0,1279.05,0.0941,949.24,0
66,1,1,1451.31,0.0296,949.7,0
55,9,1,1855.42,0.0046,1203.95,0
42,10,0,712.67,0.1267,273.23,0
57,11,1,1329.48,0.066,907.68,0
78,13,1,1409.4,0.0091,832.73,0
43,19,1,1364.49,0.0867,925.3,0
27,15,0,1080.63,0.0565,632.64,1
43,0,0,1039.59,0.012,466.92,0
70,1,1,1809.0,0.0431,1094.07,0
31,0,0,1178.78,0.049,477.68,0
76,7,1,2081.38,0.0862,1340.17,0
54,7,0,1358.48,0.0605,627.55,0
55,18,0,1113.1,0.016,953.7,0
37,7,0,1365.8,0.0953,1029.58,0
75,0,0,1232.68,0.1093,899.57,1
20,17,0,1602.6,0.0761,690.23,0
36,5,0,849.68,0.0095,457.6,0
43,18,0,659.64,0.0155,289.36,0
47,15,0,1308.29,0.1417,1055.37,1
47,17,0,1450.71,0.0284,955.88,0
27,16,1,1435.77,0.0461,829.37,0
31,2,0,1401.74,0.1031,842.16,0
23,12,0,1357.63,0.1188,563.17,0
53,8,0,755.88,0.1367,410.42,0
39,12,1,1434.37,0.0593,987.42,0
53,14,1,1745.03,0.1488,1442.57,1
54,10,1,1401.53,0.0156,1217.57,0
61,6,0,807.01,0.124,452.15,0
51,18,2,1399.84,0.0408,1161.83,0
58,13,0,1367.03,0.1406,399.39,0
54,17,0,1738.69,0.1304,1325.99,0
58,4,0,613.1,0.1143,299.95,0
56,16,0,1308.37,0.0906,745.14,0
37,6,1,1070.34,0.0322,1199.04,1
33,9,0,1352.32,0.0693,594.29,0
66,17,0,1376.35,0.0052,771.28,0
39,7,0,1130.06,0.1064,696.45,0
52,5,0,1389.48,0.0174,964.66,0
30,18,1,1691.97,0.0387,1206.67,0
44,19,2,1450.63,0.0368,1592.89,0
50,6,0,798.85,0.1182,410.2,0
56,6,2,1927.67,0.0601,1865.36,0
50,4,0,1448.61,0.0802,878.09,0
40,0,0,1369.13,0.0313,750.18,1
77,11,0,992.71,0.0501,590.96,0
49,5,0,1495.63,0.0768,700.64,0
68,16,1,1962.73,0.0291,1318.29,0
63,3,0,1163.61,0.1035,501.95,0
52,12,0,1228.35,0.0674,627.48,0
72,10,1,1030.44,0.1475,922.52,0
25,12,0,984.14,0.037,597.32,0
75,2,1,1027.63,0.0594,779.24,0
70,9,0,1239.25,0.1387,502.25,0
49,12,0,1097.77,0.1329,653.05,0
63,6,0,1311.84,0.0726,722.87,0
50,17,0,932.43,0.0185,579.34,1
34,10,1,1299.73,0.0613,1222.05,0
67,7,0,913.94,0.0881,469.93,1
33,0,0,1256.27,0.0381,658.12,0
37,3,0,710.3,0.0287,476.24,0
50,9,0,1245.47,0.0797,615.96,0
69,8,0,1116.38,0.0264,633.92,0
41,17,0,1254.29,0.1312,469.47,0
48,15,1,854.32,0.0111,572.73,0
20,3,1,1546.41,0.1481,1431.42,1
25,11,2,1410.38,0.0807,1309.16,1
21,9,0,1265.13,0.1475,845.07,1
22,2,1,788.98,0.1127,681.11,1
71,13,0,827.18,0.0229,604.55,0
70,10,0,1082.95,0.0341,563.75,0
68,1,1,1762.65,0.016,1517.4,0
21,9,0,1358.18,0.1094,1188.0,0
22,14,0,1238.96,0.0253,687.71,0
35,6,0,922.71,0.1072,395.43,0
53,7,0,868.12,0.1289,430.07,0
38,2,1,1433.0,0.0618,1122.06,0
48,4,0,1410.21,0.0992,564.4,1
28,19,0,1262.69,0.1343,604.97,0
63,12,1,1862.87,0.113,1243.45,0
37,3,0,995.26,0.0196,567.69,0
22,9,0,1253.81,0.0439,1002.09,0
64,3,0,692.05,0.0803,443.11,0
73,8,0,1263.31,0.0396,564.15,0
18,2,0,1640.81,0.0759,1984.4,0
45,12,0,887.55,0.1429,493.62,1
69,11,0,1452.64,0.068,579.21,0
61,12,2,1932.31,0.0393,1362.71,0
71,8,0,993.09,0.022,450.76,0
43,5,0,1340.08,0.1352,571.06,0
41,4,0,1673.89,0.0345,1034.94,1
61,4,1,1419.14,0.029,593.57,0
27,8,0,1436.01,0.0827,975.23,0
32,9,2,967.82,0.0693,988.67,1
55,13,1,1529.14,0.0578,995.15,0
59,1,0,1355.17,0.0868,908.17,0
25,5,0,802.14,0.0854,359.72,0
49,17,0,910.7,0.0103,429.38,1
40,18,1,1531.2,0.0622,1218.58,0
49,18,0,1109.19,0.1081,593.53,0
77,6,1,1683.58,0.0573,1059.32,0
22,2,0,1293.22,0.1496,705.42,1
79,3,0,1216.94,0.0353,883.99,0
45,2,0,1148.87,0.0745,828.1,0
65,19,0,1287.8,0.1011,782.52,0
44,17,0,1440.88,0.0822,748.84,0
37,16,1,1510.16,0.0059,1195.09,0
65,14,0,1073.1,0.077,503.92,0
60,6,0,1571.83,0.145,1108.09,0
26,9,1,1547.31,0.061,1334.2,1
61,16,0,1315.57,0.0174,1080.25,0
64,16,1,1377.51,0.0032,836.58,0
42,10,0,1350.01,0.0618,625.91,0
75,16,0,650.5,0.0278,405.29,0
57,6,0,1272.39,0.1252,672.16,0
38,8,1,1842.05,0.1428,1603.95,0
18,16,0,1266.0,0.1411,919.44,0
59,7,0,1225.04,0.0562,960.92,0
30,15,0,1021.23,0.0682,576.54,1
64,9,0,1347.82,0.0473,896.88,0
50,5,1,1291.48,0.0194,830.38,0
46,4,2,1892.79,0.0839,1715.89,0
28,12,1,1090.91,0.0279,769.55,0
62,9,0,1064.31,0.0089,581.34,0
28,7,0,1019.74,0.1274,819.5,0
43,14,0,1750.37,0.1198,746.78,0
69,0,0,1143.07,0.1389,637.2,0
75,1,1,1185.58,0.0491,854.46,0
79,19,0,572.82,0.1306,363.52,0
77,13,0,926.59,0.0598,415.17,0
52,10,0,1358.37,0.0109,713.97,1
30,0,1,1507.16,0.0687,953.9,0
70,11,1,1154.64,0.0831,524.73,0
67,8,0,1021.3,0.0648,719.05,0
79,11,1,1907.96,0.1178,1013.87,0
58,0,1,2158.91,0.0528,1117.04,1
26,11,0,1544.93,0.1382,1041.96,0
49,11,0,1667.78,0.0111,870.34,0
45,5,0,1731.43,0.1081,909.82,0
70,1,0,1864.37,0.1393,983.42,0
42,19,1,1259.42,0.083,1113.21,0
38,14,0,936.52,0.1318,467.97,0
22,12,1,1900.05,0.1038,1525.95,0
69,15,0,910.71,0.0022,404.48,0
64,13,2,1191.42,0.1007,1104.72,0
20,2,1,1048.31,0.0985,895.34,1
44,9,0,1160.58,0.0,857.74,0
47,17,0,604.69,0.0614,247.52,0
47,5,0,770.07,0.0058,404.94,0
74,19,0,1013.3,0.0439,778.4,0
27,1,0,841.22,0.148,564.44,0
36,6,1,1668.72,0.141,1143.37,1
29,7,0,1201.99,0.1027,671.22,1
33,12,2,1673.11,0.055,1541.14,0
74,3,2,1640.26,0.0595,1321.4,1
76,4,0,1137.97,0.0057,708.42,0
20,13,0,1496.44,0.0507,921.08,0
57,5,0,1335.64,0.1177,596.34,0
32,17,0,1104.48,0.0779,558.79,1
29,17,0,694.83,0.0715,354.06,0
36,6,1,1506.2,0.0137,1020.42,0
30,11,0,821.61,0.1379,483.88,0
48,6,2,1614.08,0.0425,1452.51,0
79,6,0,1223.67,0.0574,591.26,0
54,13,0,791.89,0.0496,577.72,0
62,5,0,1277.52,0.0493,713.58,0
48,2,0,1257.4,0.0899,940.23,0
18,5,0,1258.48,0.0941,936.64,0
23,18,1,1394.1,0.0898,804.23,0
34,5,0,1004.28,0.0103,508.04,0
33,7,0,1377.48,0.1454,707.09,0
70,12,0,993.7,0.1071,590.34,0
70,2,0,877.62,0.1324,566.29,0
70,5,1,1552.39,0.024,1139.86,0
57,3,1,1630.93,0.1398,1041.53,0
52,18,0,1381.86,0.1083,1072.89,0
58,18,1,1287.84,0.0751,841.14,0
43,15,0,618.16,0.0035,400.1,1
59,4,0,1644.51,0.038,910.84,1
67,12,0,613.47,0.1258,337.88,0
65,13,0,1375.82,0.0569,878.45,0
56,17,0,1833.07,0.1017,1392.63,0
21,3,0,1244.84,0.1096,738.31,0
62,14,0,1287.37,0.1163,651.45,0
40,3,0,1313.8,0.0574,985.65,0
64,11,1,1409.45,0.1365,1109.26,0
51,17,0,1905.18,0.0438,1099.94,0
72,1,0,947.05,0.1254,649.04,0
38,2,0,909.38,0.0637,541.21,0
75,16,0,1101.75,0.0351,1004.91,0
70,0,0,1722.25,0.0515,961.37,0
38,13,1,1176.94,0.1199,1056.09,1
47,10,0,1329.09,0.0922,810.18,0
50,6,1,1671.3,0.0205,1300.91,0
65,17,0,1433.7,0.0186,744.12,0
60,16,0,1505.42,0.1031,782.12,0
70,6,1,1775.4,0.0359,1398.05,0
40,0,1,1442.47,0.0313,864.53,0
49,2,0,1062.89,0.1124,528.6,0
44,2,0,1244.17,0.0484,696.37,0
74,19,0,1098.28,0.0102,785.39,0
36,11,0,1956.47,0.0637,1109.44,1
54,13,0,1040.2,0.0854,587.99,0
25,4,1,1494.94,0.0902,862.51,1
70,17,2,1049.74,0.0088,1279.05,0
41,14,0,1239.85,0.068,863.31,0
39,15,0,1113.87,0.0539,793.25,0
54,9,0,1402.71,0.0673,585.36,0
48,13,0,1410.53,0.0063,844.41,0
70,10,0,1625.1,0.0443,751.65,0
50,7,0,1601.27,0.0965,1042.61,0
50,11,0,1180.11,0.0189,702.26,0
24,6,0,916.68,0.1439,567.44,0
19,19,1,1101.87,0.1491,680.73,0
42,14,0,1290.82,0.0541,585.03,0
79,14,0,1247.34,0.1021,612.3,0
74,14,0,1277.38,0.0953,758.04,0
56,8,0,1039.47,0.0251,552.59,0
57,19,0,1631.17,0.0582,957.46,0
42,4,0,758.19,0.1471,344.72,1
29,11,0,1022.86,0.0192,570.01,0
18,1,0,876.87,0.0863,646.77,0
39,5,2,1437.31,0.0899,1333.33,0
37,11,0,1573.97,0.0251,950.46,0
29,9,0,1113.67,0.0803,673.58,0
34,18,1,1380.44,0.1376,888.47,0
19,12,1,1549.27,0.0173,1530.9,0
55,8,0,1099.41,0.0285,658.88,0
75,8,0,1314.79,0.0383,760.12,0
60,12,0,1275.23,0.1126,816.38,0
45,15,0,860.76,0.0866,579.73,0
44,5,0,1060.71,0.0755,461.36,0
37,11,1,1456.38,0.1188,1050.17,0
26,11,0,1584.66,0.1467,1382.66,1
55,0,0,1584.38,0.0294,1231.04,0
53,18,1,1978.65,0.1218,1381.07,0
18,11,0,1345.64,0.0555,868.55,0
43,4,0,1076.01,0.0219,562.45,0
35,12,0,1180.81,0.0385,707.19,0
28,13,3,1615.87,0.0599,1508.25,0
61,18,0,1077.64,0.1349,546.8,0
50,0,0,1314.89,0.0718,651.8,0
57,8,0,1328.85,0.0921,1038.09,1
62,3,0,847.87,0.005,429.77,1
78,11,0,1526.45,0.0096,1070.26,0
67,10,1,798.96,0.1407,522.54,0
56,9,0,1133.26,0.1257,566.93,0
72,19,0,1544.79,0.0734,931.81,0
47,10,1,1532.22,0.0301,842.57,0
79,8,0,1092.91,0.006,696.55,0
65,1,1,1940.65,0.1463,1346.52,0
58,5,0,1067.98,0.0009,533.78,0
74,17,1,749.41,0.0356,458.48,0
49,9,0,1335.82,0.1026,1105.63,0
62,18,0,666.45,0.1407,369.34,1
35,10,0,950.57,0.0176,522.37,0
77,10,0,1386.83,0.1161,921.47,0
56,8,0,1061.74,0.0498,500.67,0
66,11,0,1374.18,0.102,962.06,0
46,1,0,852.57,0.0145,472.35,1
71,1,0,1457.54,0.1297,616.68,0
22,9,0,692.72,0.1061,347.63,0
25,11,0,1595.59,0.1433,715.21,0
49,11,0,1057.39,0.0754,599.68,0
63,8,2,1959.35,0.1332,1451.11,0
68,5,1,1097.85,0.0811,653.34,0
45,14,1,1927.43,0.0769,1456.96,0
58,12,0,912.7,0.0142,513.78,0
52,0,0,661.82,0.1221,470.33,0
77,9,0,1212.93,0.0618,854.37,0
58,14,0,1570.2,0.09,886.99,0
43,15,0,1437.24,0.0976,886.26,0
78,5,0,1548.89,0.1162,652.23,0
24,18,1,1593.16,0.0863,1305.59,0
79,13,0,953.92,0.093,577.86,0
27,8,1,1579.93,0.0781,1363.32,0
35,12,1,1377.85,0.0921,924.04,0
68,17,2,1287.08,0.0666,1052.65,0
63,4,1,1403.81,0.1165,944.28,1
78,3,1,1333.1,0.1216,1266.36,1
64,8,0,1624.8,0.0776,959.42,0
57,1,1,1195.54,0.022,632.0,0
39,16,0,1031.51,0.056,654.75,0
18,19,1,1140.41,0.126,741.15,0
25,12,0,1769.05,0.1375,1226.25,0
36,19,0,1007.19,0.0401,625.95,0
20,1,1,1739.05,0.1412,1589.08,0
49,12,0,890.58,0.0415,611.7,1
66,8,0,1351.99,0.1378,909.97,1
77,5,0,1278.75,0.1403,895.28,0
48,6,0,1570.01,0.0757,1031.17,1
72,10,1,1676.51,0.1426,1040.47,0
79,12,0,1224.57,0.0824,543.61,0
71,3,0,1038.88,0.0568,491.0,0
46,12,0,1687.49,0.1215,1089.79,0
38,18,0,1008.92,0.0163,360.89,0
78,0,0,519.68,0.0325,289.09,0
32,17,0,642.43,0.032,339.91,1
43,12,0,715.48,0.0933,509.96,0
22,6,1,1528.71,0.1063,1064.72,0
67,14,0,1864.34,0.1256,966.39,0
58,12,1,738.01,0.135,684.64,0
23,15,0,965.23,0.1313,528.79,0
31,1,0,1226.71,0.1023,650.67,0
52,1,0,1663.65,0.1372,841.79,0
51,12,0,963.62,0.0413,569.31,0
67,6,0,1377.24,0.1088,719.2,1
34,4,0,1124.97,0.0115,587.89,0
75,8,0,1982.15,0.0188,1478.21,0
45,14,0,1243.36,0.0339,700.61,0
69,3,0,1306.71,0.0154,666.63,0
32,19,0,1225.28,0.1448,560.32,0
20,8,1,1225.59,0.0699,909.24,0
21,3,0,1484.96,0.136,740.85,0
41,1,0,852.29,0.0715,441.8,0
77,17,1,749.41,0.105,450.66,0
21,2,0,1154.94,0.0483,670.34,0
40,8,0,1444.67,0.1426,621.15,1
24,13,0,1025.77,0.0052,621.48,0
75,10,1,1405.95,0.1046,898.66,0
59,5,1,983.79,0.1426,809.54,0
65,2,0,1518.8,0.1182,933.87,0
62,14,0,1395.57,0.1241,795.1,0
58,9,0,1205.92,0.0449,796.98,0
65,0,1,1400.62,0.0678,1363.47,0
18,3,0,781.93,0.0204,562.32,0
71,11,0,795.33,0.0565,341.45,0
63,3,0,1163.4,0.0013,575.15,0
63,7,1,1504.12,0.1168,973.7,0
42,2,1,1519.31,0.143,1230.85,1
67,15,1,1241.12,0.1051,797.16,0
41,12,0,1423.61,0.1215,710.0,0
21,15,0,1626.24,0.077,783.52,0
74,1,0,1173.4,0.0288,695.09,0
32,7,2,1592.9,0.1081,1569.77,0
24,5,2,1437.64,0.0449,979.33,0
56,12,1,1312.11,0.0689,844.1,0
32,16,0,1250.87,0.1351,477.8,0
71,4,0,1710.98,0.0559,591.75,0
45,15,0,1474.58,0.0434,906.57,0
18,11,1,1597.56,0.0048,1213.23,0
77,16,1,1213.88,0.1052,895.86,0
49,1,1,1080.55,0.0323,1058.22,1
34,19,0,1316.86,0.0959,525.56,0
59,8,0,1573.12,0.055,579.06,0
50,5,0,1717.02,0.1182,765.31,1
19,3,0,464.21,0.1335,169.53,0
65,19,0,1933.92,0.0354,954.55,0
42,17,0,1325.1,0.1188,830.82,1
61,2,0,1472.68,0.0229,871.97,0
73,8,0,678.02,0.0211,464.65,0
55,14,0,1128.93,0.0643,678.43,1
59,11,1,1596.85,0.0487,1050.17,0
33,3,1,997.58,0.1481,640.25,0
32,7,0,400.0,0.1206,243.61,0
43,7,2,1600.65,0.1335,1023.08,1
70,5,0,1185.07,0.0204,350.24,0
50,19,0,1632.4,0.1071,984.82,0
39,4,0,1152.02,0.0906,673.67,0
66,14,1,1323.98,0.0149,1292.05,0
70,18,0,1409.3,0.119,903.92,0
73,15,0,1510.06,0.1281,896.36,0
36,15,0,987.38,0.1371,517.62,1
61,3,0,1483.35,0.141,703.76,0
54,2,0,1043.48,0.0162,550.52,0
45,15,1,1354.96,0.1323,1169.44,0
42,14,0,1401.23,0.1418,857.86,0
25,14,0,1453.54,0.1036,977.7,0
35,8,0,1295.49,0.0276,738.48,1
52,10,0,875.83,0.0601,408.24,0
72,0,0,638.92,0.0135,449.66,1
71,5,3,1593.61,0.0006,2019.32,0
29,10,0,1491.39,0.138,863.65,1
60,2,0,1334.91,0.1459,832.49,1
23,2,0,1272.61,0.1379,784.95,0
59,0,1,1347.89,0.0381,875.1,0
39,4,0,1292.73,0.0932,684.78,1
45,19,0,901.77,0.075,419.49,0
62,13,0,1434.06,0.0744,759.08,0
44,18,1,1603.89,0.0643,1405.41,0
68,5,0,1093.42,0.1412,721.9,0
51,11,0,1331.1,0.1186,830.52,0
79,17,1,835.04,0.127,721.29,0
57,7,0,1254.01,0.0052,650.44,0
36,13,0,1160.06,0.0618,511.92,0
66,13,0,1577.77,0.0897,853.2,0
43,16,1,1290.41,0.0988,905.88,0
51,19,1,1610.6,0.1342,1314.53,0
26,12,0,1082.65,0.0251,669.18,0
25,11,1,664.17,0.0135,579.62,0
53,17,1,1282.34,0.134,611.05,0
29,13,0,1259.03,0.076,598.9,0
79,7,0,1245.25,0.0809,682.27,0
71,12,0,1249.79,0.1335,767.55,0
61,10,1,1198.06,0.1125,1298.63,0
63,4,0,1102.88,0.1096,506.14,1
54,10,0,862.1,0.0279,417.38,0
21,12,0,601.02,0.0932,308.14,1
42,18,0,1168.06,0.0675,561.49,0
48,11,1,1126.44,0.0917,672.43,1
74,3,0,1523.95,0.0864,858.21,0
31,19,0,545.4,0.0039,370.5,0
48,11,0,1287.31,0.0516,735.67,0
39,5,0,1836.45,0.0687,862.86,0
26,15,1,1295.15,0.075,887.9,0
24,7,1,1349.18,0.0149,781.54,1
40,7,0,1327.9,0.1348,901.95,0
23,16,3,1801.36,0.0501,2473.2,0
22,17,2,1377.45,0.0734,869.05,0
39,10,0,897.51,0.0996,524.28,0
30,7,1,1545.82,0.1079,943.31,0
52,17,1,777.58,0.0567,561.43,0
19,3,1,1599.67,0.0194,1121.21,0
36,14,0,1082.46,0.0311,461.92,0
46,11,0,1200.93,0.0248,853.39,0
77,17,0,1042.32,0.0366,564.23,0
57,8,1,1779.26,0.0905,1154.79,0
72,16,1,1424.7,0.0804,1039.72,0
39,0,0,1103.48,0.0253,517.34,0
45,15,0,1095.03,0.1022,588.99,0
44,1,0,1155.55,0.0096,446.51,1
73,12,1,2069.08,0.1364,920.73,0
77,3,2,1104.87,0.0849,789.9,0
77,19,1,1674.86,0.0886,1073.56,0
64,15,0,1370.43,0.0429,538.12,0
49,2,0,1661.94,0.0767,839.54,0
51,17,0,1388.72,0.0639,696.45,0
78,5,0,1201.01,0.1426,661.96,0
35,10,0,1506.01,0.0114,950.18,0
39,1,0,1268.93,0.0688,997.2,1
73,2,0,1426.49,0.1187,867.16,0
41,4,0,1628.47,0.0817,746.34,0
32,10,0,1227.76,0.0848,782.78,0
52,10,1,1222.68,0.1367,1153.61,0
38,17,0,1006.86,0.0564,449.05,0
73,3,2,1635.16,0.0003,1147.12,0
74,14,1,1086.55,0.1389,583.05,0
36,0,1,1245.06,0.005,792.95,0
50,5,0,909.73,0.1196,546.97,1
79,3,0,1352.5,0.0209,1015.32,0
64,2,1,1124.35,0.0031,958.17,0
31,11,0,813.98,0.0532,490.61,1
54,18,0,866.77,0.1296,488.1,0
56,13,1,1178.67,0.0055,908.84,0
58,17,0,1055.91,0.0394,644.74,0
19,11,0,1275.44,0.0419,923.61,0
36,1,1,1301.51,0.0142,924.11,1
70,6,1,1461.09,0.0139,1097.75,0
32,16,0,1335.18,0.1362,686.58,0
36,0,0,1422.15,0.1043,811.76,0
37,1,0,627.65,0.0467,332.73,0
28,16,0,861.83,0.0357,379.08,0
27,1,0,1366.47,0.0064,908.0,0
39,19,1,1413.42,0.0538,1357.15,0
72,15,0,1493.08,0.0452,826.93,0
18,13,0,736.79,0.1376,439.36,1
35,10,0,1057.45,0.0331,701.03,0
21,1,0,1111.09,0.0608,602.47,1
52,8,0,1249.97,0.1023,724.44,0
33,16,0,1210.76,0.0482,646.91,1
67,18,0,1340.72,0.1173,670.26,0
54,8,1,1315.6,0.1089,1041.16,0
66,16,1,1761.7,0.0053,1391.68,0
57,15,1,1857.36,0.1284,1592.64,0
45,1,0,864.63,0.0546,482.14,0
71,12,1,1363.53,0.0144,764.78,0
47,12,0,1439.4,0.1048,1002.37,0
76,10,1,1525.6,0.1121,939.14,1
79,15,0,1077.65,0.0107,517.38,0
54,17,0,1276.46,0.0531,640.38,0
59,11,0,724.96,0.1343,285.43,1
33,6,1,1344.26,0.1004,917.64,0
68,19,0,761.91,0.0801,481.21,0
59,19,0,1352.39,0.0756,691.94,0
73,13,2,1165.21,0.0913,1321.78,0
34,12,1,1398.91,0.098,1287.45,0
66,2,1,1445.76,0.0103,1231.48,0
47,8,0,1222.76,0.0501,463.35,0
29,3,0,1010.41,0.079,751.04,0
28,10,2,1436.89,0.1096,1189.44,0
52,16,0,1554.32,0.1114,1213.28,1
37,4,0,1072.62,0.0908,530.41,0
24,19,0,1206.43,0.088,654.63,0
44,2,0,1032.96,0.0552,586.82,0
58,1,0,1506.13,0.1252,697.45,0
37,19,0,1223.35,0.1375,493.67,0
77,2,0,970.81,0.1269,335.36,0
66,14,1,1352.14,0.1308,1740.16,0
49,15,0,1127.69,0.1363,450.7,0
75,6,0,1617.77,0.0303,648.36,0
44,1,0,1186.59,0.0771,742.37,0
26,6,0,785.18,0.0802,329.56,0
20,1,1,1499.59,0.0728,774.92,1
76,13,0,1735.83,0.1273,545.1,0
77,17,1,1709.08,0.0488,1292.04,0
63,19,0,869.12,0.0242,391.53,0
24,16,1,1269.38,0.0411,1029.36,0
36,15,0,1190.8,0.0215,654.47,0
20,17,2,1494.44,0.0607,1319.55,0
21,15,0,1314.29,0.0175,669.79,0
33,13,1,1246.77,0.0131,841.24,0
53,19,0,925.31,0.0677,431.72,0
22,6,0,1485.54,0.0902,706.36,0
79,8,1,1012.93,0.0911,580.17,0
46,18,0,959.37,0.0138,724.64,0
34,6,0,861.07,0.1457,443.88,0
49,5,0,1383.66,0.0183,490.84,0
66,3,1,1381.94,0.0991,1037.66,1
37,5,0,1465.05,0.1333,696.1,0
20,11,1,1114.44,0.1327,787.56,0
21,17,0,824.1,0.0768,435.71,0
70,2,0,1066.83,0.0416,801.98,0
24,13,1,1295.25,0.1242,855.31,0
57,15,1,1412.73,0.0919,1185.86,0
41,17,0,695.28,0.1187,447.21,0
66,15,0,1343.62,0.06,570.44,0
21,3,1,1081.73,0.137,800.78,1
73,9,0,1005.78,0.1394,482.25,0
61,19,1,1702.11,0.1106,953.0,0
45,18,0,545.04,0.1414,239.01,0
30,12,0,1296.75,0.068,852.76,0
78,19,0,1295.62,0.0292,1226.54,0
36,13,1,1104.36,0.0984,670.27,0
48,1,1,1215.9,0.098,905.16,0
42,18,0,1566.31,0.0737,929.98,0
32,3,2,2088.88,0.0391,1630.79,0
43,7,1,1669.42,0.0937,1577.31,0
27,4,1,1915.76,0.0271,2119.6,1
18,14,0,992.6,0.113,491.47,0
35,0,0,725.97,0.136,573.06,0
24,12,0,1184.21,0.025,592.35,0
43,17,0,1441.46,0.123,662.46,0
71,15,0,643.57,0.0298,349.24,0
28,6,0,922.06,0.0751,612.17,1
18,17,0,955.38,0.1394,522.1,0
24,7,0,1306.97,0.0124,845.25,0
49,13,0,1268.29,0.0135,740.51,0
35,10,0,967.45,0.1438,707.57,1
48,1,0,1253.94,0.0238,778.04,0
19,0,1,1006.56,0.0513,974.7,1
38,3,0,1072.07,0.0688,503.93,1
43,18,0,820.56,0.001,439.62,0
44,19,0,1154.93,0.0282,644.25,0
52,8,0,959.85,0.1243,451.51,0
66,19,0,1407.11,0.0778,641.93,0
46,0,0,1192.14,0.0591,718.04,0
70,19,1,1281.98,0.1023,1044.13,0
50,4,0,1730.44,0.0487,987.58,0
34,0,0,1314.99,0.0658,906.86,1
32,15,0,1089.55,0.1491,487.58,0
37,7,0,1024.88,0.1161,528.86,0
55,5,1,995.65,0.0831,560.68,1
33,15,0,1180.23,0.079,677.19,0
74,6,0,1292.28,0.1266,795.0,0
47,15,0,625.69,0.0901,456.61,0
71,3,1,940.8,0.0509,530.07,0
60,1,0,1045.17,0.0627,628.3,0
38,6,0,870.55,0.0275,647.39,1
32,12,1,1362.98,0.1439,795.38,0
64,4,3,1704.65,0.0978,1361.86,0
38,2,0,1163.31,0.0598,483.35,1
33,14,0,1365.05,0.054,863.03,0
75,9,1,1174.53,0.136,724.33,0
47,8,0,1186.23,0.054,728.33,0
21,4,0,899.01,0.1135,480.42,0
48,0,2,1585.39,0.1253,1972.79,0
46,1,0,1222.77,0.1365,798.75,0
71,13,1,990.44,0.056,601.31,0
62,1,1,1303.48,0.1148,874.89,0
29,4,0,1188.65,0.049,776.46,0
27,18,1,1434.3,0.1416,825.86,0
55,6,0,1295.44,0.0017,915.66,0
20,14,0,983.64,0.0855,522.08,1
37,6,0,1429.09,0.0765,937.46,0
26,18,1,1506.92,0.1316,1033.11,0
19,16,0,982.63,0.0324,493.77,0
74,9,0,857.19,0.0131,416.87,0
23,13,2,1305.55,0.127,1602.45,0
18,8,1,908.51,0.0525,610.64,0
75,18,1,1412.4,0.0487,1864.77,0
29,7,0,1555.07,0.0158,894.48,0
68,16,1,1776.46,0.138,1068.43,0
19,12,0,873.2,0.0949,354.86,0
27,12,0,1436.04,0.1038,1025.37,0
24,7,1,1375.35,0.1347,943.36,0
61,16,0,481.22,0.1266,316.54,0
56,14,0,1100.28,0.0678,976.89,0
47,16,1,1216.9,0.024,991.83,0
32,16,0,1563.25,0.1008,933.17,0
23,3,0,938.71,0.0976,669.39,0
53,17,1,1518.92,0.0071,1271.95,0
32,16,0,1167.87,0.1349,506.23,0
54,4,1,916.26,0.0503,852.83,0
60,19,0,1034.34,0.0643,571.88,0
70,10,1,1809.49,0.0771,1756.01,0
48,6,0,1147.99,0.1368,708.95,1
18,4,0,1471.76,0.0256,1042.24,1
35,7,2,1755.32,0.0553,1456.69,0
70,0,0,1065.52,0.0752,438.94,0
51,13,0,814.97,0.1488,509.03,0
56,14,0,854.45,0.066,579.65,0
46,13,0,1635.5,0.0598,816.41,0
28,10,0,1245.52,0.1403,667.31,1
73,7,0,679.85,0.0992,243.62,0
65,14,0,1450.19,0.0245,784.46,0
79,17,0,663.94,0.0264,288.5,0
71,1,0,952.16,0.0967,589.21,0
36,7,0,1224.39,0.0701,730.54,0
33,19,0,1956.13,0.0013,1094.84,0
33,17,0,1444.8,0.0673,1050.33,0
74,19,0,1055.28,0.141,617.92,0
52,3,0,1208.49,0.1121,700.94,1
46,9,0,1475.91,0.0838,878.27,0
78,2,1,1776.56,0.0293,1127.32,0
55,17,1,1275.71,0.0503,1109.05,0
74,10,1,1284.41,0.1495,762.43,1
79,4,0,950.99,0.0989,577.47,0
22,1,0,1399.55,0.0414,996.5,0
40,14,0,1507.79,0.1107,685.2,0
63,16,0,618.39,0.0137,263.81,1
68,17,0,1080.96,0.0556,489.5,1
27,19,1,985.97,0.0344,1011.07,0
37,16,1,1395.27,0.1344,880.69,0
51,15,0,828.62,0.1103,363.68,0
67,16,0,803.96,0.0746,482.71,0
25,19,0,1537.06,0.0612,497.44,0
55,9,0,1150.32,0.1288,530.32,1
36,15,2,1482.03,0.0293,1706.87,0
31,16,0,1329.51,0.0112,612.84,0
49,2,1,1641.25,0.1278,1110.74,0
43,13,0,1074.42,0.1285,635.85,1
57,6,0,1081.11,0.0365,639.88,0
37,2,0,1082.38,0.0293,542.95,0
69,3,0,1524.45,0.1082,948.87,0
22,2,1,1329.56,0.0215,1265.95,0
71,17,0,1112.67,0.0933,502.1,0
19,15,1,1467.27,0.1052,949.56,0
63,2,0,1749.38,0.0933,955.84,1
39,12,2,1522.28,0.064,1519.86,1
41,13,0,1119.17,0.1224,628.65,0
19,10,2,2082.9,0.1395,1762.56,0
61,12,0,1598.94,0.1059,654.47,0
28,18,0,1555.45,0.0628,691.95,0
58,10,2,1349.79,0.1494,1217.65,0
62,13,0,1020.05,0.0674,513.6,0
70,11,1,799.75,0.0174,532.51,0
61,7,0,1489.48,0.0274,820.91,0
36,17,0,1223.1,0.0522,1090.16,0
63,8,0,659.73,0.0257,333.27,1
69,15,1,1710.55,0.1167,1609.51,0
37,12,0,1098.79,0.0021,797.38,0
25,13,1,1285.78,0.0609,1076.64,0
73,15,0,746.11,0.1317,351.42,0
27,14,0,1347.66,0.0177,772.91,0
54,11,1,1500.53,0.0864,989.5,0
32,12,0,1185.6,0.1401,989.79,0
25,10,0,1074.53,0.0107,650.91,0
66,6,0,1987.94,0.0525,1062.97,0
26,14,1,988.99,0.0056,1007.67,0
59,17,0,983.57,0.1023,511.47,0
60,14,0,1412.48,0.0626,880.09,0
21,15,0,895.67,0.1421,575.17,0
28,16,0,873.54,0.1037,522.5,0
67,7,1,1689.46,0.0903,1179.22,0
49,1,0,1381.56,0.1365,911.49,0
25,6,0,1345.24,0.0194,661.79,0
79,15,1,1404.55,0.1175,1251.3,0
34,16,1,1142.35,0.1095,769.92,1
18,10,0,1124.2,0.101,819.74,1
75,15,0,1176.28,0.0957,809.14,0
19,1,0,1453.86,0.0187,905.46,0
52,12,2,1627.76,0.1221,1387.64,0
79,13,0,921.65,0.0953,641.18,0
53,10,0,1436.86,0.1157,898.78,1
54,14,0,696.45,0.1314,204.24,0
42,9,2,1403.87,0.0814,1034.72,0
25,10,1,1007.39,0.1435,742.92,1
53,12,0,942.87,0.0164,556.39,0
73,15,0,1777.98,0.0006,1142.84,0
23,4,0,758.8,0.0495,577.16,0
72,6,2,1254.24,0.0325,1224.21,0
43,8,0,1353.12,0.083,497.65,1
51,4,0,1059.0,0.042,614.75,0
28,6,0,1246.67,0.1032,887.13,0
56,7,0,1628.86,0.1418,929.42,0
29,6,1,1546.39,0.1154,1148.36,0
34,8,0,1059.4,0.063,535.51,0
62,10,0,1159.88,0.1478,782.52,0
21,13,0,1359.18,0.1157,706.7,0
45,6,1,1540.5,0.1216,1236.65,0
54,16,0,1206.23,0.0307,733.31,0
26,9,1,1458.18,0.103,1051.02,0
36,14,0,1308.47,0.0106,804.35,1
39,2,0,1172.33,0.0353,681.08,0
59,3,1,1168.43,0.0025,1075.57,0
78,9,1,1572.78,0.1058,1283.92,0
69,7,0,1287.54,0.0031,884.51,0
29,9,1,725.71,0.0674,444.12,0
19,3,0,952.25,0.0973,450.39,0
21,9,0,1055.8,0.0457,596.57,0
54,13,0,1139.66,0.0551,738.77,0
27,14,0,1561.18,0.1302,968.84,0
32,4,0,2160.7,0.1352,1037.47,1
70,6,0,462.35,0.1288,301.58,0
72,10,0,1291.32,0.1125,635.53,0
70,10,0,1220.88,0.0416,779.54,0
33,15,0,1145.85,0.0112,677.1,0
56,7,0,1362.88,0.0733,727.01,0
55,13,0,1244.94,0.1387,624.06,0
29,17,1,1241.57,0.0335,909.14,0
52,5,0,1208.77,0.0314,685.79,0
50,16,0,1366.97,0.1169,618.71,0
42,6,0,1338.44,0.0888,842.42,0
64,6,0,1256.59,0.0606,883.68,0
60,13,1,1174.97,0.1294,995.1,0
51,12,0,2045.74,0.0874,1215.76,0
62,10,1,1457.85,0.138,950.0,1
65,4,2,1728.74,0.0552,1539.75,1
53,1,0,1047.66,0.0666,569.42,0
34,18,0,1256.87,0.0111,718.99,0
65,17,1,1404.48,0.0552,1207.66,0
62,17,1,776.42,0.027,541.76,1
78,10,0,985.0,0.0049,380.61,0
27,17,0,979.46,0.0384,641.31,0
43,9,0,1019.86,0.0736,616.13,1
75,1,0,879.05,0.0371,505.44,0
49,3,1,1363.16,0.0164,768.48,1
76,5,2,1919.21,0.0677,1410.42,0
18,7,0,1239.15,0.0222,599.27,0
20,18,0,845.62,0.0129,419.87,0
67,6,0,890.73,0.144,450.62,0
40,12,3,1536.88,0.0714,1241.29,0
50,5,0,775.32,0.1203,665.28,0
44,12,0,1291.34,0.0256,973.07,0
43,11,1,1755.93,0.0692,1323.34,1
76,3,0,1027.23,0.0135,569.35,0
23,9,0,1222.84,0.0618,983.23,1
65,2,0,1071.31,0.124,827.16,1
73,17,0,1011.11,0.1339,486.59,0
58,14,0,1256.87,0.0779,736.95,0
42,18,2,1301.01,0.043,1088.82,0
27,17,1,1107.48,0.11,748.22,0
60,4,1,864.21,0.0958,596.12,0
47,14,0,1219.38,0.0706,668.86,0
27,2,0,1520.1,0.0713,884.73,0
40,19,0,1412.19,0.074,822.86,0
77,15,0,1647.6,0.0509,1225.76,0
34,13,1,1147.65,0.0778,696.33,1
29,19,0,1455.24,0.0086,985.27,0
60,16,0,869.21,0.0855,391.19,1
30,17,1,1562.78,0.0744,1168.31,0
75,2,0,1693.26,0.0631,1164.08,0
71,0,0,1349.51,0.0486,843.79,0
78,19,0,1698.54,0.0933,889.67,0
74,5,0,1020.38,0.0727,602.74,0
33,8,0,1159.73,0.0151,900.55,0
31,0,0,925.29,0.0562,458.69,0
39,12,1,1360.44,0.0115,1086.37,0
47,16,0,1280.9,0.0569,866.91,0
72,16,0,1207.81,0.0799,623.63,0
63,11,2,1357.76,0.0587,1667.54,0
57,13,0,1052.79,0.0512,889.31,0
72,10,0,1303.55,0.0422,905.29,0
58,8,0,1152.21,0.0573,800.53,0
41,11,1,1004.46,0.0104,506.84,1
43,18,2,930.81,0.1491,620.36,0
50,5,2,1321.35,0.0833,1127.72,1
23,9,0,785.32,0.0954,384.19,0
63,12,0,949.33,0.0275,600.36,0
58,11,0,1073.01,0.1385,338.78,0
63,0,0,1156.17,0.0857,730.23,0
51,5,0,1000.2,0.0622,538.84,0
66,12,0,1857.36,0.107,929.97,0
76,13,0,821.67,0.0457,671.33,0
53,14,0,1562.76,0.1402,819.91,0
45,19,0,1151.23,0.0254,464.91,0
24,13,2,1302.74,0.125,1238.99,0
66,11,0,1376.27,0.145,828.96,0
74,6,1,1214.14,0.0738,836.08,0
61,7,2,1257.91,0.1315,1747.43,0
71,16,0,1736.94,0.0107,1010.81,0
71,9,0,541.66,0.0931,370.26,0
67,14,0,1126.54,0.0534,670.57,0
49,2,0,1257.02,0.0546,904.35,0
24,2,1,1772.41,0.0676,1182.81,0
18,4,0,1080.47,0.0895,487.39,0
30,3,0,1998.3,0.0924,1299.59,0
44,12,0,1427.74,0.0417,845.82,0
64,12,0,489.81,0.0576,320.43,0
46,11,0,763.9,0.0374,376.79,0
19,5,0,1271.08,0.0949,780.76,0
31,11,1,1006.84,0.0153,521.88,0
78,2,0,1364.35,0.0635,691.65,0
79,9,1,1213.88,0.1468,751.73,0
41,3,1,991.19,0.1483,780.41,1
67,1,1,1060.62,0.0777,686.42,1
62,3,0,1455.57,0.0371,617.2,0
75,2,1,743.11,0.0875,472.92,0
73,9,1,1663.58,0.0733,1336.96,0
56,10,0,1522.36,0.0064,872.04,0
42,12,0,1100.58,0.1484,529.1,0
56,8,1,928.67,0.0491,783.15,0
37,3,0,1366.76,0.0599,1043.03,0
39,0,0,1054.09,0.077,705.43,0
55,14,0,745.46,0.1321,262.2,0
53,19,0,1772.74,0.1199,1037.24,0
54,5,1,1084.68,0.0308,751.75,1
41,4,0,758.35,0.1075,281.63,0
43,6,0,1285.52,0.1312,554.15,1
18,4,0,1179.65,0.1071,772.31,0
55,4,1,1795.86,0.0209,1328.89,0
53,9,0,1085.84,0.0808,615.75,1
75,15,1,1239.01,0.1258,775.71,0
49,14,1,1450.57,0.0293,1284.2,0
46,19,0,1259.86,0.0808,549.71,0
22,7,1,1419.01,0.1004,847.13,0
30,9,0,1281.59,0.0953,671.09,1
38,7,0,1249.38,0.016,513.81,0
41,0,0,1075.06,0.0416,502.91,0
40,7,1,1599.8,0.0828,1410.46,0
42,5,0,1092.03,0.0313,514.68,0
65,9,0,1441.31,0.0501,940.19,0
26,3,0,1616.33,0.0623,1024.04,0
38,14,1,1146.74,0.002,790.54,0
28,16,1,2071.35,0.0766,1111.98,0
37,19,0,986.22,0.1492,557.33,0
60,1,0,988.38,0.0612,361.59,0
20,2,0,1362.0,0.0411,683.71,0
39,19,1,1482.47,0.0379,1109.7,1
19,16,0,1221.54,0.0773,811.09,0
77,11,1,1595.48,0.0684,1103.57,0
63,6,0,1275.79,0.1293,630.39,0
33,10,1,1969.72,0.0959,1223.86,0
30,10,1,1334.03,0.0598,866.12,0
24,16,0,943.65,0.0579,596.56,0
47,10,0,1034.49,0.0821,619.11,0
64,0,0,1341.4,0.038,745.21,0
54,13,1,1495.79,0.0634,1209.72,0
72,15,1,1411.94,0.0428,1006.82,0
39,5,0,945.15,0.0773,403.82,0
35,2,0,1532.59,0.082,684.89,0
47,2,0,1781.1,0.127,1120.94,0
30,16,0,1208.77,0.0377,512.43,0
78,8,0,1743.18,0.1357,901.33,0
29,10,1,1609.88,0.0803,1121.94,0
47,19,0,1865.61,0.109,846.64,0
50,1,0,1341.79,0.0918,536.37,0
21,4,1,1390.98,0.1244,784.1,0
47,16,0,1452.72,0.0995,564.45,0
46,10,0,1069.92,0.0017,674.7,0
34,0,0,1322.14,0.0585,798.8,0
25,14,0,1599.21,0.1408,766.58,0
20,2,0,1445.85,0.0677,613.75,0
18,15,0,1190.71,0.1243,838.96,0
47,15,0,1260.12,0.1303,767.88,0
23,16,1,1577.3,0.0499,993.26,0
77,9,0,1417.33,0.1287,1002.81,0
33,5,1,1575.02,0.0566,1154.32,0
58,17,0,1301.83,0.0038,774.12,0
59,11,0,952.64,0.1042,431.58,0
48,12,0,1000.45,0.123,412.22,0
72,2,0,1338.35,0.0677,545.54,0
24,12,0,1449.44,0.026,1226.77,0
32,11,1,1560.58,0.0923,942.96,0
33,5,0,997.43,0.1107,563.87,0
26,15,0,1154.65,0.0982,706.33,0
36,2,0,847.72,0.0534,471.06,0
37,14,0,782.57,0.0552,423.41,0
65,19,0,1224.44,0.0824,659.53,0
36,11,0,1607.45,0.029,987.32,0
72,2,0,1229.94,0.1269,557.44,0
65,11,1,1922.44,0.0153,1255.1,0
73,10,0,1150.77,0.073,405.06,0
24,11,0,1209.37,0.1289,464.91,1
79,5,0,902.7,0.0794,388.54,0
56,12,0,1095.83,0.1141,725.33,0
78,5,0,843.02,0.0359,445.44,1
40,11,0,736.4,0.0668,472.42,0
77,11,2,1148.12,0.107,1076.31,0
54,12,0,1225.58,0.1332,720.39,0
22,15,0,978.99,0.0965,452.28,0
43,17,0,1050.04,0.0364,594.77,0
26,15,1,1472.96,0.0219,1105.06,1
76,15,1,885.36,0.1262,980.3,0
36,17,0,1224.31,0.0831,637.49,0
31,4,0,1454.42,0.0276,939.56,0
52,5,0,1480.37,0.0729,805.83,0
44,10,0,1354.97,0.0189,657.0,0
24,9,0,1184.35,0.0158,786.4,0
68,14,1,1162.88,0.138,1210.39,0
70,0,0,1175.29,0.0817,691.09,0
64,2,0,1696.04,0.0373,825.55,0
56,14,0,1281.92,0.1322,785.42,0
42,16,0,1167.94,0.1498,689.17,1
51,6,1,1519.11,0.1326,1687.34,0
50,6,0,1214.92,0.1121,786.4,0
28,11,0,1267.74,0.1443,586.91,1
23,9,0,1125.98,0.0296,810.74,0
33,3,0,1075.52,0.1317,700.81,1
46,10,1,1648.8,0.0538,1417.44,0
27,16,2,914.9,0.0048,868.03,0
24,14,0,1343.58,0.0049,917.23,0
70,16,2,1356.97,0.0282,1286.36,0
41,12,0,628.44,0.1169,333.28,1
54,17,0,907.62,0.1345,520.23,0
50,4,2,1489.19,0.0192,1262.99,0
63,0,0,1230.44,0.1268,735.1,0
63,2,0,1422.0,0.1133,806.18,0
36,19,1,1592.41,0.0078,1066.15,0
70,12,1,885.99,0.1097,609.18,0
41,4,1,1463.25,0.0058,1042.55,0
69,17,0,1418.56,0.0394,554.34,0
43,6,0,1265.68,0.0796,866.84,0
24,11,1,1500.73,0.1364,1147.13,0
65,4,1,770.24,0.0158,485.96,0
19,1,0,902.94,0.0522,567.08,0
65,5,0,1609.81,0.0865,811.47,0
20,4,2,1416.09,0.111,1110.39,0
30,11,1,2016.93,0.1373,1549.96,1
55,0,1,966.47,0.0703,917.36,0
76,4,0,1669.13,0.1261,984.99,0
43,11,0,1016.79,0.0926,485.82,0
25,7,0,1458.73,0.0306,758.67,0
32,12,1,1261.39,0.0869,1065.83,0
73,13,2,1534.7,0.0471,1444.3,0
63,19,0,1378.66,0.1055,932.03,0
24,16,0,1015.99,0.0427,613.34,0
41,4,0,1440.33,0.0394,937.67,0
34,13,1,1270.24,0.1418,1354.63,0
29,12,0,1253.41,0.1363,533.66,1
70,11,0,406.45,0.0678,367.05,0
56,15,0,1098.8,0.1148,739.43,0
29,2,0,1579.06,0.1473,1489.48,1
58,7,0,1408.4,0.0133,645.59,0
43,16,0,1465.96,0.0909,883.03,0
21,17,1,1366.0,0.038,1005.5,1
45,0,0,1702.88,0.12,1133.87,0
29,9,0,1286.53,0.0152,788.6,0
33,5,0,1001.97,0.1183,600.57,0
72,3,0,1456.54,0.0301,949.76,0
62,1,1,1626.78,0.0684,1135.38,0
26,10,0,1388.88,0.1221,699.03,0
70,13,0,1079.12,0.0101,659.28,0
53,10,0,1284.44,0.1392,646.21,0
72,7,0,1618.0,0.0326,880.46,0
64,15,2,1643.26,0.0751,1069.18,1
39,13,1,906.67,0.1102,653.73,0
51,18,0,1011.37,0.0185,468.69,0
50,6,1,1147.42,0.0913,812.73,0
62,4,0,973.7,0.0773,437.25,0
33,9,0,566.61,0.0879,314.95,0
38,10,1,1917.17,0.0994,1636.43,0
33,9,1,1087.11,0.0631,688.03,0
36,16,1,1108.82,0.0448,655.97,0
27,0,0,617.49,0.0276,402.86,0
20,10,0,1459.93,0.1409,977.9,1
76,8,0,1172.74,0.0602,712.29,0
22,4,0,1094.73,0.0423,556.56,0
73,12,0,1110.6,0.0079,546.38,0
18,16,0,1376.34,0.1127,718.73,1
66,10,0,1055.99,0.0792,582.31,1
38,1,1,753.33,0.0286,380.37,1
50,1,0,812.54,0.134,372.46,0
35,8,0,796.96,0.1401,571.11,0
48,13,0,1282.6,0.1321,746.01,1
45,6,0,1479.01,0.0841,1054.82,0
50,6,1,1789.74,0.056,1563.51,0
42,17,0,709.53,0.0243,371.93,0
51,0,0,1386.08,0.0566,728.78,0
69,1,0,1015.48,0.0918,687.48,1
44,3,0,2077.04,0.034,1348.88,0
40,19,1,1765.07,0.0696,1533.27,0
26,9,0,1710.57,0.086,951.92,0
40,3,1,1590.73,0.1097,1167.0,0
25,6,1,1464.57,0.0137,992.21,0
29,19,0,1079.23,0.13,595.8,0
77,13,0,1020.2,0.0684,496.32,0
23,4,1,1109.97,0.0873,779.66,0
47,4,0,1385.27,0.141,748.64,0
69,1,0,1668.12,0.0252,849.21,0
77,15,1,1242.96,0.1327,1038.16,0
27,2,0,983.3,0.1207,413.84,1
28,5,0,754.95,0.1491,450.67,1
41,6,0,1273.41,0.059,590.94,0
52,12,0,1568.78,0.019,738.84,0
77,12,0,1583.8,0.0021,758.81,1
30,15,0,1613.53,0.1189,989.25,0
28,5,0,1324.62,0.0205,470.58,0
33,7,0,1227.06,0.0459,708.2,0
72,7,0,1584.68,0.1481,892.33,0
19,0,0,866.98,0.0663,398.45,0
41,14,1,1217.75,0.0347,900.48,0
25,10,0,1713.25,0.113,750.02,0
27,9,0,877.62,0.0407,485.44,0
74,19,0,1189.66,0.0797,516.89,0
18,3,0,1389.4,0.0236,1168.29,1
37,19,1,1374.81,0.0691,1164.54,0
74,13,0,1544.83,0.0163,905.57,0
55,4,1,1807.7,0.116,1064.76,0
22,13,0,1343.9,0.0548,709.69,0
46,15,0,1617.02,0.0478,861.01,0
78,7,1,1071.4,0.1491,801.77,0
42,6,0,1152.74,0.1245,696.6,1
50,16,2,2221.56,0.0831,2017.02,0
50,3,0,1782.88,0.1416,1065.34,0
58,0,1,966.92,0.0317,666.39,0
29,13,1,1346.17,0.086,1027.86,0
70,18,0,1240.82,0.1394,609.44,0
79,10,0,1324.96,0.0855,597.67,1
26,2,0,1582.21,0.0462,1277.62,0
68,10,1,1901.75,0.1217,1473.59,0
68,5,1,1361.22,0.0208,1392.81,0
63,16,0,1536.6,0.0228,811.58,0
40,12,0,1394.46,0.1097,1260.18,0
47,6,1,1343.66,0.0104,973.4,0
70,12,0,690.55,0.0076,484.58,0
27,13,0,1505.54,0.0569,845.63,0
69,13,2,1681.56,0.0597,1508.54,0
75,7,0,1316.88,0.0704,718.08,0
60,11,0,905.62,0.1111,457.91,1
39,0,0,1787.74,0.0853,1213.62,0
52,8,1,1395.74,0.107,993.4,0
21,7,0,857.59,0.0075,565.0,0
75,10,1,959.3,0.0474,819.5,0
39,19,0,1403.24,0.145,1039.0,0
21,19,0,1412.17,0.0642,857.24,0
67,9,0,1061.1,0.0334,437.67,0
58,12,0,1338.79,0.1488,700.7,0
56,2,0,1400.28,0.0617,777.43,0
21,9,0,1241.98,0.0718,694.75,0
64,13,0,989.6,0.0336,718.8,0
57,13,1,1638.41,0.0985,1466.23,0
67,19,0,1451.29,0.0311,786.69,0
69,9,0,1370.3,0.0915,1243.15,0
31,18,0,949.88,0.1136,494.31,1
31,19,0,800.69,0.0979,423.49,0
75,11,0,1222.96,0.0136,548.48,0
50,1,1,1628.87,0.012,850.25,1
45,7,1,1662.11,0.1264,935.94,0
35,15,0,1375.31,0.1357,939.88,0
57,11,0,1064.86,0.0203,689.18,0
64,18,0,958.74,0.0563,448.32,0
18,16,1,1344.94,0.0981,978.29,0
52,1,1,1347.78,0.1253,1129.17,0
79,17,0,1532.19,0.1363,569.29,0
35,7,0,1056.09,0.1048,839.98,0
35,16,0,1081.01,0.0221,744.54,0
72,10,0,1816.5,0.1153,1191.98,0
21,9,0,1665.37,0.1289,1181.83,1
42,1,0,935.17,0.0527,346.9,1
46,2,1,1790.63,0.0741,1222.11,0
67,11,0,863.44,0.025,619.68,0
25,11,0,1069.78,0.0457,596.1,0
44,11,1,1253.93,0.1305,1037.22,0
27,3,0,1176.72,0.0133,877.19,0
66,10,0,1385.93,0.1144,890.21,0
57,1,0,1231.94,0.0146,652.89,1
48,2,0,1384.42,0.0439,866.78,0
42,9,3,1529.45,0.0874,1120.13,0
27,12,1,1462.27,0.0005,1150.03,0
75,13,0,1223.69,0.1013,793.26,0
58,19,0,783.5,0.0474,450.59,0
37,17,0,1344.9,0.1123,946.7,0
43,7,0,1228.82,0.1463,724.98,0
63,15,2,1285.83,0.0625,1149.39,0
62,1,0,1072.55,0.0045,863.39,0
46,17,0,1079.9,0.1273,497.53,0
36,7,0,1126.52,0.0412,830.41,0
58,15,0,1727.69,0.0223,1253.55,0
58,19,0,1827.08,0.1319,1207.29,0
55,14,0,400.0,0.0349,205.85,0
22,18,2,1646.45,0.0908,1530.5,0
47,0,1,1636.49,0.0381,993.44,0
56,3,0,1135.18,0.1069,566.08,0
76,12,0,1478.43,0.0973,846.94,0
50,10,0,1696.25,0.0764,793.18,0
39,2,0,788.45,0.0833,419.9,0
52,14,0,1240.13,0.0341,555.11,0
28,1,0,1787.02,0.0033,1136.26,1
23,19,1,978.67,0.1201,967.67,0
60,3,0,1165.43,0.1334,1009.12,0
79,8,1,1215.48,0.1167,704.8,1
70,16,0,1515.57,0.1062,712.36,0
54,10,1,1707.37,0.0708,1205.25,0
20,14,0,1248.7,0.0876,821.33,0
79,14,0,1209.66,0.1037,662.68,0
45,18,0,684.26,0.0039,473.64,0
35,9,1,1776.9,0.0636,1441.69,0
73,19,0,1094.05,0.0337,438.55,0
64,10,2,1457.3,0.0547,1308.54,0
64,17,0,1491.48,0.1124,664.55,0
35,14,1,1409.28,0.0545,918.08,1
79,2,0,1501.15,0.1109,789.13,0
46,12,0,1381.02,0.1458,914.27,0
50,17,1,1411.14,0.1385,1023.16,0
64,2,0,1293.13,0.1242,672.4,1
58,16,1,1013.17,0.1279,1123.68,1
28,2,0,1155.31,0.0591,551.45,1
36,17,0,1525.21,0.1097,922.02,1
40,15,1,1080.41,0.1001,900.31,0
76,3,1,1135.42,0.1474,856.17,0
62,14,0,936.11,0.0862,446.31,0
40,2,1,1396.01,0.0645,841.81,0
63,11,0,1620.76,0.1256,1046.94,0
63,18,1,1514.15,0.1124,1360.51,0
42,4,0,546.91,0.0187,308.78,0
42,3,1,1544.59,0.0894,865.18,0
73,8,0,1067.37,0.0888,610.2,0
52,7,0,1352.81,0.0947,1044.92,0
27,0,0,1155.15,0.1412,538.91,1
62,9,1,1091.86,0.0903,746.96,0
54,5,3,1628.56,0.1305,1723.22,1
49,2,0,1067.56,0.0538,757.13,0
62,5,1,1442.31,0.0086,945.74,0
74,0,1,1084.2,0.0563,870.71,0
38,18,0,862.57,0.0799,649.93,1
43,19,0,1419.62,0.125,602.17,0
29,7,0,1532.65,0.0948,672.69,1
58,17,0,1374.02,0.0663,769.31,0
42,9,0,1005.37,0.0693,697.79,0
39,18,0,977.98,0.1495,596.33,0
61,3,1,1145.25,0.0212,1033.98,0
43,5,0,1467.12,0.0308,595.47,1
46,14,1,1102.49,0.0938,861.21,0
45,4,1,1615.21,0.1052,666.27,0
34,16,2,1691.07,0.0592,1956.79,0
25,8,0,1571.32,0.0048,1137.02,0
69,8,0,1518.95,0.0783,811.43,0
23,9,0,1362.8,0.0217,489.84,0
38,15,0,759.4,0.0084,415.49,0
59,0,0,1383.04,0.0517,986.37,0
26,15,1,1384.64,0.0203,1096.4,0
58,15,1,1238.02,0.0658,1306.2,0
63,16,1,1758.67,0.1143,1208.13,0
59,19,0,1154.6,0.0071,988.52,0
36,15,0,1041.17,0.075,396.34,0
19,10,1,1687.22,0.0745,1056.47,0
73,9,0,1078.47,0.0003,474.74,0
38,7,1,1176.15,0.1107,993.15,0
67,16,0,861.85,0.0135,385.79,0
30,7,0,953.95,0.1398,665.44,0
28,11,0,979.68,0.0959,640.95,0
66,1,0,1386.31,0.0432,819.68,0
76,6,0,894.28,0.1388,498.57,1
71,5,0,642.65,0.0601,296.86,0
64,8,0,1290.97,0.039,830.1,0
33,10,2,1309.81,0.0577,1048.99,0
74,14,0,1195.12,0.0917,793.7,0
59,8,0,1584.72,0.1085,1217.81,0
28,3,1,1371.46,0.0993,938.21,0
26,10,1,1802.89,0.1382,1708.49,0
72,1,0,1179.56,0.1434,697.76,0
35,16,1,1652.09,0.0296,1354.59,0
65,15,0,1035.77,0.1369,452.81,0
26,4,0,1232.31,0.016,611.72,0
35,5,0,920.11,0.1435,455.75,0
35,0,0,955.74,0.0389,712.4,0
35,7,1,1282.6,0.0399,870.04,0
59,0,0,801.44,0.0632,517.52,0
74,18,0,1247.81,0.0273,699.87,0
74,2,0,1109.17,0.1242,588.12,0
63,13,1,1420.37,0.0187,769.95,0
30,11,0,806.04,0.0659,313.33,0
77,4,0,1410.52,0.1361,750.62,0
51,16,2,2009.28,0.0953,1682.77,0
51,2,0,1645.96,0.0911,786.24,0
61,17,1,1921.17,0.1492,1439.09,0
65,14,0,1212.73,0.0034,1022.8,0
77,12,1,1244.3,0.048,1220.44,0
54,17,0,1346.28,0.0188,764.08,0
55,8,0,1128.53,0.0277,644.96,0
64,5,0,677.87,0.0324,435.25,0
33,3,0,1445.79,0.094,857.9,0
37,18,0,1129.68,0.0408,725.6,0
56,8,2,1059.79,0.0996,983.79,1
21,16,0,1047.52,0.1107,602.8,0
37,6,0,1136.5,0.0603,563.35,0
62,19,0,1203.55,0.0804,728.89,0
78,17,0,1207.15,0.0198,432.52,0
50,6,1,1760.71,0.1129,1336.18,1
42,9,0,813.44,0.0629,303.04,1
45,15,1,1304.36,0.1252,990.02,0
60,4,0,936.31,0.0789,433.65,0
51,0,1,1726.85,0.1045,1604.85,0
19,5,0,1031.56,0.0538,591.53,0
51,11,0,1096.85,0.0558,618.05,0
42,2,0,1514.91,0.0655,925.49,1
61,6,0,1597.43,0.0954,757.02,0
72,18,0,1641.79,0.076,1157.46,1
77,1,0,707.07,0.1206,457.56,0
55,1,0,1344.87,0.0082,678.56,0
40,8,1,1431.04,0.1351,833.51,1
45,0,1,1334.63,0.1389,883.09,0
28,0,1,1369.97,0.0366,955.98,1
76,3,0,1585.73,0.0151,712.27,0
70,2,1,1661.58,0.0858,1081.26,0
70,16,0,1469.07,0.0096,728.27,0
38,2,0,1262.07,0.0345,676.32,0
37,10,0,1881.18,0.0761,1009.7,1
71,14,0,1079.81,0.0921,664.32,0
51,12,0,715.21,0.0291,401.59,0
61,13,1,1270.43,0.1399,981.67,0
48,7,0,1217.32,0.0272,713.93,0
45,17,0,1590.96,0.023,853.81,0
57,1,1,1196.71,0.0243,978.29,0
68,2,0,1347.37,0.1394,434.29,1
38,17,0,756.83,0.1318,393.07,1
68,1,1,1674.43,0.005,1065.1,0
33,3,0,1220.5,0.109,697.49,1
42,3,0,1115.83,0.011,548.45,0
74,0,1,1989.5,0.0113,1583.11,1
77,2,0,1520.97,0.0114,981.2,0
75,11,0,888.05,0.1244,375.72,0
37,13,0,1167.18,0.0641,681.06,1
70,1,0,2020.9,0.0836,872.81,0
76,18,0,1793.65,0.0046,1101.63,0
78,1,0,1476.89,0.1351,750.69,1
19,13,0,645.89,0.1473,306.86,0
64,16,0,1599.65,0.0353,634.0,0
79,10,0,1009.44,0.0985,552.98,0
65,9,0,1597.06,0.1018,706.92,0
32,2,0,983.2,0.1449,407.77,0
65,4,0,1346.65,0.0726,779.9,0
24,17,0,1007.92,0.0357,682.73,0
47,6,1,1241.02,0.054,957.48,0
56,0,0,1386.66,0.0959,581.18,1
46,14,0,804.33,0.0709,436.7,0
61,13,2,2211.73,0.0119,2199.71,0
32,1,0,891.83,0.1211,484.25,0
55,1,2,1175.05,0.1296,1088.56,1
57,2,0,1387.54,0.0717,709.41,0
57,1,0,1587.58,0.0785,820.27,0
35,12,1,1252.89,0.0737,782.91,0
36,2,0,878.56,0.0795,554.07,1
33,12,1,1073.29,0.0154,875.88,0
46,3,0,890.99,0.065,444.92,0
54,19,0,1292.45,0.0672,838.72,0
40,14,0,1179.0,0.1497,494.54,0
43,7,0,1327.75,0.0073,715.96,0
35,8,0,1309.46,0.0468,557.38,0
31,1,0,1447.29,0.0744,643.99,1
58,1,0,1077.02,0.1271,457.34,0
68,10,0,978.54,0.0692,478.91,0
36,0,1,1396.89,0.0437,1127.41,0
71,12,1,1333.5,0.0803,936.0,0
53,7,0,1275.89,0.0446,633.48,0
28,2,1,1136.49,0.0822,782.68,1
40,10,0,1392.67,0.1035,515.08,0
18,11,0,846.49,0.0796,529.57,1
20,14,0,1067.88,0.0914,380.13,0
38,3,0,1538.71,0.0058,745.35,1
46,10,0,860.61,0.0988,472.7,0
67,16,0,1515.07,0.1455,924.2,0
26,5,0,777.27,0.0737,454.95,0
70,16,1,874.43,0.1204,617.33,0
32,14,1,901.84,0.0823,860.63,1
26,8,1,1385.04,0.1056,1477.61,0
61,17,0,1418.88,0.0465,792.85,0
66,19,0,1587.78,0.145,868.42,0
55,4,0,1563.86,0.0323,845.2,0
25,19,0,1458.81,0.0239,720.4,0
25,0,1,1100.46,0.0068,845.88,1
42,2,0,947.85,0.0812,682.05,1
45,0,2,1736.34,0.0928,915.93,1
79,7,1,1776.39,0.0974,1224.31,0
35,18,1,1040.66,0.0258,999.3,0
29,12,0,1588.2,0.0977,958.71,1
76,12,0,623.9,0.0248,378.17,0
27,1,0,1316.98,0.1132,533.53,0
19,10,1,1318.86,0.0413,1082.12,0
44,7,0,1138.74,0.0633,777.52,0
42,9,0,1209.38,0.0551,702.37,0
56,5,0,943.88,0.0552,461.97,0
72,4,1,1483.82,0.1081,1155.94,0
75,19,1,1368.2,0.1497,792.67,0
35,11,0,1480.59,0.0791,653.77,0
78,8,1,1827.12,0.0602,1529.43,0
57,1,0,1238.08,0.0441,860.13,0
22,15,0,954.38,0.0937,459.04,0
76,9,0,858.63,0.0677,379.51,1
26,7,0,1709.48,0.1159,800.29,0
54,13,0,1671.11,0.091,970.08,1
67,2,1,1616.21,0.0618,912.99,0
33,10,1,1367.96,0.143,1260.88,1
34,17,0,1444.55,0.0017,734.49,0
47,9,0,1591.34,0.1034,955.46,0
72,0,0,1014.61,0.0616,487.96,0
31,4,0,1208.94,0.0182,758.17,1
59,1,2,1168.13,0.0139,1158.37,0
46,10,0,1161.28,0.0974,463.27,0
24,7,0,1663.28,0.0222,810.15,1
62,2,0,1523.56,0.1284,823.93,0
69,13,0,1240.5,0.0466,623.18,0
53,3,0,400.0,0.0516,265.7,0
28,6,1,1153.26,0.099,729.7,0
27,19,0,1230.72,0.033,792.29,0
44,1,0,1135.23,0.0011,697.94,0
49,4,1,1359.83,0.0669,948.85,0
52,6,0,1272.78,0.0792,826.2,1
33,10,0,1039.9,0.0669,426.62,0
49,4,1,1347.74,0.0687,949.15,0
36,19,0,1155.17,0.0999,552.12,0
60,0,0,989.04,0.1269,540.21,0
67,18,1,1903.9,0.0548,1235.84,0
58,10,0,1057.06,0.1185,596.96,1
18,0,1,673.74,0.0094,481.29,1
79,2,0,1734.98,0.072,995.36,0
19,2,0,946.12,0.0564,547.11,0
79,5,1,1619.97,0.0699,1295.38,0
19,6,0,995.73,0.0137,431.96,0
50,12,0,1370.78,0.0208,846.92,0
24,6,2,1485.56,0.044,952.85,1
23,14,0,1500.1,0.041,478.67,0
60,5,1,1285.89,0.0578,1360.25,0
63,5,0,1003.4,0.0686,464.05,0
25,5,0,1277.11,0.0332,651.55,0
78,6,1,1235.25,0.0929,606.68,1
37,16,0,621.25,0.0564,316.54,0
37,4,0,1019.55,0.009,592.93,0
36,5,0,2060.63,0.0366,1207.04,1
46,19,0,653.59,0.084,286.5,0
29,13,0,1272.31,0.091,649.67,0
44,3,0,1127.13,0.1199,677.08,1
31,17,1,1900.93,0.0368,1421.59,1
21,3,1,1016.69,0.0843,743.73,1
40,3,0,1230.39,0.0714,799.33,1
59,8,0,1405.86,0.1273,767.56,0
65,13,0,1146.21,0.1095,844.94,0
39,3,0,969.73,0.0198,510.3,0
38,15,0,1193.34,0.1438,765.11,0
66,3,1,1257.15,0.0533,1037.28,0
60,15,1,1256.31,0.1432,645.37,0
69,1,0,1479.21,0.0428,901.49,0
74,9,0,1320.88,0.0703,648.48,0
68,12,0,1365.53,0.0826,622.74,1
76,5,0,1299.09,0.0095,665.9,0
43,12,0,1487.96,0.1073,857.57,0
42,13,0,1591.28,0.0157,649.32,0
37,13,1,1263.99,0.0246,906.08,0
32,7,1,1595.84,0.0435,1089.38,1
64,15,0,811.14,0.1441,557.06,0
62,14,0,524.08,0.146,257.63,0
67,6,0,1747.92,0.0734,1237.38,1
28,14,2,1399.99,0.08,1312.93,0
48,18,0,1275.74,0.0318,707.11,0
31,16,1,982.44,0.0627,903.7,0
73,14,0,818.6,0.1477,670.96,0
34,15,0,986.12,0.1186,527.56,0
26,16,0,1392.87,0.1046,670.29,0
53,5,0,1045.04,0.0418,635.37,0
72,14,0,1099.26,0.1145,461.46,0
74,3,1,1126.65,0.145,619.26,0
23,7,1,1699.74,0.1482,1573.93,1
38,18,0,1460.56,0.09,913.74,0
27,5,0,1054.76,0.0241,495.73,0
37,16,0,1405.23,0.1446,1467.87,0
51,8,1,1276.43,0.0812,690.3,0
35,4,1,1248.74,0.0058,1007.84,0
22,1,0,1185.09,0.0122,563.9,0
49,10,0,1392.97,0.0866,1109.88,0
21,9,0,932.34,0.1253,467.83,0
32,10,0,1350.72,0.1412,712.0,0
18,0,0,1949.35,0.1417,757.56,1
23,5,0,1254.94,0.0868,1062.07,0
45,0,0,1210.72,0.1472,597.04,0
70,6,0,1174.75,0.0224,721.59,1
66,18,0,1343.46,0.0142,750.36,0
24,3,0,716.88,0.0045,358.25,0
20,13,0,1710.33,0.1161,611.25,0
38,0,1,1644.36,0.1375,1120.1,1
58,11,0,1006.65,0.126,532.0,1
64,18,1,1359.46,0.1409,1033.1,0
69,6,1,1182.8,0.0822,1295.25,0
39,3,0,1289.77,0.1145,818.7,0
28,11,0,1218.41,0.0505,807.45,0
19,5,0,1268.59,0.115,665.96,1
27,17,0,891.5,0.113,382.55,0
22,16,0,1055.54,0.0653,557.0,0
71,13,0,1543.82,0.0066,743.76,0
34,12,1,1189.86,0.0399,839.92,1
69,12,0,406.95,0.1328,205.71,0
52,14,2,1454.81,0.0881,902.82,0
51,9,1,2073.45,0.0608,1904.72,1
46,19,1,1604.66,0.1421,1112.36,0
68,6,0,1024.76,0.055,535.29,1
20,0,0,1184.82,0.0492,530.06,1
23,13,1,1553.96,0.1156,1007.48,0
44,13,0,673.12,0.0533,316.04,0
42,19,1,1093.18,0.0669,613.86,0
51,7,1,1469.5,0.1084,1082.41,0
63,8,0,1678.35,0.0645,852.7,0
54,11,0,1068.2,0.0483,692.32,0
33,7,0,1670.11,0.0023,867.12,0
38,15,0,973.7,0.1291,555.94,1
64,8,0,400.0,0.079,227.09,0
30,15,0,1423.14,0.1277,857.64,0
49,8,0,1362.12,0.0927,642.37,0
51,4,0,1420.86,0.0301,949.03,0
64,19,1,1559.13,0.0545,877.97,0
62,10,0,1257.53,0.0626,707.68,0
46,14,1,1272.36,0.111,712.92,0
37,11,0,1133.79,0.0822,617.56,0
40,7,1,1211.88,0.0955,1032.59,1
43,19,1,1229.88,0.113,979.94,0
31,7,0,656.69,0.0411,452.83,0
56,19,0,835.71,0.1323,438.89,0
30,8,0,1150.97,0.068,770.28,0
58,0,1,677.74,0.0992,420.75,1
64,0,1,747.65,0.0327,486.37,0
77,19,2,1399.72,0.035,1246.97,0
25,10,2,1461.5,0.1102,1503.66,0
65,7,0,1105.99,0.0526,553.15,1
23,16,0,486.03,0.1314,311.66,1
38,12,0,1665.72,0.0997,973.46,0
28,13,0,769.13,0.0998,459.09,0
28,13,0,954.55,0.057,448.95,0
28,3,0,821.47,0.1354,424.43,0
20,1,0,1589.71,0.1417,870.6,1
69,14,0,1326.43,0.0387,791.83,0
21,0,0,1058.03,0.0772,502.34,0
42,14,3,1486.9,0.136,1174.73,0
61,2,0,1253.88,0.0152,456.71,0
79,5,1,976.03,0.0446,807.85,0
70,14,0,1314.22,0.1432,885.74,0
26,12,0,1035.41,0.0727,386.53,1
79,15,0,1355.89,0.1427,768.12,0
58,12,1,1495.72,0.057,988.97,0
29,0,1,1171.92,0.0791,1065.85,1
45,16,0,584.19,0.0681,312.55,0
74,4,0,1125.95,0.0686,700.71,0
42,2,0,765.16,0.1377,392.15,0
29,17,1,1373.59,0.1042,853.62,0
72,3,0,1123.03,0.1419,730.58,0
77,10,0,1023.6,0.0494,708.65,0
78,9,2,1111.33,0.1491,748.42,0
77,15,0,1556.04,0.1061,1091.15,0
72,0,1,1213.9,0.0197,712.2,0
46,2,0,1906.01,0.0619,667.11,0
29,8,0,1210.48,0.0373,676.91,1
56,9,0,1305.48,0.0353,806.23,1
31,15,0,1211.76,0.1394,499.34,0
47,12,0,1302.47,0.144,488.86,0
58,2,0,1527.81,0.0021,772.19,0
76,19,0,1531.27,0.0207,753.51,0
35,9,0,670.02,0.0417,491.68,0
33,19,0,1456.65,0.1272,814.78,0
63,19,1,1499.14,0.0917,1238.04,0
18,1,0,1210.77,0.0848,704.55,1
53,10,0,1713.77,0.0897,1308.7,0
64,8,0,1725.83,0.1426,805.71,0
52,9,0,1471.38,0.0414,806.71,0
41,6,0,1036.94,0.0185,422.77,1
69,11,0,842.26,0.0912,552.79,0
41,9,2,1726.32,0.1453,1872.42,0
62,3,0,1607.86,0.1065,1068.29,0
46,5,1,741.4,0.1338,515.6,0
19,2,1,1675.89,0.1344,887.08,0
50,16,1,1273.54,0.0329,892.48,0
21,13,0,657.3,0.1028,320.28,0
75,7,0,1340.82,0.1293,899.8,0
55,7,0,1472.82,0.0152,754.61,0
41,1,0,1094.6,0.0977,558.43,0
48,5,0,882.79,0.0408,760.89,1
56,18,0,1713.63,0.1233,1121.96,0
34,0,0,999.41,0.0335,691.56,0
35,2,0,1547.84,0.056,779.61,0
43,16,1,896.08,0.1015,512.7,1
34,10,0,1324.8,0.0834,915.05,0
64,0,0,1316.25,0.018,989.86,0
24,9,0,1462.02,0.0338,630.73,0
69,14,1,1797.9,0.1329,1155.86,0
39,6,0,955.91,0.1483,444.26,1
52,7,0,1356.23,0.1041,833.26,0
27,12,0,790.03,0.0015,547.82,0
41,11,1,936.63,0.1115,620.39,1
64,18,1,1176.5,0.0964,778.82,0
34,4,1,1472.8,0.0618,710.02,0
26,5,1,1853.06,0.0342,1091.68,0
50,3,0,1757.68,0.0249,1325.86,0
28,13,0,1093.53,0.0125,673.37,0
37,10,0,1291.66,0.0959,867.44,0
45,6,0,1482.9,0.0506,769.18,0
52,13,0,1429.61,0.0777,755.33,0
57,7,0,1149.16,0.0788,643.62,0
59,3,1,1372.83,0.0911,1044.41,0
70,10,3,1616.95,0.0892,2178.18,0
22,8,0,1137.49,0.0779,554.81,0
40,8,0,1097.58,0.0233,595.77,0
18,8,1,1314.1,0.0041,799.5,0
18,18,0,1078.26,0.0864,405.89,0
31,4,0,859.37,0.0635,576.42,0
55,5,0,1458.77,0.0615,1154.52,0
73,11,0,1354.88,0.0645,881.09,0
65,0,0,1762.98,0.017,1030.11,0
58,2,0,1310.86,0.0269,1059.69,1
66,11,1,1224.91,0.0993,957.31,0
28,10,0,1012.07,0.0771,663.09,0
70,13,0,1214.21,0.0914,696.9,0
73,2,0,1365.86,0.0194,808.26,1
23,17,0,1126.59,0.1221,612.14,0
47,9,0,758.92,0.0559,500.2,0
69,3,1,1128.3,0.092,646.74,1
47,6,1,1355.41,0.0698,1050.94,0
70,4,0,1422.09,0.0702,669.06,0
76,9,0,754.25,0.1168,466.05,0
47,9,1,1429.53,0.0166,1645.26,0
21,8,0,1266.34,0.0112,812.78,0
39,9,0,1064.53,0.0152,751.2,0
31,18,0,1023.92,0.1493,684.37,0
47,19,2,1279.1,0.1391,697.29,0
54,9,0,1242.24,0.1051,675.15,0
46,19,0,1538.05,0.0671,938.66,0
30,16,1,1709.34,0.0128,802.56,0
36,16,0,862.81,0.1231,454.88,0
60,4,2,1443.91,0.0284,1233.61,1
19,8,0,541.95,0.0409,236.38,0
31,7,1,1382.76,0.1261,812.1,0
73,1,0,1379.29,0.0386,1005.66,0
24,1,0,1671.29,0.1267,455.68,0
43,12,0,664.06,0.1179,391.22,1
30,8,0,873.58,0.1256,615.18,0
24,16,0,1243.24,0.1011,689.97,0
44,13,1,864.48,0.0528,816.95,1
50,1,0,1251.66,0.098,641.21,0
28,16,1,1536.9,0.1244,914.37,0
22,9,0,815.61,0.1124,454.25,0
26,11,1,1389.78,0.1293,918.11,0
58,19,1,986.34,0.1475,627.26,0
71,12,0,1612.63,0.1035,867.95,0
29,0,0,1261.99,0.1392,601.03,1
37,3,0,1007.98,0.0408,475.67,0
39,8,0,828.56,0.146,369.41,0
40,0,0,1316.74,0.1365,798.57,0
33,3,0,1607.38,0.0062,734.48,0
21,15,0,968.55,0.0886,421.57,0
50,2,1,1218.11,0.0754,700.67,0
40,3,0,974.36,0.1223,566.52,0
39,10,0,1666.65,0.019,1063.21,0
34,1,0,627.41,0.0791,406.84,1
75,5,0,1585.68,0.0752,923.56,0
55,18,0,1086.84,0.0593,675.02,0
43,12,1,1328.52,0.1488,936.91,0
30,19,0,1097.81,0.0809,671.02,0
67,7,1,1421.88,0.062,1107.11,1
73,12,0,981.06,0.1285,473.1,0
20,4,0,1517.51,0.0209,682.87,1
75,7,1,1679.7,0.0431,1569.52,0
61,3,0,904.98,0.0418,517.8,0
24,16,0,1400.24,0.1401,964.26,0
64,3,0,1093.05,0.132,489.47,0
24,4,0,1215.49,0.091,625.4,1
21,9,0,1657.55,0.0479,702.31,0
25,8,2,1297.79,0.0702,1281.93,0
46,6,0,1477.96,0.0857,729.33,0
56,7,0,1337.14,0.081,667.83,1
43,5,0,1141.79,0.0384,942.11,0
25,18,0,1310.22,0.0196,835.32,0
30,11,1,1424.52,0.1361,1157.63,1
70,18,0,852.49,0.0961,374.03,0
77,19,0,1017.98,0.0218,391.77,0
64,13,1,1036.42,0.1485,897.29,1
24,16,1,1267.01,0.0617,577.13,0
68,2,0,1603.51,0.1099,809.36,0
60,18,0,1374.31,0.0265,651.96,0
50,9,0,770.22,0.1399,357.18,1
26,14,0,1117.99,0.0119,571.18,0
79,4,0,1270.09,0.1434,573.81,0
45,1,0,1423.23,0.1091,622.71,0
20,17,1,1154.77,0.0341,866.45,0
31,8,0,828.77,0.0271,572.38,0
42,2,0,1183.1,0.1256,466.49,0
21,13,0,1370.71,0.006,795.36,0
38,1,0,1270.45,0.0171,789.98,0
47,9,0,934.6,0.1009,570.22,0
76,14,0,1726.39,0.0116,921.63,0
23,14,1,1320.36,0.0812,835.45,0
53,9,1,1408.11,0.0861,1168.47,0
74,7,0,1001.41,0.0027,597.54,0
67,16,1,1681.95,0.0566,821.04,0
75,3,0,1371.55,0.0043,732.23,0
28,1,1,1444.4,0.145,1041.35,0
67,3,0,854.5,0.0323,383.13,0
78,16,0,1528.21,0.1035,812.22,0
38,9,0,1427.07,0.1011,878.57,1
48,0,0,1504.48,0.1158,711.47,0
50,3,1,1361.11,0.0503,1016.76,0
48,0,0,1177.54,0.0277,539.09,0
35,16,0,1145.37,0.0796,499.07,0
78,9,0,1883.7,0.1042,1188.82,0
77,1,1,1187.27,0.1133,1070.56,0
41,4,0,844.13,0.0073,371.73,0
67,12,0,1088.02,0.1129,734.6,1
42,11,1,1190.06,0.0169,846.31,1
67,16,0,1577.95,0.0787,565.55,0
54,0,1,943.2,0.0833,504.73,0
47,1,0,1031.61,0.0191,650.1,0
25,0,2,1557.16,0.1446,976.78,0
58,7,1,1730.49,0.0957,1090.26,0
37,14,1,1563.94,0.0336,1097.09,0
31,13,0,1685.71,0.0076,1028.8,0
29,4,0,1303.74,0.1163,754.86,1
78,13,2,1438.91,0.1262,1709.21,0
24,13,0,1456.67,0.0136,690.46,0
67,3,0,789.85,0.0386,449.51,1
71,14,0,687.03,0.0964,419.69,0
19,8,1,1642.88,0.0628,1350.75,0
54,1,2,1563.17,0.0514,1674.32,0
53,7,0,1489.2,0.0637,761.88,0
40,15,2,1244.29,0.0758,1230.35,0
59,13,0,1585.44,0.0277,735.13,0
43,5,0,1401.11,0.0582,769.76,1
45,15,1,1340.66,0.0105,1056.69,0
44,7,0,1262.2,0.0009,856.02,0
67,9,1,1454.08,0.1463,1162.0,0
57,1,0,942.98,0.0082,535.8,0
41,19,0,1084.5,0.0065,595.61,0
75,16,1,1449.34,0.1335,1153.26,0
67,3,0,1072.46,0.1464,927.19,1
75,11,1,909.17,0.1267,769.07,0
63,15,0,1288.47,0.0209,775.98,0
42,10,1,1600.81,0.0959,868.0,0
65,4,2,1820.56,0.1045,1334.67,0
38,19,0,1359.69,0.1157,711.09,0
34,5,0,1445.49,0.0169,967.59,0
45,6,0,1496.25,0.0586,692.26,1
78,7,0,1223.9,0.0414,776.57,1
53,17,0,564.32,0.0982,322.52,0
41,10,1,1697.93,0.0515,1299.69,0
46,14,1,1082.0,0.0763,738.86,0
36,18,0,860.74,0.094,426.27,0
58,18,0,868.98,0.1299,399.08,0
39,17,0,1945.37,0.1381,1226.76,0
52,18,0,1332.16,0.104,732.03,0
40,18,0,887.52,0.0235,399.25,0
37,19,1,1144.98,0.1333,853.65,0
78,12,0,1199.78,0.0307,1327.64,0
39,2,1,1512.72,0.008,1035.97,0
22,2,0,1283.79,0.0656,997.24,0
41,15,0,921.42,0.1027,306.58,0
50,6,0,1295.14,0.0224,684.63,0
23,16,0,1016.64,0.0449,686.65,0
36,18,0,1514.07,0.012,847.48,0
28,12,0,1216.89,0.0927,597.13,0
49,15,0,972.2,0.1062,539.63,0
62,5,0,1406.69,0.078,955.87,0
78,8,1,1464.97,0.0667,1603.6,0
42,19,0,1057.54,0.1272,730.26,1
71,16,1,1569.03,0.0629,1011.3,0
31,4,0,1388.74,0.0663,739.65,0
66,18,1,1710.55,0.0866,1165.85,0
52,9,0,1413.04,0.1056,662.92,0
65,16,0,1135.82,0.1166,614.43,0
64,10,1,842.84,0.0061,568.92,0
51,12,1,1405.99,0.1277,788.48,0
33,3,0,1302.54,0.0677,859.46,1
50,6,2,1515.36,0.1359,1430.86,1
69,14,0,400.0,0.0805,196.35,1
78,16,1,1553.65,0.0714,1140.99,0
75,1,1,1076.38,0.0293,632.81,0
29,1,0,1405.72,0.0704,702.37,0
55,13,2,2010.21,0.0739,2002.13,0
24,8,1,1274.16,0.1342,998.22,0
59,16,0,1331.55,0.1331,670.53,0
79,1,0,1209.83,0.073,718.48,0
21,6,1,1507.68,0.1301,1059.1,0
58,0,0,1231.03,0.1282,562.71,1
76,14,1,1194.91,0.1423,823.95,1
70,17,0,928.52,0.0542,564.87,0
42,3,0,1677.14,0.0318,994.94,0
24,6,1,1481.57,0.1416,753.0,1
75,16,1,1599.15,0.0877,1178.71,0
75,0,0,1319.72,0.07,740.16,0
53,19,1,1642.73,0.0617,801.26,0
78,17,0,931.21,0.0127,442.08,0
18,3,0,1224.95,0.0306,754.15,0
56,2,0,1351.65,0.0437,994.9,0
20,13,0,1587.8,0.0827,638.17,1
76,0,1,2151.92,0.0775,1866.28,1
60,10,0,1322.26,0.0814,506.55,0
74,1,0,1001.67,0.0115,739.17,0
52,10,0,841.31,0.0015,447.57,1
23,7,0,928.56,0.0695,449.12,0
19,14,1,1117.76,0.029,855.53,0
38,17,1,550.0,0.1338,323.48,0
64,9,0,997.3,0.0646,616.98,0
27,12,1,1565.02,0.0528,1088.53,0
70,12,1,1372.62,0.0816,456.78,0
32,19,1,1272.41,0.0943,771.43,0
48,4,0,713.41,0.0123,413.59,0
30,4,0,1515.12,0.1112,1046.44,0
46,7,1,1503.54,0.0206,1145.51,0
46,14,0,1196.12,0.058,823.48,0
18,17,0,539.24,0.0535,251.63,0
53,5,0,1052.77,0.0854,679.47,0
66,2,0,1330.12,0.1034,861.36,0
76,12,0,1191.43,0.1201,479.78,0
38,11,0,1257.58,0.0791,874.32,1
72,7,1,1555.63,0.0233,1184.22,0
72,3,0,1246.42,0.1044,657.43,0
79,16,0,1394.9,0.0718,733.22,0
41,16,0,946.94,0.0883,429.33,0
70,14,0,833.17,0.0666,527.42,0
53,11,0,1343.21,0.0624,796.18,0
21,5,0,1404.72,0.1052,880.76,0
34,8,1,1505.69,0.0786,1090.65,0
59,1,0,1239.48,0.1302,720.69,0
27,4,0,1102.79,0.1115,580.0,0
44,9,0,1263.3,0.0714,874.32,0
66,8,0,1313.79,0.0321,827.62,0
27,1,0,1331.79,0.0026,769.28,0
48,19,0,1982.14,0.0308,1076.66,0
31,5,0,923.76,0.0422,361.94,1
51,10,1,2317.8,0.0177,1111.17,0
32,9,0,822.95,0.1004,426.6,0
77,9,0,1315.7,0.0489,946.21,0
22,16,0,841.55,0.0045,407.84,0
77,14,1,1441.87,0.0655,899.93,0
67,17,0,1494.64,0.1176,686.62,0
71,7,1,1359.77,0.051,748.99,0
70,5,0,1491.92,0.1353,693.41,0
29,8,0,1072.9,0.1279,632.99,0
75,11,1,735.04,0.1334,474.98,0
54,6,0,1388.01,0.1002,695.61,0
77,9,0,1209.19,0.121,595.29,0
72,3,0,1056.12,0.0583,617.92,0
53,11,0,1076.83,0.104,649.65,0
41,14,0,1321.97,0.0336,507.59,0
25,10,0,955.64,0.0307,458.03,0
24,17,0,1312.57,0.1415,719.44,0
42,19,0,1556.59,0.0823,948.27,0
68,18,1,1968.02,0.0108,1439.5,0
49,1,2,1921.36,0.0296,1966.08,0
47,17,1,1398.52,0.0692,751.84,0
33,6,1,1427.3,0.1269,1105.78,0
52,9,0,1079.93,0.1344,908.25,0
57,8,0,1060.31,0.017,597.33,0
78,5,1,1611.61,0.0093,1169.59,0
63,17,1,1257.75,0.0183,994.92,0
55,12,0,1309.83,0.1007,655.36,0
74,19,1,1061.25,0.0799,626.13,0
44,19,0,1611.09,0.1107,909.48,0
75,8,0,1103.26,0.089,442.23,0
40,14,0,1526.39,0.0144,921.92,0
25,10,1,1138.85,0.0386,909.06,0
43,9,2,1272.99,0.0497,801.75,0
25,14,0,1598.41,0.1062,921.47,1
25,13,0,1012.2,0.0895,540.88,0
72,18,0,729.63,0.142,547.15,0
67,15,0,888.02,0.0218,643.91,0
31,12,1,1607.01,0.1408,1355.85,1
69,18,0,1428.19,0.033,1015.26,0
22,2,2,1271.25,0.0515,1025.72,0
35,15,0,1010.48,0.0052,593.94,0
61,7,0,1401.9,0.0445,743.74,0
36,8,0,1594.78,0.03,728.99,0
63,15,0,1179.36,0.0326,669.05,0
72,5,0,1366.27,0.0858,749.79,0
22,17,0,1462.03,0.1171,783.46,0
19,9,0,1845.9,0.1117,1017.88,0
76,6,0,853.29,0.1244,481.96,0
50,6,0,999.38,0.1097,666.02,0
49,8,0,1048.06,0.1465,520.3,0
46,18,0,1448.26,0.0028,625.65,0
44,2,0,1124.42,0.1482,718.54,0
60,10,1,1443.67,0.0615,1221.68,0
53,16,0,1236.55,0.0717,741.2,1
28,9,0,1200.52,0.0866,533.44,0
56,11,1,1382.22,0.0013,959.94,0
59,6,0,1508.97,0.0273,891.4,0
25,2,1,1058.82,0.0669,609.7,0
41,12,0,1155.46,0.1154,553.34,0
67,18,0,835.42,0.1305,452.7,0
56,10,2,1567.97,0.0222,1724.28,0
26,8,1,1291.34,0.0394,963.14,0
20,2,0,1520.77,0.0911,756.78,1
54,18,0,1198.55,0.0541,642.35,0
46,17,0,1066.85,0.0447,521.03,0
77,18,0,1125.99,0.0575,578.6,0
50,7,0,1717.03,0.1052,1107.0,0
75,12,1,878.98,0.0298,426.87,0
31,8,0,1011.75,0.0093,734.38,0
45,4,0,1210.8,0.0005,1046.78,0
26,4,0,1009.07,0.079,581.67,1
53,7,0,1347.2,0.0375,636.62,0
29,11,0,1183.05,0.0842,833.06,0
48,2,0,1276.8,0.1321,753.18,0
39,14,0,1235.35,0.044,620.5,0
29,9,0,1169.09,0.0275,537.11,0
24,17,1,962.75,0.0002,632.93,0
49,5,0,1252.83,0.1472,726.53,1
76,1,0,670.98,0.0775,447.84,0
30,6,0,998.41,0.1203,589.7,0
43,19,0,1346.76,0.1287,822.94,0
31,6,0,1556.91,0.1493,812.66,1
68,14,0,1904.82,0.1289,1261.09,0
43,16,1,1221.52,0.0441,835.67,0
78,5,1,1090.46,0.0847,1122.91,0
33,12,0,1356.69,0.1444,664.38,0
23,4,0,1760.99,0.095,1063.41,0
54,7,1,1809.82,0.1154,1999.37,0
58,5,1,1039.48,0.136,912.87,0
79,13,3,1607.85,0.092,1909.27,0
72,17,1,1605.11,0.1039,1214.44,0
72,5,1,1625.91,0.0882,1171.59,0
57,5,0,1377.56,0.0508,742.41,1
40,16,0,1065.38,0.0373,531.3,0
44,9,0,1374.89,0.095,564.3,0
26,10,0,1478.81,0.1472,937.97,0
44,14,0,920.39,0.1374,377.58,0
40,2,0,1599.07,0.0315,1016.44,0
20,17,1,1647.59,0.1264,1104.28,0
30,7,1,1127.41,0.0032,664.02,0
51,13,0,1477.47,0.0884,1092.07,1
40,8,0,1443.93,0.1396,602.99,0
79,15,0,1455.35,0.1439,710.79,0
47,12,0,1672.79,0.0905,832.41,0
77,3,0,1196.86,0.0946,688.13,0
58,3,1,1449.46,0.0585,914.28,0
20,17,1,558.38,0.1085,533.31,1
30,10,1,1684.75,0.0369,913.09,0
61,5,1,1655.88,0.0051,2672.84,0
51,2,0,1606.81,0.1253,725.5,0
36,2,0,919.0,0.0091,926.18,0
50,18,0,1488.61,0.0997,1033.61,0
73,19,0,1505.62,0.0655,821.81,0
42,7,0,1004.73,0.0065,586.64,0
20,4,0,1516.79,0.024,784.62,0
37,8,1,1488.91,0.0151,1137.9,0
76,2,0,690.6,0.0322,332.54,0
65,10,1,1525.34,0.0953,1253.25,0
69,12,1,1119.84,0.0856,828.04,0
74,19,0,697.22,0.0649,319.2,0
25,6,0,1309.97,0.1265,796.15,1
35,3,0,1180.4,0.113,708.6,0
21,2,0,1621.14,0.1024,783.73,1
18,7,1,1404.52,0.0898,919.32,0
69,12,1,1583.56,0.1044,1250.94,0
76,1,0,1352.64,0.034,938.76,0
27,15,2,1806.29,0.039,1523.88,0
62,9,0,934.08,0.0447,627.85,0
51,15,0,1259.56,0.1112,887.61,0
22,9,0,1157.78,0.0648,838.42,1
74,3,1,1546.11,0.1439,1198.25,1
72,0,1,1426.74,0.006,849.39,0
53,11,0,1015.79,0.0575,677.42,0
61,10,0,1098.62,0.0232,590.01,0
42,16,0,1694.55,0.1224,1046.36,1
67,17,0,691.69,0.0719,340.34,0
45,3,2,1712.81,0.093,1318.56,0
79,6,0,1572.43,0.0897,762.58,0
21,4,3,1823.65,0.0119,1431.3,1
28,2,0,1791.3,0.1176,888.87,0
78,0,1,1631.55,0.1233,946.17,0
35,1,0,1315.24,0.0911,821.91,1
37,10,0,1059.98,0.0421,478.01,0
67,3,0,1320.8,0.1086,644.65,1
29,3,0,1404.5,0.1051,784.21,1
49,2,1,1351.05,0.1369,1384.16,0
35,14,0,977.15,0.0176,474.77,0
30,12,0,838.73,0.1365,354.98,0
77,19,1,1405.62,0.1331,770.92,1
30,2,0,755.91,0.0446,355.1,1
23,4,0,1058.54,0.1074,517.95,0
59,9,0,470.48,0.0396,416.25,0
71,12,1,1599.91,0.0353,1384.06,0
25,2,1,1696.21,0.0962,1135.55,1
61,4,1,1373.68,0.0075,1418.77,0
51,8,0,1749.44,0.0145,863.62,0
69,0,0,1604.22,0.099,824.47,0
25,7,0,1343.94,0.1428,682.47,0
78,15,2,1466.04,0.0051,1562.63,0
56,10,0,1095.18,0.0034,602.62,0
70,8,1,1518.75,0.0112,1463.86,0
40,9,0,1157.63,0.0002,704.53,0
76,18,0,1364.47,0.1392,913.17,0
56,10,0,1386.74,0.0711,538.12,0
25,10,1,1281.13,0.1038,650.27,1
75,18,1,1678.74,0.0625,857.72,0
67,3,0,1131.43,0.1496,579.53,0
36,1,0,1206.4,0.072,494.84,1
51,8,1,1056.74,0.1409,965.58,1
42,6,1,1268.81,0.0974,869.33,0
51,4,1,1997.46,0.1422,1610.7,1
77,2,1,1079.88,0.0743,697.76,1
73,17,1,1481.31,0.1318,1245.59,0
31,12,0,1063.65,0.0501,400.63,0
78,13,1,685.83,0.0992,484.24,0
45,2,0,1367.69,0.0926,843.56,0
61,6,1,1183.16,0.073,948.3,0
65,12,2,1595.71,0.0752,1299.81,0
47,10,2,1796.92,0.0255,1107.73,0
46,13,0,1270.38,0.1359,867.78,0
46,13,0,1298.49,0.0681,669.89,0
71,8,1,1089.62,0.0227,730.87,0
41,15,1,1562.05,0.1056,1735.97,0
35,5,1,1293.09,0.1091,939.96,1
40,1,2,900.47,0.0068,704.56,0
30,18,1,1598.17,0.0499,1014.93,0
42,0,1,1689.89,0.0876,1370.84,1
25,5,0,1644.34,0.1232,778.62,0
23,2,0,1851.25,0.0466,1144.31,0
62,4,0,1432.06,0.0449,995.99,1
22,7,0,1354.19,0.1105,742.41,0
53,2,1,1677.46,0.0329,1457.28,0
66,9,3,1383.9,0.1344,1396.37,0
62,18,0,698.41,0.1186,339.65,0
45,2,1,1206.9,0.134,616.85,1
30,18,1,1733.17,0.0531,1305.65,0
75,8,0,1001.67,0.0249,593.03,0
69,11,2,1639.68,0.0878,1731.87,0
55,8,1,1521.99,0.0285,1295.29,0
23,6,0,1273.28,0.0399,1074.3,0
20,2,0,816.71,0.0601,405.73,1
37,11,0,1302.81,0.0694,780.6,0
27,18,0,1073.53,0.0484,522.06,0
71,10,0,1710.86,0.0427,1149.83,0
30,11,0,1541.06,0.037,714.4,0
35,12,0,1084.11,0.1035,726.23,0
78,7,0,1729.72,0.0459,832.98,0
68,2,0,1303.11,0.1042,847.61,1
31,10,1,848.51,0.1114,770.09,0
41,17,0,1176.51,0.1071,481.11,0
49,6,0,1690.58,0.1372,720.53,0
59,17,4,1554.05,0.1432,1918.73,1
76,17,1,1329.53,0.022,972.62,0
72,4,2,1092.05,0.0481,894.1,0
78,11,0,839.66,0.1182,425.96,1
20,14,0,949.73,0.1173,446.64,1
32,9,0,831.78,0.0106,495.91,0
52,13,0,1014.52,0.1443,466.79,0
21,18,1,1871.48,0.1284,1435.73,0
40,12,0,1189.18,0.1349,591.55,1
27,16,1,1585.66,0.0307,1038.93,1
75,16,0,1527.47,0.0751,1086.95,0
21,16,0,867.47,0.0661,585.86,0
27,17,0,950.55,0.054,434.53,0
30,4,1,1579.75,0.0341,945.93,0
27,0,1,1159.72,0.0209,966.06,0
53,3,1,1559.88,0.1306,834.91,1
40,4,0,1703.2,0.0796,1271.14,0
74,13,0,763.39,0.0901,437.64,0
34,10,1,1242.92,0.0392,789.42,0
51,9,0,1140.52,0.1403,637.75,0
58,0,1,1192.09,0.1405,1115.89,1
56,13,0,1017.61,0.1007,370.77,0
67,7,1,1202.36,0.0481,1052.61,1
30,15,2,1495.42,0.0349,1648.31,0
49,2,2,1549.47,0.0893,1261.33,1
67,5,0,1486.02,0.1249,817.41,0
71,1,0,1192.46,0.145,683.8,0
56,5,2,1835.45,0.0102,1844.91,0
58,18,0,1022.46,0.0501,493.06,0
71,9,0,839.59,0.0587,467.13,0
56,8,0,1108.57,0.0554,606.35,0
76,5,0,1338.75,0.1002,855.65,0
25,5,0,1458.14,0.0821,1389.37,0
39,13,0,1638.07,0.1337,789.27,0
24,19,0,1287.06,0.0334,729.59,0
23,14,0,1425.91,0.0599,683.35,0
47,14,1,1760.63,0.0812,1138.41,0
32,9,0,966.23,0.1225,434.77,1
43,1,0,1136.96,0.1235,467.14,1
45,14,2,2331.27,0.1289,2563.62,0
56,16,1,1606.92,0.0779,1230.3,0
76,10,1,1503.21,0.0362,1091.88,0
70,1,0,1468.11,0.1089,687.83,0
41,14,0,799.3,0.1432,439.37,0
38,18,0,1005.95,0.0428,445.42,0
65,4,0,896.31,0.0298,497.42,1
25,3,0,1325.58,0.0034,790.73,1
51,14,0,1089.31,0.1,545.34,0
44,6,0,1228.62,0.0818,589.27,0
29,14,0,1106.7,0.0202,559.63,0
56,14,0,712.08,0.0299,467.67,0
37,5,0,1465.49,0.0993,851.39,0
29,0,0,671.34,0.0654,271.65,1
58,11,1,1131.71,0.035,932.53,0
28,8,0,805.36,0.0909,500.97,1
59,17,0,936.08,0.0079,542.25,0
28,7,0,1260.56,0.0024,977.54,0
44,4,0,1570.51,0.0391,880.53,0
68,17,0,731.7,0.0434,445.02,0
32,14,0,1032.84,0.0157,633.05,0
65,12,1,825.29,0.0172,701.31,0
62,19,0,1018.38,0.0252,543.48,0
73,15,0,1221.57,0.1087,599.16,0
28,17,1,1580.12,0.1209,1368.67,1
62,15,1,714.43,0.0272,612.46,0
76,8,0,1365.17,0.0985,983.0,1
65,1,0,908.21,0.035,550.7,0
29,12,3,1285.14,0.132,945.4,0
68,15,1,1370.25,0.0403,1009.58,0
24,19,0,1388.14,0.0195,779.82,0
54,13,2,1469.86,0.0659,1631.49,0
48,11,0,872.06,0.0231,601.33,0
50,11,0,1169.71,0.0298,737.8,0
50,2,0,982.45,0.0509,362.15,0
19,0,0,1381.21,0.0991,653.51,1
49,0,1,1672.61,0.0175,1108.77,0
76,18,1,1653.44,0.0426,1101.1,0
45,15,0,1194.08,0.1288,688.91,1
35,5,0,1536.8,0.0411,1152.98,0
79,8,0,893.71,0.0253,582.8,0
24,9,0,1734.86,0.08,805.52,0
48,4,0,892.03,0.005,421.73,0
49,8,1,740.96,0.1206,439.6,0
47,6,0,1609.63,0.0334,877.43,0
75,13,1,1136.96,0.0199,952.37,0
44,15,3,1685.02,0.1212,2090.33,0
78,1,1,1040.76,0.1264,688.28,0
22,9,0,1909.08,0.1102,1058.86,0
63,19,1,1896.55,0.0352,1890.04,1
54,17,1,1813.97,0.079,961.05,1
32,15,0,1226.51,0.1454,777.53,0
32,14,0,1494.21,0.0717,926.99,0
62,0,1,1334.08,0.1424,896.41,1
57,19,1,1686.66,0.1015,1198.16,0
55,14,1,1226.82,0.1267,951.42,1
21,17,1,1825.41,0.0289,1227.06,0
55,18,0,1061.74,0.139,521.52,0
78,5,1,1245.81,0.128,770.23,0
19,0,0,1060.04,0.1178,858.42,0
47,13,1,1407.74,0.1412,919.11,0
48,9,1,1233.54,0.1183,915.66,1
73,0,1,1496.18,0.0865,1248.19,0
35,5,0,1055.7,0.0973,564.68,0
47,19,1,1587.24,0.1231,1139.83,0
62,7,0,1655.51,0.1124,1021.49,0
21,5,0,1223.26,0.0888,576.11,1
67,13,0,1865.5,0.0897,765.55,0
68,13,1,1688.26,0.132,1040.09,0
62,6,1,1991.47,0.0015,2006.3,0
58,16,0,1181.64,0.1077,587.71,0
64,11,0,701.56,0.0848,401.83,0
66,3,0,988.16,0.1257,422.96,0
74,6,0,1018.76,0.0308,743.5,0
44,16,0,914.09,0.0788,480.25,1
46,1,0,541.23,0.0191,275.74,0
57,0,1,1657.39,0.0989,1150.6,0
29,13,0,641.99,0.1146,592.16,0
71,8,0,1478.66,0.0935,901.27,0
65,5,1,2005.66,0.0832,1385.89,1
57,9,0,966.5,0.0515,303.0,0
36,3,1,1466.27,0.096,1370.32,1
39,7,0,1080.41,0.1349,524.64,0
44,4,0,1448.12,0.1082,681.36,0
59,11,1,991.68,0.0034,606.97,1
66,13,0,1160.46,0.0763,867.99,0
59,18,1,1686.35,0.1105,1192.27,0
75,1,2,1485.34,0.0756,950.91,0
77,6,0,711.41,0.0887,381.09,0
61,5,0,1572.5,0.1367,743.02,0
40,11,1,961.21,0.1311,736.44,0
55,10,0,1223.62,0.0122,632.0,0
44,17,2,1674.79,0.0766,1062.12,0
57,18,1,1385.96,0.0933,972.02,0
68,15,2,2261.23,0.1278,1940.58,0
40,3,0,1420.14,0.0398,616.72,0
49,0,1,1289.29,0.021,621.14,0
20,17,0,1380.8,0.0896,815.29,0
63,18,0,1262.98,0.0701,666.28,0
48,5,0,1213.31,0.0387,648.51,0
46,0,0,1273.14,0.1414,824.69,0
51,13,1,1219.77,0.0476,590.17,0
31,11,1,1413.87,0.0083,1020.32,0
55,17,0,1048.35,0.0088,667.87,1
64,11,0,631.14,0.0302,339.54,0
39,15,2,1842.06,0.0175,1204.53,0
26,15,1,1180.37,0.0592,737.41,0
41,0,0,1242.42,0.0121,633.42,0
30,2,1,1121.87,0.0842,583.29,0
41,15,1,1130.93,0.0613,868.53,0
56,3,1,1038.3,0.0897,740.78,0
25,4,0,1484.49,0.1484,728.4,1
64,15,0,1556.92,0.1488,1058.04,0
31,4,1,1357.78,0.0626,872.13,1
73,2,0,1039.0,0.0551,779.46,0
63,0,0,692.08,0.1022,365.96,1
34,9,0,1438.63,0.0552,663.24,0
52,12,0,997.03,0.1167,462.44,1
24,14,1,1014.82,0.0902,736.87,1
24,18,0,1208.78,0.0299,544.5,0
77,13,0,1099.76,0.0622,631.65,0
67,15,0,744.58,0.1295,383.49,0
27,4,0,785.78,0.083,402.86,0
35,6,0,1300.96,0.1065,719.92,1
30,6,0,1003.29,0.1065,684.43,0
42,1,1,1503.08,0.0723,961.41,1
36,19,1,1393.96,0.0443,1031.18,0
38,4,2,1814.26,0.0895,1721.12,0
50,8,0,950.36,0.017,416.33,0
29,7,0,1269.82,0.0896,786.65,0
72,0,1,1541.48,0.0154,1293.75,0
63,18,0,1012.13,0.1353,685.15,0
65,4,0,1538.16,0.1116,687.59,0
28,2,0,700.12,0.0272,317.37,0
61,6,1,1100.12,0.1177,775.91,0
69,2,2,988.89,0.1089,839.47,0
28,19,0,979.24,0.1093,548.53,0
64,3,2,1453.62,0.0503,1174.89,0
40,6,1,1599.45,0.0784,1183.59,0
66,5,1,1303.41,0.0879,557.6,0
47,0,0,1021.39,0.0565,650.11,1
67,0,0,735.23,0.0841,550.69,1
27,10,0,835.75,0.0366,417.52,0
42,4,0,1293.06,0.1312,751.33,1
34,1,0,1464.44,0.1441,1143.63,0
33,5,1,1224.23,0.049,878.74,0
37,5,0,1563.3,0.0514,927.27,0
41,8,0,915.02,0.0324,737.96,0
25,19,0,1082.84,0.1297,907.99,0
61,6,0,1108.16,0.0245,500.15,0
52,14,0,1658.82,0.1198,852.49,0
69,15,0,1240.1,0.1248,827.38,0
61,1,1,810.47,0.0474,638.27,0
27,10,0,1485.5,0.1165,954.63,1
22,8,1,1903.78,0.0679,803.53,0
44,10,1,1275.08,0.0523,615.06,0
47,3,0,930.88,0.134,742.17,1
32,9,0,1459.28,0.068,950.58,0
66,2,0,1789.28,0.0083,1071.59,0
54,18,1,1604.62,0.0952,892.4,1
64,11,0,713.1,0.0987,366.22,0
24,0,0,1426.4,0.0952,891.98,0
68,10,1,1471.26,0.054,795.51,0
30,18,0,913.61,0.1018,442.73,0
45,14,1,1736.65,0.0437,1334.78,0
45,5,0,1331.51,0.0697,835.99,0
68,17,0,1594.49,0.0325,801.35,0
35,3,0,881.56,0.092,598.69,0
32,4,1,1469.63,0.1216,1267.05,0
39,3,1,1081.47,0.0146,538.75,1
40,18,0,1274.3,0.0041,986.68,0
29,14,1,1793.17,0.1142,1614.45,0
28,10,0,772.07,0.0484,448.99,0
32,13,0,789.3,0.0486,428.5,0
46,5,1,1636.64,0.0847,1366.48,1
39,1,0,1195.76,0.073,742.4,0
42,16,0,1551.38,0.0182,819.91,0
62,19,0,957.81,0.1141,736.94,0
32,0,0,1215.36,0.0264,445.17,0
74,1,0,1406.44,0.1239,687.07,0
64,11,1,1413.06,0.1147,1101.9,0
28,0,0,663.38,0.0251,366.33,0
37,14,0,2046.78,0.1137,1313.62,0
29,18,0,1263.7,0.0991,533.51,0
34,5,0,797.87,0.1473,423.12,0
40,5,0,1294.26,0.1068,909.02,0
26,17,0,1328.74,0.0585,549.96,0
18,7,0,1498.18,0.093,796.73,1
45,4,1,1628.14,0.0993,1043.94,0
61,1,0,1135.85,0.1118,681.58,0
36,16,0,683.38,0.0703,412.52,0
71,18,0,1338.41,0.1242,761.48,0
40,1,0,707.28,0.043,372.43,0
73,16,0,1564.57,0.1445,884.15,0
32,3,0,980.17,0.0466,529.22,0
51,2,0,1390.49,0.0056,770.87,0
65,7,0,1003.15,0.03,749.12,0
21,8,3,1502.39,0.1391,1208.46,0
75,17,1,1109.71,0.1185,847.18,0
40,13,0,1414.82,0.0659,653.89,0
48,2,2,1313.6,0.1358,1685.74,1
56,11,1,1580.56,0.037,1147.2,0
57,17,0,1021.44,0.035,442.3,0
19,13,0,1130.57,0.0193,602.27,0
71,4,0,1210.67,0.0664,504.59,0
56,2,1,1396.15,0.0771,877.04,0
79,9,0,922.74,0.0218,582.37,0
47,9,2,1711.14,0.0172,1950.03,0
56,7,2,1418.6,0.0586,1528.43,1
45,2,0,1363.17,0.0349,744.86,0
73,2,1,1345.13,0.0861,1074.9,0
69,10,0,1375.94,0.0787,902.53,0
74,18,0,1076.6,0.0244,942.1,0
49,11,0,963.12,0.002,476.27,0
67,8,0,1328.06,0.0967,1002.2,0
40,18,1,1201.88,0.1159,688.81,0
46,13,0,1637.64,0.0732,1157.02,0
65,14,0,1220.3,0.0863,601.44,0
23,11,1,937.91,0.1443,583.26,0
62,15,0,1024.36,0.1152,539.96,0
18,10,0,900.21,0.0501,430.11,0
54,12,0,1521.88,0.1275,924.74,0
47,12,0,1432.06,0.0823,1021.25,0
47,15,0,1181.69,0.0783,432.24,0
48,17,0,1287.02,0.1038,693.51,0
48,5,1,1323.7,0.0644,759.45,1
43,13,0,1458.12,0.1321,975.08,0
45,0,1,1505.95,0.0251,1426.51,0
53,10,0,1409.99,0.0633,759.77,0
65,17,0,1142.45,0.0097,553.84,0
52,12,0,1010.53,0.1058,408.21,1
57,5,0,1399.52,0.0405,1153.14,0
69,12,1,1815.4,0.0638,1685.09,0
79,7,0,1531.8,0.133,575.42,0
24,8,1,1824.5,0.0279,1483.09,0
62,4,2,1548.61,0.0003,1076.13,0
31,12,0,909.0,0.0867,458.17,0
30,3,0,935.64,0.0656,406.73,0
67,8,1,1763.87,0.0082,842.89,1
22,18,0,641.42,0.0444,354.66,0
70,15,0,1651.43,0.0359,1346.26,0
65,8,1,1113.71,0.0391,659.82,0
79,19,0,1777.02,0.1184,1185.07,0
59,0,1,1328.82,0.0457,1168.45,0
72,19,0,1416.77,0.0734,913.32,0
25,7,0,1915.51,0.0398,1593.41,0
73,16,1,1250.96,0.1426,1079.7,1
27,18,0,1095.92,0.1161,877.33,0
37,12,1,1141.55,0.0635,647.07,0
25,12,0,899.47,0.109,582.59,0
42,14,0,1101.05,0.0472,831.14,0
64,4,0,1033.55,0.0123,494.21,0
34,3,0,824.92,0.0646,229.21,0
68,6,1,1286.86,0.0847,712.1,0
55,9,1,1484.94,0.0524,915.9,0
56,14,1,1081.23,0.0602,862.48,0
76,5,1,1301.27,0.1072,828.43,0
44,11,1,1771.95,0.1343,1264.19,0
39,0,1,924.14,0.1341,583.9,0
79,0,0,1779.5,0.0864,967.76,0
52,19,0,997.79,0.0944,549.44,0
56,17,0,1260.27,0.0799,619.68,0
36,17,0,1583.75,0.0557,1041.49,0
31,6,0,1675.3,0.1107,1232.02,0
28,10,1,1490.95,0.0167,844.82,0
31,13,0,991.65,0.1341,577.92,1
30,5,1,1115.16,0.0426,597.39,0
64,14,1,1177.53,0.0328,591.32,0
21,13,0,1766.78,0.0411,1212.97,0
57,8,1,1235.06,0.1218,1315.64,1
76,8,0,1297.09,0.0403,677.77,0
65,6,0,886.87,0.0914,714.06,0
42,16,0,853.1,0.0515,418.15,0
21,19,0,1207.92,0.0985,643.14,1
69,19,0,1102.58,0.0887,858.82,0
18,15,0,1124.49,0.1497,522.78,1
60,6,0,756.28,0.0466,506.92,1
59,15,0,1177.95,0.0525,613.07,0
29,4,1,1814.78,0.0298,1120.25,0
63,17,0,944.09,0.0696,475.83,1
28,5,0,1469.23,0.1256,531.36,0
31,8,0,400.0,0.0316,287.23,0
68,1,1,1109.3,0.1442,827.55,0
78,1,0,626.88,0.002,339.6,0
34,7,0,1570.86,0.1208,763.1,1
75,11,0,1463.63,0.1037,869.25,1
74,0,0,889.7,0.1358,592.4,0
65,16,1,1436.78,0.0783,969.69,0
26,2,1,1710.51,0.1021,1478.81,1
36,19,0,1607.16,0.0074,947.52,0
60,5,1,1228.26,0.0592,859.55,0
79,7,1,687.34,0.1156,588.18,0
68,3,0,930.44,0.0163,469.04,0
44,16,1,1579.84,0.1174,876.99,0
32,14,1,1979.67,0.0462,1396.6,0
77,1,0,1183.7,0.0529,665.18,1
35,2,1,1167.95,0.0971,796.53,1
39,12,2,2219.81,0.0117,2444.49,0
77,17,0,1321.72,0.0937,815.17,0
52,2,1,981.67,0.1371,684.01,0
34,4,0,1164.33,0.0141,648.98,0
18,10,1,1649.98,0.0379,1195.56,0
44,2,1,1328.89,0.0021,1052.62,1
79,6,1,1588.31,0.0777,1144.43,0
44,0,1,868.5,0.1096,600.4,0
61,9,0,769.75,0.139,328.92,0
33,14,0,979.54,0.0552,474.25,0
66,8,3,1565.34,0.0223,1692.56,0
66,5,0,1300.18,0.0044,753.3,0
55,8,0,1391.03,0.0488,576.71,0
65,10,0,1939.83,0.0768,967.36,0
53,3,0,978.43,0.1351,453.32,1
41,2,0,1105.8,0.0325,810.66,0
63,3,0,986.8,0.1172,579.0,0
69,19,0,1523.82,0.0721,926.72,0
70,14,0,1540.19,0.1301,848.03,0
31,2,0,1065.7,0.1295,524.65,1
59,6,0,1819.72,0.1287,928.86,1
18,8,2,1287.33,0.0602,1233.12,0
53,3,2,1808.98,0.0519,1490.6,0
53,17,0,1636.36,0.0311,1009.74,0
40,18,0,791.53,0.0343,454.49,0
79,4,0,1373.29,0.0924,812.96,0
72,0,0,400.0,0.1443,239.22,0
20,5,0,1447.26,0.0909,726.91,0
30,11,1,1019.52,0.0618,683.09,0
30,16,0,1370.24,0.0364,917.01,0
73,6,3,1876.5,0.0978,2766.05,1
50,5,1,1686.04,0.0316,1444.42,1
63,4,1,1617.06,0.014,660.04,0
68,0,0,1216.77,0.014,583.45,0
65,0,0,1085.86,0.1276,619.97,0
23,8,0,1177.68,0.0573,527.56,0
26,12,0,865.2,0.1411,383.96,0
42,0,0,1136.49,0.0745,583.22,1
38,4,0,1112.79,0.1037,665.34,0
64,18,0,963.53,0.124,608.33,0
27,19,0,677.64,0.1312,351.34,0
41,12,1,966.92,0.0244,630.82,0
32,10,1,550.0,0.0325,331.26,1
29,11,1,1257.64,0.0225,992.41,0
28,7,0,1308.15,0.0668,797.08,1
30,4,0,400.0,0.0233,267.6,0
52,7,3,1721.01,0.0976,1806.88,0
43,13,0,1163.26,0.0544,499.37,0
44,13,0,846.97,0.1446,440.76,0
47,13,0,1070.64,0.1225,709.1,0
63,12,0,1515.24,0.1086,597.55,0
71,1,2,1207.74,0.1033,1030.68,0
50,12,0,1223.66,0.0059,722.87,0
57,17,0,1303.98,0.0126,1086.28,0
63,12,0,953.34,0.0648,471.7,0
60,11,0,1502.48,0.1372,818.23,0
26,4,0,1321.15,0.0141,1033.16,1
78,15,0,1124.43,0.063,557.78,0
28,9,0,1908.97,0.1191,1320.63,0
43,5,0,1503.77,0.048,907.66,0
58,9,1,844.15,0.1394,575.85,0
43,2,0,1083.25,0.1402,661.59,0
33,18,0,1939.99,0.0085,1051.04,0
75,14,1,1055.35,0.0925,1181.95,0
22,6,1,1369.9,0.0218,646.2,0
33,15,0,1569.3,0.0662,827.57,0
79,1,0,1395.7,0.1347,740.35,0
63,7,3,1888.94,0.011,1881.29,0
23,13,0,1421.28,0.1406,984.37,1
64,0,0,1207.62,0.1492,616.22,0
78,14,0,962.31,0.1005,592.5,0
24,16,0,1330.43,0.0534,777.56,0
43,11,0,1079.17,0.0377,712.12,0
47,4,1,1205.59,0.0649,836.32,0
26,14,1,1794.74,0.027,1364.83,0
30,6,3,1535.7,0.003,1532.71,0
28,14,0,1711.84,0.0094,784.24,1
29,12,2,1577.03,0.0995,1884.73,1
43,1,0,1152.26,0.0031,552.05,0
46,1,0,654.73,0.0452,332.0,0
32,0,0,1835.96,0.1015,863.13,1
35,1,1,1348.21,0.0262,1041.76,0
29,5,0,518.77,0.0498,263.07,1
67,0,1,1646.32,0.0047,1589.34,0
31,18,0,1184.94,0.0169,735.71,0
74,18,0,920.6,0.0339,486.03,0
51,3,0,1479.36,0.0189,688.16,0
67,6,3,885.38,0.0708,885.91,0
57,14,1,1135.77,0.019,898.56,0
34,13,1,1260.18,0.0458,890.3,0
55,11,0,1455.66,0.1085,789.77,0
34,19,0,1872.08,0.0981,851.77,0
25,12,2,1426.57,0.0574,1939.32,1
33,13,0,1337.98,0.1397,717.16,0
35,10,1,2174.52,0.1181,1177.78,0
26,10,0,1201.42,0.0911,540.69,0
19,5,1,1490.46,0.0655,992.02,0
76,10,1,978.79,0.009,1029.67,0
49,18,1,1937.75,0.0619,1335.32,0
42,7,1,1136.11,0.0818,751.55,0
75,2,2,1580.57,0.1487,1624.44,1
31,11,0,1272.07,0.1427,852.81,0
42,15,0,1225.6,0.0168,780.24,0
70,19,0,1069.71,0.1469,621.24,0
57,10,0,1272.4,0.1132,569.29,0
42,15,0,1727.2,0.1023,829.36,0
33,5,0,1884.28,0.1355,764.88,0
20,8,1,1297.46,0.0488,884.57,0
23,8,0,1065.16,0.0599,545.96,0
28,6,0,957.37,0.1306,480.63,0
66,14,0,2005.84,0.0156,1183.55,1
57,17,0,1238.65,0.1064,606.04,0
44,6,1,1684.51,0.1215,1121.99,1
66,2,0,1409.0,0.1328,713.35,0
27,16,0,1862.52,0.0329,1032.69,0
31,16,0,1125.69,0.1019,675.66,0
42,18,1,1017.88,0.0129,554.63,1
74,5,0,1757.84,0.1291,1073.94,0
56,14,0,1470.99,0.0723,865.36,0
70,14,0,1336.88,0.0936,811.13,0
33,15,0,1660.56,0.1277,951.61,0
70,16,0,1354.0,0.0759,812.19,0
22,19,1,1820.97,0.0763,1194.78,1
32,9,0,1273.98,0.0697,776.8,1
50,1,1,1620.58,0.0901,1452.7,0
21,3,0,1357.92,0.1076,686.25,1
71,17,2,1402.41,0.1208,1110.5,0
71,16,1,1288.38,0.0045,1042.07,0
51,0,1,1232.14,0.0522,786.37,0
36,7,0,1279.65,0.0649,618.38,0
24,4,1,1213.26,0.0148,941.27,0
56,6,1,1480.77,0.1127,968.7,1
51,12,1,1470.57,0.0784,1338.74,0
65,10,1,1411.55,0.0003,916.83,0
55,9,0,1266.76,0.0947,600.04,0
25,8,1,1180.15,0.0509,840.64,0
25,12,0,1115.41,0.109,679.03,0
66,13,1,848.82,0.027,645.25,0
27,0,0,1164.04,0.0002,723.45,1
76,2,0,904.26,0.013,451.73,0
24,6,0,1229.96,0.0661,861.3,0
63,8,0,985.65,0.1122,394.98,0
78,19,0,584.8,0.0906,279.14,1
45,17,0,1875.73,0.0022,1054.72,0
21,12,0,1130.57,0.0887,548.76,0
72,0,1,1784.12,0.0723,1195.68,0
29,2,0,1041.9,0.1195,477.74,1
50,9,1,1859.43,0.0385,1271.71,1
79,11,0,854.49,0.1078,523.07,0
64,13,0,1252.81,0.0948,628.06,0
20,2,0,872.31,0.0934,408.28,0
68,17,1,2130.22,0.0608,1385.09,0
27,9,0,1125.22,0.0019,782.98,0
64,11,1,1598.54,0.0281,1418.97,0
56,0,1,1485.17,0.1266,962.36,0
35,16,0,1192.35,0.0925,736.52,0
44,10,1,1505.32,0.0867,1069.36,0
25,4,0,1607.75,0.0789,1159.8,0
79,6,1,1550.46,0.0115,1148.65,0
32,7,1,1398.74,0.0522,957.9,1
37,0,0,1355.8,0.0929,1041.82,0
49,18,1,1924.51,0.0188,1140.69,1
59,16,0,1074.96,0.1381,639.37,0
49,17,1,793.83,0.0109,743.83,0
49,7,0,871.05,0.102,555.31,0
54,11,1,1043.36,0.0452,638.65,0
71,9,0,935.62,0.1296,443.4,0
42,9,1,1095.93,0.124,589.57,1
69,11,2,1492.92,0.05,1743.26,0
66,9,0,1274.23,0.0693,566.87,0
77,15,2,1571.0,0.1439,1572.76,0
74,1,0,980.92,0.0912,411.49,0
67,3,0,1498.17,0.0009,1394.12,0
33,17,2,1660.34,0.1166,1099.53,0
66,17,0,1674.39,0.0542,942.29,0
63,16,1,1604.03,0.0414,1457.4,0
35,7,0,1095.14,0.1248,530.93,0
60,9,0,1591.65,0.1451,994.15,0
33,0,0,1282.08,0.0093,676.19,0
50,5,0,1439.39,0.0586,868.02,0
67,14,0,1416.13,0.042,980.87,0
29,6,0,1162.7,0.1347,595.52,0
38,9,1,1380.98,0.1302,1328.3,0
67,2,0,1160.59,0.1352,694.9,1
46,9,0,944.12,0.0064,777.86,0
77,14,0,556.59,0.0075,262.97,1
18,11,0,991.86,0.0827,486.76,0
62,11,1,1409.75,0.025,959.53,0
68,18,0,1525.68,0.0169,667.99,0
74,4,1,1588.8,0.0391,1363.26,0
27,5,1,1266.12,0.1064,889.15,0
79,12,1,1145.95,0.1007,649.69,0
42,9,0,1146.04,0.1178,542.46,0
39,19,0,907.5,0.0094,425.52,1
40,1,0,565.42,0.115,379.52,0
57,2,1,886.46,0.0736,692.56,0
58,6,0,1612.42,0.0469,876.19,0
47,9,2,2057.19,0.0915,1659.83,0
22,17,0,1426.18,0.1199,758.7,1
79,9,1,1332.55,0.0156,1356.68,0
31,8,2,1082.11,0.1211,896.34,1
23,3,0,1151.66,0.0854,762.86,0
55,8,0,1383.55,0.093,722.81,1
43,10,0,1448.96,0.1318,1131.96,0
56,11,1,1556.64,0.1065,869.72,1
72,12,0,1562.87,0.0875,1024.84,0
24,8,1,1932.89,0.0504,1183.96,0
35,3,0,1078.49,0.0765,936.9,0
50,3,0,2041.59,0.1255,1309.7,0
66,3,1,744.02,0.1493,377.3,0
55,12,0,966.51,0.1134,447.65,0
41,17,0,1260.0,0.1185,806.34,0
55,17,0,1364.71,0.1049,868.58,0
78,6,1,1295.51,0.115,1037.96,0
47,1,1,1201.27,0.0365,883.75,1
72,12,0,1860.78,0.0636,974.15,0
66,0,0,1036.94,0.0834,719.09,0
36,12,2,1194.19,0.0824,872.03,0
33,7,0,1707.25,0.0896,962.88,0
65,16,0,1454.75,0.146,717.06,0
30,12,0,1528.42,0.1283,741.45,1
38,14,0,1258.76,0.1242,640.78,0
32,8,1,937.2,0.1246,576.84,0
55,16,1,1375.39,0.119,1094.62,0
36,10,0,745.89,0.1019,309.81,0
58,12,0,1272.69,0.0385,774.1,0
75,7,1,1546.02,0.1284,970.99,0
69,8,0,1522.63,0.042,854.81,0
76,16,1,1322.28,0.1087,911.85,0
19,7,1,1574.43,0.0166,1015.9,0
46,0,0,928.85,0.0821,660.62,1
31,7,0,1489.99,0.0478,771.97,0
74,7,0,1402.37,0.1057,900.75,0
62,8,0,959.92,0.1283,618.15,0
37,1,0,1359.11,0.0023,718.15,1
52,2,0,1526.92,0.0171,662.51,0
55,6,0,1223.59,0.1388,572.33,0
48,8,0,953.25,0.0359,686.94,0
47,0,0,1253.33,0.1096,771.76,0
21,7,0,1365.74,0.1219,783.54,0
46,6,0,950.99,0.1111,473.76,0
39,0,0,897.71,0.0048,708.26,0
68,5,0,1356.49,0.1103,636.28,1
71,5,0,1447.0,0.1442,830.31,0
64,2,0,1844.93,0.0553,1138.15,0
19,15,1,1549.72,0.1065,851.0,1
70,1,0,837.28,0.0415,401.44,1
42,11,1,1961.94,0.1496,1276.54,0
43,13,0,1516.5,0.0313,1005.41,0
76,16,0,598.42,0.0458,305.92,0
71,10,0,890.91,0.0252,373.01,0
21,10,0,1052.53,0.1433,432.29,1
40,15,0,1451.43,0.0857,694.72,0
64,17,1,636.16,0.037,336.69,0
51,4,0,1164.27,0.0202,757.62,0
33,15,0,1434.31,0.1312,940.69,0
50,9,0,400.0,0.0094,223.52,1
71,1,0,1424.03,0.0965,753.88,0
31,12,0,1460.08,0.0915,944.99,0
64,19,0,946.0,0.1158,607.21,0
63,2,0,854.01,0.1023,391.2,0
72,0,0,941.31,0.1255,443.27,0
36,18,2,700.0,0.0057,699.82,0
31,11,0,1102.14,0.0645,649.19,0
51,4,1,1415.88,0.0121,1140.11,0
50,15,0,834.2,0.0608,389.28,0
43,7,0,1491.61,0.0841,716.15,0
66,6,1,1380.77,0.0891,1080.2,0
67,5,1,1428.01,0.1387,888.36,0
33,11,0,1079.4,0.1383,444.42,0
67,2,1,1572.91,0.0465,981.47,0
32,7,0,1587.17,0.1049,850.04,0
43,6,2,1377.74,0.1069,1680.6,1
19,1,1,1578.31,0.1436,951.6,1
39,15,0,1431.61,0.0126,789.04,1
77,0,1,1475.36,0.0926,1582.83,1
45,19,1,1853.12,0.0611,1061.75,0
62,1,0,982.05,0.0521,625.37,1
24,7,0,1073.54,0.0926,519.63,0
57,1,0,966.91,0.0419,584.67,0
41,7,1,1567.51,0.0054,1782.72,0
64,12,0,1118.25,0.1167,731.01,0
75,1,0,991.28,0.013,570.19,0
50,10,0,1698.94,0.0492,783.79,0
24,15,0,1742.85,0.0892,938.98,0
47,9,0,1101.39,0.0936,548.87,1
25,2,0,789.78,0.0999,329.72,0
45,13,0,1759.06,0.1492,641.21,0
21,3,0,1341.22,0.0602,633.87,0
57,0,0,1326.22,0.0206,735.38,1
37,8,0,1231.5,0.0207,859.59,0
30,5,0,959.9,0.0765,462.11,0
19,0,0,1076.01,0.0576,623.87,1
73,15,0,1403.32,0.137,557.22,0
69,11,0,1065.73,0.0766,506.71,0
68,18,1,1479.9,0.0678,646.77,0
21,9,1,1354.01,0.1294,1509.26,1
39,8,0,882.93,0.1194,512.58,0
78,16,1,1836.34,0.1071,1353.62,0
53,1,0,1378.21,0.0791,855.93,0
25,7,0,1299.19,0.0352,1203.0,0
26,15,1,1516.51,0.0851,991.12,0
34,5,1,812.13,0.0174,475.91,0
78,17,0,1052.05,0.0805,875.8,0
28,5,0,741.81,0.1277,323.6,0
73,8,0,1237.41,0.0773,895.16,0
60,17,1,1447.77,0.0103,1017.13,0
75,4,1,1392.4,0.0047,1082.66,0
69,19,0,1553.58,0.1291,650.39,1
38,0,0,750.79,0.0336,703.77,1
69,5,1,1110.22,0.0789,733.33,0
28,11,0,1324.3,0.1165,642.25,0
36,11,1,1429.18,0.038,1137.12,0
31,18,0,805.37,0.1106,395.01,0
26,19,1,1708.96,0.0113,1326.45,1
23,13,0,1662.97,0.1123,721.09,0
29,13,0,1327.68,0.0096,762.74,0
25,6,1,897.28,0.0416,567.06,0
41,16,1,1397.92,0.0385,852.18,0
22,12,0,1302.1,0.1337,601.89,0
21,0,0,1118.45,0.0802,745.07,1
79,16,1,1754.17,0.1265,1166.07,0
23,7,0,1165.22,0.0873,626.71,0
22,9,0,1831.36,0.121,1113.02,0
19,9,1,1584.94,0.0827,1419.5,0
26,16,0,1282.82,0.0675,595.12,0
50,5,0,1476.13,0.0987,860.84,0
69,7,0,1659.27,0.043,771.86,0
63,0,1,1619.72,0.1378,1107.69,1
53,6,1,1327.25,0.1362,1170.99,0
23,1,0,1002.02,0.0109,349.73,1
66,11,2,1163.37,0.1375,839.61,0
20,17,1,617.78,0.0273,420.56,1
57,9,1,1402.27,0.1022,1078.9,0
43,18,1,1233.7,0.1235,1122.65,0
72,19,0,1099.76,0.0362,437.03,0
37,1,1,1658.66,0.0169,1569.62,0
57,10,0,1166.38,0.1134,722.29,0
45,10,2,2068.53,0.0664,1711.12,1
50,7,2,1328.07,0.073,859.29,1
76,16,0,908.71,0.1143,452.21,0
62,7,0,822.71,0.0381,563.54,0
43,1,2,1716.83,0.0146,1498.1,0
45,10,0,1545.45,0.1437,831.73,0
61,4,0,1021.68,0.1049,469.43,0
39,7,2,1180.81,0.0978,1187.16,0
28,10,0,1659.08,0.0499,898.46,0
46,14,0,764.88,0.1494,407.08,1
22,5,1,1653.07,0.0334,1156.4,0
28,7,0,1028.71,0.0267,504.52,0
44,1,0,1319.13,0.0477,625.33,0
67,7,1,1673.08,0.1108,880.28,0
66,11,0,1342.88,0.0356,662.01,0
34,12,0,1111.42,0.0469,432.67,0
44,5,1,1768.83,0.0794,1389.83,1
27,1,0,1286.73,0.0975,628.25,0
64,11,0,2304.75,0.0224,1189.0,0
33,13,0,688.45,0.0982,381.31,0
67,1,1,834.02,0.0572,506.51,0
70,10,0,1498.28,0.0519,660.95,0
60,1,1,1340.47,0.0119,999.11,0
38,9,1,1587.78,0.1461,1651.8,0
77,12,0,870.49,0.104,582.71,0
60,14,2,1516.24,0.015,1700.03,0
58,14,0,1337.2,0.0549,575.51,0
71,15,1,1186.89,0.012,814.46,0
72,4,0,1269.55,0.0812,680.9,0
22,16,0,791.54,0.105,587.73,0
72,6,0,1318.45,0.0085,883.76,0
65,7,0,1633.63,0.1383,882.13,0
30,15,1,978.73,0.0561,441.56,0
37,6,0,810.61,0.0352,358.75,0
64,1,0,1556.98,0.0195,986.04,0
31,14,1,955.31,0.0218,638.81,0
46,13,1,1602.18,0.1275,1117.45,1
60,11,0,1216.6,0.072,767.51,0
58,2,1,1224.65,0.1198,1094.99,0
74,12,1,1789.96,0.0341,1092.16,1
24,3,0,1478.44,0.0477,928.6,0
36,11,0,1283.91,0.0619,988.87,1
79,10,1,704.2,0.0682,668.06,0
53,15,0,1413.68,0.0147,709.38,0
33,19,0,878.74,0.0068,520.12,0
35,3,3,1583.59,0.1494,1882.47,1
39,2,0,1202.2,0.1,673.54,1
52,11,2,2069.18,0.0082,1708.73,0
35,19,2,1424.03,0.1159,874.45,0
56,3,0,773.17,0.0542,362.89,0
45,9,1,1790.89,0.1195,1111.13,0
55,8,0,1417.72,0.1425,614.7,0
27,6,0,1428.89,0.004,814.97,0
56,13,0,1646.53,0.1446,1092.63,0
75,5,2,2016.96,0.0249,1609.92,0
26,9,0,932.48,0.0446,334.86,0
38,16,0,782.7,0.094,426.53,0
60,7,1,1602.74,0.1074,1207.12,1
56,0,0,1121.26,0.0255,652.03,0
59,17,0,1148.47,0.0205,554.77,0
52,5,0,863.5,0.043,378.64,0
60,15,0,1375.17,0.0488,916.18,0
55,15,1,1470.64,0.0477,1124.98,0
22,10,0,1153.35,0.0257,561.6,0
64,1,0,783.5,0.1456,323.8,0
45,19,0,1562.75,0.1197,911.71,0
21,13,0,1276.71,0.147,595.34,1
43,8,1,1685.35,0.0155,1297.24,0
44,17,1,719.1,0.0113,529.16,0
23,15,1,1367.05,0.0804,1476.63,0
79,15,0,984.93,0.0922,541.09,0
31,3,0,1210.84,0.0953,1008.1,0
38,12,0,1482.96,0.014,841.16,0
45,5,0,1310.98,0.1266,640.18,0
69,1,1,1355.44,0.0735,782.51,0
64,6,2,1503.83,0.0552,1095.32,1
65,2,1,882.07,0.0757,685.27,0
32,2,0,928.03,0.0061,531.39,1
70,14,0,1536.39,0.0323,593.52,0
69,10,1,1198.34,0.1498,1047.8,0
46,7,0,1542.13,0.0829,1156.21,0
51,3,0,1447.91,0.0118,558.2,0
20,15,0,1463.76,0.0439,1000.02,0
65,12,0,1299.87,0.0277,1015.61,1
77,11,0,1069.2,0.1387,416.57,0
47,3,1,1304.65,0.1209,847.22,1
51,2,0,1392.12,0.082,655.42,0
48,2,2,862.32,0.1428,909.45,0
23,0,0,1573.13,0.0559,807.94,0
56,19,0,1049.96,0.1297,534.96,0
62,7,1,1324.11,0.0701,1027.08,0
75,13,0,1176.7,0.1273,896.95,0
75,19,0,1188.05,0.1351,654.81,0
48,18,0,805.91,0.0694,409.29,0
77,6,0,1245.52,0.0267,656.58,0
50,9,1,1528.31,0.0289,1242.99,0
57,9,0,586.66,0.0433,250.83,1
55,0,1,959.76,0.0334,682.06,0
79,15,0,1468.76,0.0582,679.41,0
63,11,0,1412.94,0.076,619.82,0
25,7,1,1439.62,0.0131,695.7,0
22,11,1,1145.36,0.1364,736.72,0
43,14,0,1414.68,0.0004,979.47,0
49,0,0,839.13,0.0207,314.91,0
59,12,0,1158.8,0.0013,720.75,0
47,17,0,808.05,0.148,396.02,1
49,14,1,1301.4,0.0616,750.13,0
75,12,0,890.88,0.0294,532.5,0
38,1,1,1576.74,0.0178,1461.11,0
48,14,0,1329.95,0.0556,1001.34,0
52,15,0,1028.83,0.1464,607.6,0
47,9,0,1527.09,0.0823,840.22,0
78,11,2,1213.11,0.0531,1138.75,0
77,12,1,1339.41,0.0547,1567.29,0
49,2,2,1315.55,0.0176,1076.97,0
45,5,0,1422.71,0.0776,996.16,1
54,15,1,1543.03,0.0636,977.26,0
29,19,0,1590.59,0.1093,751.7,0
44,5,0,1224.9,0.0288,973.6,0
31,8,0,400.0,0.0206,223.32,0
26,18,0,1070.74,0.0872,624.92,0
23,3,0,1669.58,0.1113,1039.32,0
54,5,1,1252.5,0.0746,747.02,0
18,1,0,624.74,0.1185,319.35,1
58,4,0,1334.8,0.1262,655.06,0
44,12,0,1357.22,0.1375,809.35,0
40,6,0,981.84,0.0567,589.55,0
65,19,0,1125.98,0.1357,557.19,0
51,17,0,945.81,0.1064,791.71,0
63,17,0,1356.77,0.0937,752.94,0
61,14,1,1366.98,0.0831,994.9,1
19,14,1,1000.27,0.003,933.04,0
31,10,1,1347.14,0.084,806.32,1
53,19,0,980.09,0.1168,492.79,0
78,1,0,1638.32,0.1483,967.9,0
27,14,0,1468.11,0.065,609.84,0
24,2,0,1163.32,0.1485,619.03,1
76,6,1,1374.32,0.0257,1476.77,0
77,5,0,1504.13,0.1437,1209.99,0
28,12,1,1297.92,0.0884,1107.31,0
42,15,0,1427.52,0.0994,1009.13,0
56,1,1,1793.22,0.0861,1411.16,0
30,12,0,1052.74,0.1474,538.86,0
38,4,0,1693.84,0.0066,1313.0,0
42,1,0,1606.54,0.0616,741.5,0
57,8,0,1274.57,0.1313,863.21,0
37,11,0,1066.83,0.0251,537.65,0
43,4,0,1270.83,0.0854,648.22,0
35,7,2,1426.65,0.0785,1379.19,0
65,19,0,962.17,0.1211,806.41,0
27,6,0,1359.68,0.1377,1009.63,0
32,19,0,892.94,0.0388,533.19,1
33,16,0,1098.43,0.104,620.68,0
74,7,0,1102.38,0.0822,719.19,0
76,11,1,940.42,0.0994,881.02,0
49,14,0,1397.54,0.0301,548.38,0
27,9,0,1131.5,0.0409,615.54,0
64,8,1,1739.65,0.0825,1004.94,0
48,6,1,1276.6,0.0004,871.26,0
70,2,0,1078.02,0.1075,467.74,0
40,0,0,928.61,0.0242,361.07,1
79,6,1,1361.71,0.1397,745.74,0
68,15,0,1213.4,0.1291,606.12,0
31,4,0,1422.53,0.0935,892.57,0
62,3,1,1370.11,0.1337,830.14,1
35,6,0,1828.18,0.1481,857.94,1
39,11,0,1336.87,0.1162,807.41,1
33,4,0,903.95,0.094,534.18,1
60,4,1,1028.56,0.0674,1030.79,1
34,2,0,1360.44,0.122,915.17,0
57,6,0,894.5,0.1057,406.54,0
54,4,0,1378.45,0.0709,672.64,0
64,16,1,1618.69,0.075,1339.96,0
79,18,1,1625.92,0.0343,970.92,0
18,7,1,1089.24,0.1183,727.85,0
79,1,0,1476.44,0.1317,585.17,0
24,1,0,1296.78,0.0025,557.2,1
50,6,1,1167.64,0.0168,1070.99,1
39,9,0,1152.18,0.1487,664.78,1
57,10,1,1491.38,0.0267,937.65,0
62,6,0,998.14,0.1105,505.12,0
71,7,1,1440.56,0.0721,1447.47,1
42,5,3,2083.68,0.0782,1869.2,1
75,10,0,1489.22,0.0163,913.5,0
37,13,0,1224.6,0.0207,813.43,1
30,0,0,1270.24,0.0867,946.3,0
41,9,1,1188.58,0.0566,714.82,0
50,12,1,1197.03,0.1196,645.12,0
59,13,0,738.84,0.1458,330.61,0
69,11,0,1275.33,0.1218,823.67,0
31,10,1,1554.75,0.0609,1651.07,1
36,13,0,1178.75,0.0723,766.61,0
76,7,0,936.8,0.0235,458.14,0
45,11,0,1219.84,0.1044,863.2,1
32,6,1,1752.53,0.0671,1137.65,1
79,8,0,1469.39,0.1286,694.27,0
45,2,0,1191.16,0.0978,622.04,1
79,7,0,1814.23,0.0256,901.26,0
74,2,0,2009.62,0.0616,974.5,0
74,4,0,1055.96,0.1015,752.32,0
54,8,0,1126.23,0.1287,566.84,0
67,10,0,1408.0,0.0526,571.96,0
77,18,0,926.11,0.1004,581.01,0
34,0,1,1604.74,0.026,945.31,0
20,17,1,1380.44,0.1357,818.44,1
37,6,1,1461.49,0.0863,1198.93,0
57,14,3,1477.37,0.1153,1307.24,1
51,13,0,963.69,0.0595,491.18,0
22,19,2,904.36,0.1411,791.63,1
52,2,0,1645.43,0.108,867.05,0
28,19,1,1632.43,0.023,1068.18,0
49,1,1,1552.01,0.0825,692.59,1
53,17,1,1454.5,0.0408,1001.82,0
57,13,1,658.73,0.125,648.54,0
43,9,1,1124.67,0.1174,909.5,1
43,7,0,1123.18,0.0742,581.39,0
60,1,0,875.6,0.0453,536.76,0
64,16,0,691.94,0.1279,437.72,0
68,14,1,1056.79,0.1276,636.7,0
38,18,0,1214.74,0.0758,871.59,0
44,14,1,1364.82,0.1076,1005.38,1
38,19,0,1472.26,0.0428,771.77,0
50,17,1,1968.95,0.0523,1929.6,0
25,8,1,1555.73,0.1416,733.45,0
44,14,0,1147.34,0.1104,506.05,0
29,5,0,1740.1,0.0108,1103.92,1
51,15,1,875.42,0.0687,714.26,0
70,12,1,726.35,0.0594,719.9,0
79,8,0,933.98,0.0346,331.91,0
45,12,1,1593.66,0.1492,1349.18,0
21,5,0,1250.57,0.0204,543.97,0
32,12,0,861.5,0.0471,522.73,0
24,9,1,1131.87,0.1273,796.6,0
65,6,0,827.55,0.0198,547.33,0
79,19,0,827.55,0.0564,440.54,0
52,1,1,1815.32,0.0951,1584.38,1
28,15,0,1156.97,0.0505,547.05,0
19,4,0,1730.87,0.0613,950.22,0
78,4,0,933.0,0.0825,541.08,0
37,3,0,1347.34,0.1429,1051.35,0
24,2,1,1418.12,0.1306,1194.4,0
28,2,0,1463.9,0.0168,850.93,1
33,16,0,1276.36,0.0854,809.43,0
58,18,0,1495.53,0.098,1036.98,1
73,11,0,1366.26,0.0489,821.67,0
35,0,0,872.62,0.0396,396.65,1
60,17,0,1419.81,0.0897,898.35,0
22,12,1,1319.07,0.0622,935.19,0
18,10,0,966.98,0.1358,502.8,0
21,18,1,1558.19,0.0245,949.52,0
75,8,0,1476.47,0.0062,925.08,0
54,7,0,1054.93,0.1349,652.12,0
67,15,1,1244.83,0.1344,733.16,0
19,10,0,783.86,0.0625,350.59,0
19,14,0,658.58,0.1131,536.47,0
70,13,0,1127.31,0.1269,747.19,0
24,16,0,1437.62,0.0382,816.23,0
27,6,0,1028.02,0.0982,647.58,0
50,1,1,1778.34,0.1106,1154.72,0
55,9,0,1138.48,0.0536,613.74,0
32,12,0,1139.7,0.1419,638.69,0
45,16,0,1113.27,0.1451,753.34,0
59,5,0,1494.48,0.073,628.59,0
45,14,0,912.33,0.0114,415.11,0
41,16,0,1161.31,0.1378,507.23,0
22,16,1,1185.79,0.0784,1002.76,0
46,16,0,1031.53,0.0208,564.09,0
67,19,1,1360.55,0.1098,807.62,0
56,13,2,1466.0,0.1031,1217.34,0
73,7,0,1515.5,0.021,745.27,0
25,8,0,1196.77,0.0412,501.24,0
18,14,1,1516.5,0.1296,1391.25,0
51,4,1,1401.83,0.1454,970.09,0
29,12,1,1771.13,0.0608,1632.37,0
54,11,1,1259.28,0.0202,672.01,0
74,13,0,1110.13,0.0528,685.19,0
38,8,1,1573.51,0.0761,840.75,0
52,14,0,1105.2,0.0451,1005.72,1
60,1,2,1649.52,0.0917,1013.11,1
27,14,0,1901.37,0.0012,1519.5,1
73,16,0,906.31,0.1225,503.72,0
30,17,0,1659.5,0.1267,892.77,0
68,18,0,1052.34,0.1175,660.66,0
58,6,0,1601.3,0.0455,740.68,0
26,0,0,1405.81,0.0949,917.81,0
62,13,0,1380.1,0.0548,914.32,0
30,1,1,1304.71,0.0584,932.48,1
55,5,0,1124.85,0.1064,659.85,0
77,14,2,1283.4,0.1265,1638.66,0
77,11,1,1351.88,0.1246,1097.96,0
72,12,0,1144.83,0.0347,546.3,0
48,15,0,1257.31,0.0987,815.21,0
52,3,0,776.8,0.0401,389.24,0
36,15,1,1356.79,0.0943,835.72,0
75,11,1,1728.8,0.0551,1365.72,0
47,8,0,1483.21,0.1185,676.34,0
65,9,0,1206.9,0.1406,679.73,0
40,10,0,1968.73,0.0435,1257.02,0
63,11,2,1326.79,0.1303,1687.32,0
31,6,1,1324.0,0.111,1072.56,0
63,4,0,764.85,0.0849,318.08,0
20,3,0,1078.91,0.0787,462.92,0
24,6,1,1886.34,0.0479,1899.58,0
39,5,0,1090.36,0.0305,535.94,0
47,10,0,741.65,0.0125,305.57,0
62,18,0,1461.6,0.1069,667.1,0
40,2,0,1316.76,0.0334,861.23,0
19,6,0,1449.19,0.0743,827.11,0
38,0,0,1110.88,0.1335,705.55,0
45,19,0,897.86,0.1007,497.71,0
51,14,1,1294.91,0.0254,740.52,0
57,4,0,1366.45,0.1102,533.32,0
33,8,1,1328.3,0.0322,801.48,0
55,14,0,1316.39,0.117,752.65,1
57,19,2,1338.95,0.0117,917.24,0
66,11,0,1327.53,0.0213,901.68,0
50,5,0,1199.1,0.1401,547.8,0
68,13,0,988.24,0.042,396.29,0
31,13,1,1391.99,0.0226,992.62,0
62,12,0,1083.99,0.0322,704.26,0
20,0,1,1535.15,0.0542,1475.31,0
24,14,0,1461.95,0.1256,590.97,0
71,0,1,1500.46,0.0229,1422.24,0
47,18,0,709.5,0.0024,410.85,0
56,17,0,910.57,0.1297,448.75,0
55,11,1,1159.03,0.0449,946.93,0
61,12,0,961.11,0.0115,703.29,0
33,1,0,1037.15,0.0042,413.65,0
29,17,1,1627.57,0.1349,1064.63,1
20,5,0,1409.6,0.0785,705.38,0
71,5,2,1372.84,0.0916,1350.56,0
31,14,0,1377.54,0.0924,1029.33,0
53,18,0,1298.65,0.0783,735.36,0
46,9,1,1340.14,0.1154,901.28,0
28,10,1,1694.47,0.1359,1320.71,0
43,10,1,1151.61,0.0962,783.48,0
23,5,1,1365.83,0.1266,631.02,0
28,11,0,884.74,0.0014,547.47,0
26,19,0,899.12,0.072,611.04,0
69,7,0,791.77,0.0906,547.64,0
53,15,0,904.24,0.0302,400.41,0
75,15,0,1224.93,0.024,771.76,0
45,17,1,1259.25,0.0204,1219.93,0
30,14,0,1119.04,0.0427,1035.83,0
55,18,0,1110.25,0.1235,681.8,0
75,14,1,1881.82,0.0041,1633.52,0
51,19,0,858.85,0.0904,392.95,1
19,14,0,826.77,0.0102,368.5,1
36,16,0,946.37,0.089,643.36,0
75,17,0,1178.43,0.0378,437.63,0
50,19,0,1354.43,0.0236,779.62,0
77,11,0,1385.58,0.0699,1029.26,0
49,14,1,1633.39,0.0347,1342.99,0
18,19,0,1167.53,0.0567,750.29,0
72,7,0,1081.1,0.095,597.31,0
65,2,1,1840.04,0.1404,1208.69,1
62,17,0,400.0,0.0927,343.44,0
78,12,1,1368.83,0.0761,1249.09,0
30,8,0,1329.0,0.0836,878.34,0
74,14,1,1912.11,0.0708,1370.95,0
32,0,0,701.83,0.0844,348.44,0
78,9,0,1073.96,0.0855,743.7,1
29,5,0,792.72,0.0738,416.0,0
52,5,0,660.52,0.1183,374.42,0
66,19,1,1288.64,0.0586,1039.2,0
22,11,1,1599.93,0.0163,1189.56,0
22,2,2,1861.79,0.0965,2203.34,1
70,7,0,1040.44,0.1194,445.86,1
21,4,0,1399.96,0.117,791.77,0
56,18,0,1140.68,0.0378,976.13,0
76,5,0,1366.97,0.0971,912.66,0
56,7,1,1696.34,0.1498,1162.75,0
47,6,0,1141.73,0.0157,747.45,0
43,3,0,1523.09,0.0784,841.81,0
57,15,0,836.09,0.0458,625.54,0
53,11,0,1396.95,0.1187,918.65,0
49,8,0,1510.1,0.0487,708.56,0
27,7,1,1629.06,0.11,1218.23,0
59,13,0,844.49,0.0241,512.38,0
63,1,0,1138.26,0.01,697.49,0
61,18,0,1290.65,0.0156,767.59,0
22,11,0,1332.92,0.039,832.71,0
61,4,1,1384.76,0.1274,1073.64,0
63,10,1,1778.76,0.0226,1097.91,0
29,17,0,811.31,0.005,413.21,0
70,3,2,1427.92,0.128,1178.0,0
50,10,2,993.67,0.0562,879.14,0
47,11,0,1386.37,0.0883,735.73,1
62,16,0,1366.39,0.0126,950.61,0
49,11,0,2204.58,0.1361,1015.23,0
51,14,1,1657.91,0.0757,835.57,0
37,15,0,1299.41,0.0134,1074.53,0
75,17,0,1276.47,0.0951,604.84,0
78,7,0,1105.02,0.0548,768.39,0
26,14,1,1389.15,0.053,1118.67,0
63,4,0,1282.87,0.0612,612.17,0
19,16,0,610.57,0.0762,331.76,1
40,19,1,1409.07,0.0929,949.58,0
78,5,1,1380.3,0.022,1056.86,0
28,11,0,1726.2,0.1132,826.17,1
41,16,0,1160.5,0.0041,625.1,0
31,0,1,1120.34,0.1049,792.87,0
63,14,1,1430.56,0.0275,1271.45,0
46,16,0,1222.3,0.067,628.21,0
54,17,1,1310.82,0.0842,768.93,0
76,3,1,966.3,0.0971,617.86,1
50,15,1,1303.19,0.1187,999.95,0
63,15,1,1176.24,0.0774,588.45,0
24,0,0,1135.06,0.132,804.73,0
31,14,0,1419.65,0.1433,795.28,0
76,12,0,997.65,0.1464,607.07,0
71,19,0,1133.63,0.0479,660.91,0
58,0,1,1512.36,0.0048,943.58,0
41,19,1,1269.18,0.1074,728.81,0
30,11,0,1982.76,0.0378,961.75,0
70,5,1,1424.66,0.1152,751.6,0
66,7,0,827.43,0.0008,495.01,0
32,15,0,948.21,0.1166,512.16,0
54,19,0,918.02,0.0105,376.89,0
56,6,0,952.49,0.1319,469.84,0
47,19,1,1511.09,0.0977,1227.51,0
75,12,1,1018.05,0.0243,940.09,0
25,3,0,1100.64,0.0762,475.08,0
33,11,0,1542.82,0.0758,1326.43,0
23,16,0,1044.07,0.1319,480.87,0
60,1,1,1551.45,0.0799,786.6,0
57,1,0,695.11,0.0826,551.24,0
79,0,0,1088.82,0.0478,493.38,0
51,11,0,934.22,0.1093,707.04,0
27,1,0,1289.93,0.0075,630.16,0
45,18,0,889.57,0.1452,468.12,0
23,2,0,1820.9,0.0909,782.64,0
59,1,0,708.18,0.1268,510.19,0
59,5,1,1690.73,0.1172,1514.22,1
71,15,0,1463.48,0.0327,715.57,0
39,18,0,1292.96,0.0434,710.75,1
37,5,1,1366.33,0.0417,1112.13,0
22,10,0,1756.49,0.0338,891.94,0
43,15,0,1941.29,0.0024,1423.05,1
47,15,0,1137.82,0.124,621.6,0
64,3,0,1247.33,0.0807,627.33,0
64,16,0,1034.28,0.0887,420.52,0
26,17,0,849.21,0.0738,365.83,0
35,14,0,1338.93,0.0187,840.45,0
49,10,0,1274.89,0.0654,745.69,0
38,7,0,716.93,0.044,470.94,0
19,17,0,1336.8,0.1338,666.52,0
70,17,0,1284.94,0.1052,516.36,0
63,10,2,1319.63,0.0244,1037.2,0
50,14,0,1000.04,0.1053,838.81,0
37,7,0,1327.13,0.0823,610.58,0
70,14,1,1832.66,0.0123,1297.2,0
20,1,0,1319.52,0.0104,454.37,0
45,18,1,1584.15,0.0221,1017.96,0
67,10,0,950.34,0.1216,488.16,0
77,11,0,1075.72,0.1245,641.44,0
33,3,0,1382.41,0.0912,723.86,0
58,10,1,942.5,0.0023,495.98,0
29,0,0,1262.16,0.0476,616.71,0
25,17,0,1348.03,0.0601,722.13,0
39,14,0,1188.44,0.0427,543.36,1
72,9,1,1445.81,0.0872,869.55,0
60,16,1,1367.35,0.0093,1192.01,0
48,16,0,1013.35,0.003,499.02,0
35,2,0,846.57,0.0882,515.84,0
26,1,0,1172.91,0.0397,631.73,1
34,5,0,1591.35,0.103,694.33,1
27,0,0,1507.31,0.1166,786.89,0
29,11,0,1096.4,0.0917,648.45,0
60,10,0,1090.17,0.1485,860.96,0
26,10,1,1218.09,0.0964,744.21,1
20,1,0,1068.12,0.1159,585.94,1
51,18,1,1436.32,0.0962,1228.29,0
35,19,0,1517.24,0.1208,1089.37,0
46,11,0,1878.84,0.0586,920.79,0
26,0,1,1101.05,0.0652,760.96,0
31,7,0,1395.35,0.0503,972.67,1
45,14,0,1362.7,0.0865,842.28,0
60,14,0,1101.08,0.0562,755.47,1
43,4,0,892.2,0.1482,629.28,0
51,16,1,1432.61,0.0905,1141.07,0
50,19,2,2135.96,0.0504,1908.01,0
34,10,1,1430.71,0.0762,891.99,0
35,7,0,963.83,0.1171,512.18,0
44,10,1,1302.82,0.1209,896.45,0
19,0,1,1007.95,0.0956,913.42,0
60,10,0,1205.55,0.0003,696.85,0
56,0,1,1555.02,0.1303,1150.71,0
36,0,0,992.22,0.1365,453.84,1
41,11,0,400.0,0.1307,284.0,1
38,10,0,1283.06,0.1007,614.09,0
58,19,0,1049.53,0.0041,553.22,0
65,10,1,1124.8,0.1426,1042.07,0
24,19,1,1122.21,0.0102,955.37,0
43,16,0,1320.08,0.0224,621.48,0
18,6,0,1077.63,0.0942,484.62,0
46,18,0,1479.13,0.0693,792.4,0
33,9,1,1635.74,0.1132,1039.29,1
38,11,0,1118.81,0.095,465.51,0
46,2,1,1193.74,0.0006,732.1,0
38,4,0,1238.31,0.0964,398.81,0
42,10,1,1306.38,0.1287,1116.03,0
65,5,0,674.25,0.1278,445.15,0
68,11,0,1774.23,0.0236,1312.47,0
18,1,2,1714.3,0.0521,1596.94,0
41,5,1,1210.95,0.0179,789.36,0
70,13,0,625.09,0.1127,428.02,0
50,12,0,1145.87,0.0941,555.7,0
30,19,2,1323.61,0.0727,881.17,0
54,17,1,1331.83,0.045,922.04,1
26,16,0,550.84,0.1181,333.71,0
19,0,0,1058.33,0.1187,502.03,1
57,12,1,1226.6,0.0737,709.26,0
49,4,0,1142.32,0.0187,586.43,0
64,5,1,1279.14,0.0698,990.34,1
39,4,0,1215.68,0.1344,658.9,1
70,9,1,1806.35,0.0876,2182.2,0
44,2,0,1045.5,0.1131,567.73,1
63,10,0,926.65,0.0442,600.83,0
24,3,1,831.8,0.0515,443.89,0
24,10,1,1196.67,0.0176,959.49,0
66,12,0,779.62,0.0514,396.6,0
69,3,1,1638.03,0.0254,1165.76,0
76,2,1,1321.17,0.0808,1319.96,0
38,16,0,1481.84,0.0591,767.54,1
19,14,0,1639.71,0.1254,704.35,0
78,5,2,1240.48,0.0574,855.14,0
55,17,0,1095.79,0.0319,632.96,0
33,4,0,1599.51,0.0126,913.96,0
65,18,1,1406.77,0.0379,1018.61,0
74,2,1,1506.45,0.1046,830.59,0
35,13,1,1659.89,0.0939,1774.91,0
65,0,0,1468.95,0.093,1098.62,0
66,3,0,1323.11,0.1287,757.79,0
49,8,0,1618.91,0.0379,666.4,0
57,1,1,1329.52,0.0706,1301.39,0
34,9,0,1355.82,0.0252,949.68,1
75,4,0,1146.97,0.0328,653.31,1
78,1,0,1506.17,0.0556,1068.15,0
78,19,1,1139.77,0.1061,736.16,0
63,19,0,695.14,0.1251,320.11,0
20,19,0,1396.48,0.0461,804.15,0
40,3,1,1043.96,0.0597,545.64,1
45,7,0,864.23,0.1331,386.22,0
77,6,0,1579.48,0.117,982.63,0
51,6,0,1489.88,0.1036,872.23,0
51,8,0,1097.25,0.0611,464.44,0
27,10,0,400.0,0.0512,205.67,0
67,9,1,1509.97,0.1085,823.82,0
38,5,0,1398.75,0.014,707.84,0
23,19,1,1505.04,0.0815,952.15,0
79,19,0,1341.26,0.0091,912.71,0
29,6,0,1145.58,0.0935,619.5,0
19,4,0,1076.86,0.0853,572.35,0
22,10,0,868.15,0.009,447.86,0
46,7,1,1140.78,0.063,576.55,0
24,19,2,1596.45,0.0289,1358.65,0
70,8,1,1451.38,0.1197,1139.75,1
49,0,0,1436.95,0.137,839.83,1
38,2,1,928.07,0.0472,760.03,1
18,1,1,852.23,0.0044,704.75,0
47,7,0,1086.09,0.1346,940.64,0
27,6,0,894.02,0.1267,398.05,1
78,17,0,1255.8,0.1195,734.42,1
36,17,0,807.04,0.0535,482.67,0
47,2,0,1554.07,0.012,813.44,1
19,18,0,953.38,0.1462,468.77,0
26,11,0,1677.8,0.074,1034.42,0
30,6,1,1507.29,0.0535,1164.86,0
21,8,0,883.43,0.1166,399.33,0
63,8,1,1978.42,0.1006,984.62,1
76,3,2,1579.64,0.0063,1242.73,0
79,17,0,1249.84,0.1438,609.53,0
34,0,1,1330.44,0.0834,1070.13,0
66,1,1,1489.97,0.0282,883.1,0
49,5,1,1507.63,0.0024,1037.43,0
20,2,0,940.51,0.0828,373.02,1
23,1,0,1135.93,0.0891,464.76,1
51,7,2,1534.71,0.0149,1142.11,0
44,7,1,1524.82,0.0817,1034.06,0
18,2,0,1379.91,0.0648,653.55,0
75,16,0,1249.36,0.0656,717.33,0
63,17,0,1034.9,0.1463,410.93,0
49,14,0,1019.52,0.0444,544.94,0
79,10,0,842.55,0.1326,451.4,0
78,18,1,1527.78,0.0517,815.44,0
78,7,1,1165.21,0.0269,869.62,0
34,8,0,1142.47,0.0228,413.12,0
72,0,0,1271.32,0.1411,618.55,0
49,14,1,1351.18,0.0035,1127.72,0
63,1,0,1198.32,0.0329,428.49,1
71,13,0,928.51,0.0511,592.52,0
28,15,0,1280.66,0.0985,565.97,0
45,4,0,1106.15,0.0564,548.48,0
25,12,0,1174.08,0.0031,867.97,0
35,6,0,1547.39,0.0775,761.69,0
43,7,1,1501.6,0.1327,1478.47,1
71,10,0,1028.76,0.133,540.05,0
71,4,1,1305.33,0.1487,915.08,1
42,15,1,1829.83,0.0514,1544.04,1
38,7,0,1107.79,0.0184,689.21,0
50,9,1,1361.96,0.0104,1001.47,0
74,16,2,1699.24,0.1301,1344.41,0
78,4,0,1264.56,0.1122,517.45,0
32,9,0,1088.15,0.0941,449.62,0
29,19,0,976.97,0.0745,708.88,0
61,7,0,1196.97,0.0686,938.27,0
36,2,1,1547.41,0.0741,1132.27,1
30,5,0,1596.27,0.0546,624.71,0
19,19,0,760.39,0.0712,363.57,0
42,15,2,2028.84,0.0315,1494.1,1
42,16,0,1113.48,0.0177,555.96,0
52,5,1,1627.45,0.0317,972.19,0
30,16,2,1278.74,0.1456,1231.74,0
62,7,0,716.75,0.1486,420.23,0
60,15,2,1106.12,0.1127,1316.94,0
46,17,1,1250.71,0.1256,824.98,0
29,4,1,1507.23,0.0155,1118.55,1
49,18,0,1209.36,0.0185,782.64,0
59,12,0,1124.93,0.0139,770.02,0
41,14,0,1535.41,0.0095,669.26,0
34,15,0,1200.6,0.1121,726.44,0
49,3,1,1433.94,0.0085,1052.83,0
40,14,1,2283.31,0.1424,1729.64,0
42,4,0,1197.59,0.0981,676.27,0
39,5,1,1141.25,0.0256,1146.17,0
36,2,2,1644.29,0.1226,1194.32,0
62,3,1,1570.23,0.1236,925.84,0
46,19,0,1290.3,0.0846,610.96,0
46,6,0,1247.07,0.0136,656.63,0
58,7,1,1794.67,0.0601,1356.91,1
40,9,0,1607.17,0.0823,818.61,0
24,14,1,1314.87,0.1116,1146.51,1
70,11,1,1156.95,0.0448,824.33,1
21,10,0,1328.76,0.131,727.29,1
53,16,0,1005.23,0.0376,429.89,0
34,9,0,1465.55,0.1497,1177.1,1
31,15,1,1477.22,0.0173,1043.31,0
20,18,1,2151.01,0.1249,2127.79,0
73,13,0,1641.99,0.0198,809.01,0
44,0,0,876.38,0.1139,577.4,0
39,5,0,1044.36,0.1293,520.73,0
63,12,0,625.81,0.0469,502.43,0
20,9,0,558.68,0.0152,390.07,0
53,5,2,1534.15,0.15,1578.26,1
48,6,0,842.28,0.1457,406.58,0
52,1,0,1692.36,0.1135,1382.73,0
25,4,0,1547.37,0.058,1297.91,0
77,15,0,1118.55,0.0202,578.51,0
32,0,0,1101.51,0.0627,634.84,1
60,16,1,1795.61,0.1081,1541.0,0
64,6,0,1714.38,0.0229,644.82,0
39,16,0,920.22,0.0025,645.74,0
26,5,1,1031.65,0.1356,902.69,0
36,16,1,1259.67,0.105,802.48,0
68,11,0,1329.36,0.1041,478.47,0
74,17,1,1195.9,0.1421,911.43,0
76,1,1,1485.66,0.0781,844.38,0
32,15,0,1785.09,0.0477,725.01,0
55,5,0,778.19,0.1364,467.65,0
27,7,2,1366.3,0.1479,1543.63,1
62,0,0,783.9,0.0031,418.68,0
43,19,0,949.02,0.0496,671.2,1
62,12,0,1111.6,0.0544,708.38,0
60,19,0,981.84,0.0167,416.29,0
79,11,0,1355.99,0.0332,677.27,0
48,3,1,1395.29,0.0037,1234.52,0
39,6,0,1289.71,0.1045,643.12,0
50,8,1,1257.99,0.016,1056.61,0
28,2,1,1285.62,0.1331,844.46,1
24,18,0,1094.79,0.0876,705.69,0
50,19,0,1125.4,0.0534,684.25,0
69,11,0,1325.7,0.1213,703.9,0
51,11,1,772.95,0.0976,633.05,0
66,14,0,1286.38,0.113,466.01,0
29,13,0,939.38,0.1317,421.87,0
45,1,0,1098.34,0.1211,558.6,0
56,10,0,731.54,0.1169,516.1,0
39,15,1,1242.4,0.1095,663.34,0
18,16,0,1283.37,0.0566,711.17,0
22,11,0,1337.13,0.0978,795.02,0
75,17,0,844.1,0.0849,494.91,0
55,11,0,1322.65,0.1445,723.63,0
34,7,1,1691.93,0.0751,1065.54,0
34,8,0,1051.89,0.0333,558.7,0
20,13,0,1200.27,0.0687,813.92,1
76,17,0,579.44,0.0622,281.75,0
24,4,1,1080.89,0.0703,500.4,0
65,5,0,1281.16,0.0872,784.75,0
32,13,1,1636.64,0.1422,1573.87,0
38,15,1,1170.22,0.0422,676.16,0
34,7,0,2000.82,0.1454,1465.67,0
69,12,0,1294.17,0.1169,801.4,0
20,0,0,817.99,0.0274,362.19,0
39,5,0,1586.15,0.0421,768.87,0
35,19,1,974.12,0.1364,598.1,0
34,11,0,1298.53,0.1202,749.49,0
29,17,0,921.23,0.0215,495.74,0
74,4,0,792.77,0.0877,551.84,0
41,5,0,1488.65,0.0415,984.47,0
43,19,1,1272.07,0.0945,665.85,0
41,19,1,1867.7,0.026,1002.65,0
78,17,0,894.62,0.0528,564.45,0
39,6,1,882.11,0.0583,567.34,0
39,16,0,1056.1,0.0807,569.05,1
38,9,0,2067.15,0.0359,1286.71,0
38,16,1,1600.17,0.1092,1354.63,0
23,17,0,1366.17,0.1214,595.67,0
55,8,0,1376.08,0.096,492.39,0
19,6,0,1054.55,0.1355,575.27,1
32,19,1,2168.81,0.1186,1303.35,0
30,9,0,1337.43,0.0066,756.24,0
36,8,0,1309.29,0.0127,717.75,0
64,13,0,1495.46,0.099,686.57,0
55,18,1,968.03,0.1083,1047.71,0
79,2,1,1086.2,0.1452,777.1,0
39,19,0,1126.35,0.0005,560.37,0
75,8,0,1497.4,0.0355,852.67,0
20,0,0,810.58,0.1248,502.87,0
49,6,0,1179.79,0.1337,580.09,0
67,9,0,1137.35,0.0697,1009.4,0
50,13,2,1027.68,0.0726,657.85,0
75,11,0,1047.32,0.128,437.02,0
37,2,1,1512.68,0.069,783.29,0
20,9,0,755.02,0.1181,421.63,1
65,4,1,1773.4,0.1423,1389.88,0
22,5,0,1340.41,0.0393,700.11,0
65,14,0,1303.8,0.0412,799.22,0
63,16,0,1202.46,0.1408,735.12,0
70,3,1,1022.3,0.0636,678.16,0
47,12,1,1155.09,0.0024,897.08,0
73,8,2,1608.56,0.0754,1342.44,0
28,6,4,1604.5,0.0925,1741.64,0
44,14,0,1256.62,0.0367,634.66,0
25,4,2,1230.34,0.1091,1118.89,0
65,15,0,1335.43,0.0349,950.67,0
62,8,0,1357.82,0.0179,595.4,0
67,1,1,861.69,0.0374,558.11,0
65,15,0,1220.19,0.0801,703.38,1
37,17,0,743.5,0.1284,589.54,1
22,11,0,641.69,0.0794,390.35,1
75,14,1,1171.83,0.1273,710.17,0
48,2,0,2039.08,0.0096,945.84,0
23,6,0,1432.62,0.0559,973.49,0
75,6,1,1767.63,0.0653,1183.69,0
79,15,0,1382.52,0.1203,603.1,1
45,7,0,1261.63,0.0916,862.23,0
65,14,2,1768.62,0.1178,1632.76,1
20,6,0,1008.13,0.0508,443.03,1
23,12,2,1641.15,0.1401,1089.55,1
35,4,2,1853.13,0.122,1042.67,0
58,11,1,1559.83,0.1373,981.99,1
26,1,0,1572.83,0.0394,932.76,0
20,14,0,1254.78,0.001,848.47,0
59,0,0,1707.62,0.0923,1037.37,0
65,19,0,1137.53,0.0739,488.95,0
63,16,0,1835.31,0.1168,967.61,0
67,11,1,1522.08,0.0146,1444.38,0
67,18,1,1234.82,0.0893,794.72,0
55,16,0,846.26,0.0298,550.71,0
50,2,0,957.6,0.0772,607.96,0
71,14,0,912.19,0.0237,592.54,0
39,7,0,1173.38,0.1369,713.72,0
24,17,0,817.81,0.0275,530.9,0
64,17,0,1587.83,0.0863,658.8,0
35,19,0,1233.22,0.0008,931.74,0
78,9,0,1221.04,0.0235,474.73,0
43,3,0,850.38,0.0749,505.05,1
70,2,0,969.29,0.0061,535.65,0
20,3,0,533.89,0.0814,262.87,0
58,19,0,1685.34,0.0277,773.79,0
45,11,1,924.69,0.109,735.93,0
46,7,1,947.43,0.1302,792.94,1
34,8,0,1623.95,0.1138,887.67,0
78,3,0,1316.27,0.0095,693.19,0
42,11,0,1236.22,0.0745,891.32,0
70,8,0,1302.08,0.0167,667.79,0
44,15,0,1486.17,0.0614,822.32,0
20,0,0,1229.96,0.1259,658.93,0
72,18,1,886.94,0.0062,1036.56,0
29,1,0,1419.96,0.0377,669.81,0
34,8,1,1476.7,0.124,1243.37,0
71,6,0,1551.47,0.0609,616.27,0
73,14,0,825.27,0.0353,380.21,0
74,13,0,981.2,0.1424,514.68,0
44,3,2,1617.63,0.0234,1367.8,1
64,9,0,916.65,0.1183,484.17,0
38,10,0,494.15,0.0267,270.31,0
63,9,0,1259.2,0.1445,612.18,0
49,0,0,1468.5,0.1179,1060.1,0
21,3,0,1161.32,0.0415,530.51,1
43,10,1,1514.44,0.1475,1253.15,1
46,5,2,1621.01,0.0172,1611.25,1
33,10,2,1503.15,0.1289,1079.43,0
41,3,0,1240.79,0.1049,643.36,1
49,14,0,1604.74,0.0261,895.0,0
21,3,3,1360.72,0.082,1946.12,1
27,12,1,1581.91,0.0018,1047.62,0
65,16,0,845.74,0.086,974.13,0
39,7,0,961.57,0.0873,625.62,0
55,2,2,1858.78,0.0613,1728.16,1
53,0,0,837.05,0.1237,557.43,1
52,7,0,1127.52,0.1396,446.15,0
43,2,0,1908.4,0.0801,1346.14,0
47,17,1,1657.67,0.1011,907.17,0
69,19,0,978.85,0.0219,649.96,0
77,19,0,1030.25,0.1497,510.63,0
33,18,1,1298.97,0.1287,789.34,0
59,11,0,1593.58,0.1424,1267.55,1
78,6,0,899.51,0.1167,492.02,0
18,8,1,1031.35,0.0484,541.39,0
66,5,0,1414.01,0.0333,958.86,0
48,16,0,695.66,0.0767,304.09,0
77,8,2,1226.68,0.0124,1397.8,0
53,7,0,1174.47,0.0828,653.23,0
69,13,0,1189.85,0.0555,514.62,0
28,7,0,790.61,0.1092,519.92,0
26,7,0,1306.12,0.0939,808.89,0
75,4,0,1366.13,0.037,498.53,0
50,1,0,1001.25,0.11,551.66,1
52,0,0,1698.23,0.0467,1005.98,0
28,8,0,1301.88,0.0373,762.25,0
32,19,0,898.54,0.0628,483.2,0
68,5,1,1836.23,0.0237,1519.58,0
36,12,3,1493.0,0.0488,1711.41,0
54,6,0,1253.66,0.039,703.91,0
37,6,0,1053.97,0.0033,560.96,0
34,3,0,1387.25,0.0451,797.36,0
28,11,0,1055.54,0.07,522.0,0
75,13,0,1073.74,0.1245,488.34,0
76,7,0,1152.01,0.0271,513.43,0
25,10,1,1199.41,0.0491,838.24,0
39,9,2,1821.54,0.0044,1331.85,0
52,5,0,822.66,0.0113,444.69,0
41,13,0,1188.86,0.0534,865.56,0
62,11,2,1526.84,0.075,1271.53,1
34,1,1,1312.61,0.1122,962.11,1
21,9,2,1790.49,0.1145,1484.66,1
38,7,0,748.82,0.1371,542.62,1
55,15,0,1370.38,0.1362,1065.29,0
29,6,0,826.51,0.0152,419.86,1
68,19,0,1047.37,0.0168,676.01,0
18,12,0,795.69,0.0745,674.55,0
22,2,2,1400.37,0.0884,963.72,0
49,8,0,1026.54,0.0897,696.88,0
49,17,0,1691.48,0.0729,666.35,0
36,5,2,1572.41,0.1472,1372.96,0
34,14,0,1331.94,0.0763,722.69,0
22,15,0,867.75,0.1403,344.16,0
59,13,0,1422.02,0.1482,986.62,0
41,1,0,1691.47,0.0666,972.12,1
25,7,0,1460.97,0.0201,677.23,0
42,6,0,806.4,0.0489,480.53,0
76,6,0,1060.76,0.0538,709.18,0
34,17,0,1232.55,0.1332,482.84,0
73,0,1,1176.85,0.1443,447.05,0
34,10,0,1959.9,0.0254,1084.48,0
29,19,1,1205.32,0.003,736.99,0
34,17,0,1186.99,0.1246,865.65,0
38,12,0,1019.93,0.0838,528.48,0
25,19,1,1419.51,0.1127,1076.73,0
54,8,0,1614.71,0.0498,867.94,1
38,12,0,1234.46,0.0238,505.63,0
62,10,1,1284.3,0.0397,921.31,0
48,0,0,877.83,0.0073,375.71,1
45,0,0,1562.65,0.0579,662.3,1
47,17,0,1156.89,0.0149,518.31,1
27,3,0,1143.99,0.0696,503.62,0
62,7,0,498.32,0.1199,266.6,0
24,12,0,1161.84,0.0071,599.42,0
62,11,0,1079.67,0.1345,637.68,0
79,10,1,802.2,0.0185,417.48,0
65,19,0,1496.88,0.0984,794.25,0
46,15,2,1339.43,0.0361,1055.92,0
37,18,1,1918.67,0.1267,1424.24,0
72,13,1,1774.33,0.0016,1329.79,0
33,19,0,984.03,0.0632,566.52,0
47,12,1,1760.79,0.1443,1029.87,0
65,10,1,1833.16,0.0169,1313.51,0
75,16,0,1032.29,0.1141,519.83,0
75,17,1,1040.2,0.109,964.62,0
23,1,2,853.39,0.0479,757.27,0
73,18,0,1314.13,0.0091,745.02,0
25,13,0,908.0,0.125,392.16,0
54,17,0,1323.15,0.1357,656.09,0
75,14,0,1029.64,0.0192,605.06,0
58,18,0,966.08,0.1272,530.65,0
76,5,1,1181.55,0.125,827.5,0
39,3,1,960.05,0.0866,482.01,0
37,3,0,1031.41,0.1175,489.05,0
38,5,0,979.02,0.0059,517.07,0
40,4,0,1195.75,0.0744,848.5,0
60,8,0,1231.28,0.145,470.69,0
46,3,0,878.65,0.1163,397.89,1
63,3,1,1680.24,0.0402,819.57,0
43,10,0,1152.13,0.0935,686.12,0
37,15,2,1950.73,0.0319,2146.57,0
29,2,1,1422.32,0.0333,1089.94,0
52,10,0,1220.73,0.0284,764.52,0
73,13,0,1052.71,0.0285,477.86,0
71,14,3,1834.45,0.0749,2020.55,0
33,2,0,1210.07,0.0465,578.56,0
47,14,0,1457.54,0.1167,823.08,0
61,0,0,1681.4,0.1341,1037.4,0
55,4,0,981.94,0.0731,516.85,0
22,6,0,1384.04,0.0287,909.96,0
54,17,1,1525.53,0.1497,1052.69,0
20,3,0,1337.43,0.0071,788.26,0
25,15,2,1370.04,0.0824,1735.8,1
58,19,0,1076.11,0.0329,663.29,0
24,19,1,1174.84,0.1406,721.07,0
39,6,0,1018.88,0.0487,516.44,0
54,1,0,947.96,0.1437,629.88,1
58,4,0,1168.65,0.1459,803.32,0
45,15,0,972.65,0.1414,538.8,0
23,3,0,1330.69,0.1189,547.1,1
67,12,0,1217.09,0.1112,561.59,0
76,7,0,1250.74,0.1429,723.6,0
73,15,0,1117.95,0.0336,700.6,0
64,12,0,1220.67,0.1215,832.73,0
42,11,0,1125.8,0.017,418.39,0
72,15,0,1433.86,0.0543,952.44,0
48,19,1,1217.28,0.0603,1154.59,0
26,7,0,1312.66,0.1493,453.82,0
70,10,0,808.09,0.0481,450.44,0
37,12,1,1563.62,0.0832,1297.3,1
76,16,0,1032.22,0.095,434.32,0
40,9,1,1076.32,0.1017,694.47,0
71,7,0,858.36,0.018,535.75,0
51,16,0,834.62,0.0839,419.49,0
46,19,2,1355.56,0.0952,1094.09,1
36,11,2,1949.59,0.1355,1768.65,1
69,2,0,1007.0,0.1436,444.69,0
21,5,2,837.25,0.0353,587.09,1
47,9,0,1309.64,0.0316,802.55,0
40,14,0,865.72,0.1026,584.03,0
51,13,1,1594.44,0.0734,1231.16,1
33,16,0,1073.68,0.1115,786.58,0
59,0,0,1117.8,0.1273,678.35,0
41,9,0,1559.19,0.0016,1258.82,0
29,14,0,1385.32,0.1318,783.25,0
30,19,0,826.09,0.0398,484.85,0
61,2,0,870.22,0.1454,526.36,0
34,17,0,664.94,0.0645,327.24,0
37,0,0,1980.97,0.1279,946.46,1
56,3,0,941.19,0.03,438.66,0
38,16,0,1550.94,0.0788,774.39,1
42,15,2,1340.32,0.0095,1760.32,0
33,19,0,876.04,0.1102,703.67,0
39,12,0,1206.47,0.1413,630.47,1
60,12,1,1252.0,0.1265,820.67,1
51,10,0,1440.56,0.1021,523.23,1
79,10,0,1444.32,0.0178,660.6,0
65,10,1,1172.96,0.1476,711.34,0
19,5,0,768.01,0.0516,392.47,0
41,17,0,840.85,0.0949,418.67,0
35,7,0,515.26,0.0409,300.13,0
54,12,0,1117.66,0.1241,728.21,1
34,13,2,1496.46,0.0568,1122.97,0
77,10,0,857.15,0.0586,637.53,0
36,12,0,820.9,0.0007,490.85,0
50,0,0,1195.17,0.0863,796.56,0
25,6,1,1160.41,0.0376,757.74,0
74,8,0,1136.12,0.1383,707.17,1
74,7,1,1239.83,0.1175,967.93,0
67,18,0,1274.62,0.1428,953.87,0
39,17,1,1180.42,0.0585,959.0,0
21,14,0,1053.38,0.0993,697.22,0
62,7,1,785.46,0.0678,503.81,0
44,1,0,1184.9,0.1364,839.83,1
79,15,0,1226.61,0.0486,530.27,0
61,17,0,1146.69,0.0493,570.57,0
51,9,0,1773.55,0.0549,1046.91,0
79,16,0,1248.83,0.0747,553.37,0
67,18,0,1153.06,0.1332,534.93,0
46,10,0,1349.74,0.0311,626.24,0
19,4,0,1833.86,0.0977,1103.8,1
23,0,1,1425.82,0.0459,984.8,1
45,15,0,532.95,0.0124,360.6,0
52,11,1,1479.62,0.143,1536.69,1
19,3,0,936.23,0.1179,551.45,1
25,1,0,623.26,0.1428,313.96,1
61,19,0,1709.27,0.06,1026.69,0
64,6,1,1794.43,0.1135,1069.59,0
19,6,1,1078.45,0.0977,759.21,0
49,12,0,930.41,0.0929,849.53,0
23,7,0,1248.05,0.006,668.69,1
62,18,0,934.45,0.0108,553.96,0
69,13,0,1159.48,0.0293,626.42,0
71,7,0,986.05,0.1124,506.94,0
55,5,0,1079.88,0.1198,663.41,1
56,17,2,1078.69,0.0971,726.15,0
75,11,1,1598.07,0.0288,1102.17,0
55,18,0,1561.14,0.1166,664.0,0
45,6,0,1169.94,0.017,889.1,0
64,0,0,1189.13,0.1341,808.37,1
54,17,0,1388.75,0.0577,664.56,0
70,4,0,1200.57,0.1091,462.2,0
50,16,1,1868.87,0.0254,1469.81,0
71,14,1,955.09,0.0471,675.05,0
20,4,0,1458.28,0.0743,1274.58,0
20,15,0,1165.74,0.0745,860.97,0
24,1,0,863.64,0.0146,547.19,0
52,7,0,1874.13,0.0822,940.92,0
61,7,1,2065.56,0.0113,1397.67,1
31,13,0,1137.64,0.1386,674.34,0
27,10,1,1483.42,0.0633,1135.51,0
71,12,1,1208.64,0.0659,748.03,1
64,9,0,1106.91,0.0865,470.18,0
58,14,0,860.25,0.1173,705.9,0
48,3,1,965.92,0.0104,693.38,0
44,14,0,1753.24,0.1054,1064.93,0
19,1,2,1488.37,0.1366,1088.32,0
29,1,0,1215.18,0.0659,891.13,0
73,14,1,1106.84,0.002,971.66,0
39,3,0,1256.99,0.0371,709.94,1
61,15,0,748.86,0.1412,435.8,0
61,2,0,967.88,0.0177,571.75,0
37,2,0,840.07,0.002,478.05,1
30,18,1,1737.87,0.1404,1385.37,0
60,3,2,1004.43,0.1295,940.05,0
23,18,1,996.24,0.0691,685.76,0
48,6,1,735.72,0.0008,415.24,0
73,15,0,933.0,0.0876,517.98,0
62,18,0,1062.14,0.1225,688.62,0
65,2,1,1643.33,0.0429,1340.29,0
23,6,1,1283.4,0.0259,1189.72,0
30,11,0,1076.82,0.1357,797.93,0
35,17,0,1289.97,0.1152,828.24,1
36,3,0,1067.13,0.0672,618.21,0
30,3,0,1922.97,0.1358,1149.33,0
78,7,0,1022.7,0.0912,508.74,0
28,4,1,1474.11,0.1416,1233.23,1
61,5,0,1447.94,0.0155,1052.83,0
54,2,0,1014.09,0.0655,696.92,0
55,16,0,1249.61,0.1019,779.35,0
31,15,1,1199.75,0.0612,815.22,0
37,2,2,1582.21,0.0525,1278.98,0
55,10,0,1230.28,0.1043,664.9,1
36,12,1,1307.92,0.0909,805.84,0
61,12,0,853.33,0.0424,503.05,0
20,19,0,1759.11,0.0666,561.08,1
22,12,1,1525.92,0.106,976.84,1
63,13,1,873.41,0.094,631.29,1
56,0,0,1073.89,0.068,988.29,0
20,1,0,729.18,0.039,407.24,0
73,12,1,1578.62,0.0172,1134.89,0
18,18,1,1343.47,0.126,810.81,0
77,7,1,1351.22,0.123,1358.85,0
63,12,0,947.29,0.092,449.23,0
79,4,1,1255.33,0.0857,1344.05,0
76,9,1,1586.16,0.0204,975.36,0
37,15,0,1516.75,0.067,1021.73,0
64,13,0,1453.93,0.0726,802.15,1
31,2,2,1034.35,0.0692,802.31,1
47,17,1,1294.17,0.0363,1129.2,0
32,18,0,1275.99,0.0186,928.7,0
48,9,0,979.57,0.1397,526.69,1
72,6,0,702.3,0.0835,389.99,0
45,10,0,814.01,0.1294,418.24,0
23,16,0,1649.93,0.1008,962.86,0
38,9,0,842.56,0.123,377.71,1
66,0,0,1214.27,0.0324,395.37,0
50,1,1,1303.1,0.0159,639.18,1
52,16,1,1303.87,0.0921,889.45,0
44,15,1,1254.04,0.0824,721.89,0
36,15,0,1436.74,0.0145,783.07,0
55,2,1,1360.68,0.0917,875.65,0
57,3,1,1162.3,0.0273,719.54,1
73,7,0,1215.4,0.0162,595.66,0
56,4,0,816.74,0.1478,553.0,0
79,7,0,1342.78,0.0834,785.37,0
69,11,0,995.71,0.0495,759.8,0
22,5,0,1012.99,0.0147,577.04,0
42,2,0,1353.91,0.1375,515.62,0
41,8,1,1227.81,0.1414,710.49,0
18,14,0,1094.7,0.0385,625.07,1
29,12,0,1550.29,0.0653,907.96,0
65,6,0,908.04,0.0968,450.65,0
39,6,0,1349.52,0.0167,642.24,0
27,11,0,1484.86,0.0805,733.69,0
35,3,1,1700.07,0.0328,1177.63,1
35,16,1,2002.96,0.0338,1414.18,0
28,17,0,1007.36,0.0905,451.29,0
24,0,0,939.62,0.0465,550.78,1
65,19,0,1445.16,0.0826,845.55,0
69,0,0,1482.07,0.0393,809.01,1
48,9,0,962.78,0.0732,467.89,0
56,13,0,1345.44,0.1398,858.68,0
74,6,0,2017.26,0.0727,1466.78,0
70,4,0,1231.4,0.0752,628.2,1
20,0,2,1777.05,0.0739,1360.28,1
77,14,0,1673.02,0.1285,1024.72,0
22,0,0,1951.12,0.1023,861.47,1
19,9,1,1423.71,0.0046,786.38,0
43,7,0,1575.91,0.0177,772.34,0
64,19,1,1113.45,0.0867,844.58,0
22,18,0,1207.46,0.114,564.98,0
36,16,2,1366.06,0.0176,1181.3,0
34,14,0,634.4,0.0754,236.85,0
42,10,0,719.09,0.0964,453.93,0
79,6,0,1329.01,0.0601,989.19,0
38,3,0,1334.91,0.104,620.95,1
30,19,0,887.51,0.0514,541.23,0
25,7,0,1667.22,0.0935,892.39,0
30,8,2,1167.01,0.1149,1034.7,1
26,2,0,1277.18,0.1434,678.47,0
53,5,0,1075.43,0.0958,564.75,0
44,12,0,1232.08,0.0527,581.98,0
48,8,0,1469.56,0.1082,659.02,0
69,11,0,1427.2,0.1207,992.23,0
53,4,1,1562.35,0.0622,796.21,0
27,1,0,1374.05,0.0544,763.86,1
41,17,0,818.18,0.0229,450.73,0
37,8,1,1690.36,0.1015,1193.97,0
69,7,0,881.91,0.0667,562.09,1
37,5,0,1168.19,0.0199,605.27,0
26,13,1,1244.6,0.0842,1011.2,0
63,11,0,1305.04,0.1485,1083.3,0
44,7,1,1204.59,0.0077,833.12,0
23,18,0,1152.45,0.0773,428.31,0
60,18,1,1835.66,0.1404,1272.04,0
31,3,0,811.42,0.1439,431.49,1
71,12,0,1199.26,0.0513,725.21,1
69,19,0,865.76,0.0257,324.21,1
40,9,0,1402.3,0.0631,834.95,0
52,0,2,1281.98,0.0478,1022.81,0
53,2,2,1511.56,0.0724,1540.53,0
58,13,2,1102.6,0.0894,862.79,1
22,18,0,1587.46,0.1152,1053.73,0
38,2,1,1371.84,0.0951,723.06,1
28,10,0,1241.33,0.1338,695.13,1
61,9,0,1448.72,0.1104,665.59,0
22,5,0,824.58,0.0778,417.32,0
50,12,0,1015.49,0.0179,976.28,0
63,17,0,1251.02,0.1206,577.32,0
76,4,0,671.4,0.1071,347.74,0
35,1,1,853.61,0.0504,484.18,0
18,7,0,953.62,0.0348,500.43,0
62,6,0,857.7,0.0987,464.46,1
18,14,0,1096.84,0.0126,528.41,1
22,10,0,1356.73,0.1181,1037.65,0
79,0,0,1424.96,0.034,1001.78,0
71,6,0,1742.82,0.089,804.73,0
61,14,1,1343.21,0.0455,1127.64,0
69,9,0,1246.31,0.0716,631.77,1
22,11,1,1342.54,0.1201,748.58,0
23,5,0,1296.08,0.0431,626.49,0
36,6,0,1319.51,0.005,572.74,0
19,2,0,1476.64,0.0116,994.63,1
73,1,0,1475.46,0.0112,690.94,0
21,0,1,1505.81,0.0689,1389.14,1
51,12,1,1803.05,0.0125,1322.31,1
70,3,1,1358.03,0.0619,893.19,0
63,11,0,1016.53,0.1047,513.03,0
32,19,1,1215.59,0.132,1230.58,0
47,13,0,1168.25,0.0332,653.23,0
51,11,1,1024.91,0.1315,660.65,0
65,2,0,1015.99,0.1467,672.44,0
44,9,0,858.05,0.0939,538.28,0
35,17,0,1303.19,0.1106,596.78,0
67,7,0,1306.15,0.0725,729.6,0
72,16,0,669.33,0.0112,260.12,0
48,14,0,1003.78,0.144,556.37,0
19,5,0,1747.56,0.1418,1038.38,0
49,2,0,1388.93,0.0484,847.65,0
73,0,0,1336.3,0.0294,610.56,0
79,5,2,1300.72,0.0098,973.99,0
42,6,0,1286.18,0.0747,754.09,0
27,13,0,1195.65,0.1387,856.75,0
53,11,0,960.98,0.0061,546.19,0
69,9,0,1051.86,0.0917,524.95,0
76,14,0,1058.62,0.1253,717.21,0
21,15,0,753.4,0.057,431.39,0
36,14,0,802.93,0.0918,464.34,0
47,17,1,1290.16,0.0666,1079.0,1
24,7,2,1245.6,0.0098,1060.56,0
72,16,1,1259.72,0.0757,745.22,0
24,8,0,718.3,0.0134,388.61,0
59,3,0,1440.4,0.1027,1003.96,0
74,2,1,1974.14,0.0465,2055.24,0
60,1,0,1508.22,0.1204,659.54,1
65,19,0,1539.16,0.0881,1191.59,0
34,3,0,1387.84,0.1403,719.62,0
69,16,0,1279.68,0.1107,716.99,0
43,15,1,1375.96,0.1087,1378.3,0
21,8,0,925.64,0.0457,475.87,0
40,18,0,1407.02,0.0663,743.19,0
39,18,0,1389.21,0.1118,681.66,0
50,18,1,1211.1,0.1083,870.08,0
34,9,0,1357.8,0.1038,806.4,0
46,5,0,991.82,0.0012,482.38,0
44,0,2,1310.92,0.0026,1520.8,0
38,16,0,1432.53,0.0101,688.38,0
61,17,0,1329.16,0.0047,819.41,0
36,10,2,1430.42,0.1159,1248.21,0
65,1,1,1245.7,0.082,1139.02,0
33,16,0,1252.43,0.0757,595.06,1
71,5,0,649.38,0.0128,406.31,0
40,10,0,972.67,0.1162,880.83,0
20,13,0,820.47,0.0139,343.15,0
27,2,0,1203.56,0.0333,560.89,1
67,1,2,1826.59,0.1228,2405.32,0
72,1,0,1343.15,0.1039,729.63,0
31,19,1,1196.55,0.0139,872.74,0
55,19,1,1138.02,0.0111,759.24,0
53,8,0,973.84,0.061,756.49,0
26,8,1,1949.89,0.0905,1006.8,1
46,8,0,1220.42,0.037,872.15,1
61,7,0,1259.93,0.0878,523.17,0
77,10,2,866.66,0.0539,549.88,0
70,7,0,845.72,0.0883,379.71,0
24,12,0,1186.75,0.1088,645.49,0
32,7,0,1050.55,0.1265,508.17,1
45,12,0,1239.92,0.0294,592.7,0
27,18,0,1235.96,0.0128,572.89,0
53,4,0,1380.14,0.0178,641.93,0
18,1,0,639.25,0.0248,295.99,0
25,10,0,868.43,0.0487,507.89,0
20,2,0,1170.12,0.0043,574.95,1
36,4,0,1005.78,0.1249,329.34,0
65,15,0,1106.92,0.1274,613.07,1
28,8,0,1232.71,0.107,799.08,0
79,10,0,976.52,0.0535,515.34,0
34,15,0,1257.68,0.106,545.37,0
20,2,0,1363.2,0.0862,882.89,0
38,9,0,1219.52,0.0994,517.14,0
64,0,0,1416.22,0.0132,741.08,0
24,9,0,548.12,0.1312,304.52,0
22,4,0,1024.19,0.0523,709.17,1
70,18,0,1467.7,0.0404,919.29,0
54,5,0,940.69,0.0586,550.54,1
39,4,0,899.98,0.0371,604.92,0
64,0,0,1162.12,0.1491,514.4,0
70,2,1,1344.8,0.0969,1315.17,0
40,4,1,1189.59,0.1345,459.47,0
52,4,2,2053.07,0.1427,2371.03,0
18,14,0,1285.95,0.0872,606.44,0
36,17,0,929.14,0.1201,559.42,0
54,17,0,768.15,0.1358,572.65,0
30,19,0,1321.67,0.0225,825.05,1
79,17,1,1072.03,0.0404,823.46,0
78,9,2,2145.79,0.0602,2214.91,0
33,7,1,1478.38,0.0934,784.02,0
42,12,1,1517.99,0.1152,829.55,0
29,6,0,1274.61,0.0518,750.9,0
49,12,0,1536.47,0.1264,824.13,0
25,19,0,481.4,0.0982,252.33,0
42,3,1,989.02,0.0558,903.32,0
52,15,0,1510.24,0.1021,1060.95,0
55,18,0,1650.17,0.1278,765.93,0
54,10,0,829.42,0.0504,505.63,0
31,7,0,654.41,0.058,267.06,1
67,5,1,1400.26,0.1038,726.66,0
60,3,0,1345.62,0.0645,628.07,0
64,6,0,1244.21,0.0267,686.95,0
47,14,0,1182.11,0.1281,578.85,0
73,10,0,644.44,0.0302,393.56,0
42,4,2,1387.5,0.037,1200.66,0
67,10,0,1132.23,0.1302,789.47,0
30,16,0,1035.53,0.0963,644.45,1
33,0,2,924.38,0.0647,651.88,0
50,0,1,1525.42,0.0573,1302.29,1
52,19,0,1459.73,0.0275,685.55,0
64,14,3,1411.61,0.0102,1567.94,0
36,11,0,1144.21,0.1364,578.6,0
72,18,1,1200.93,0.0067,1115.87,0
38,11,0,1053.84,0.0093,680.64,0
51,10,0,1347.95,0.1128,654.86,0
75,4,0,1355.2,0.1341,700.02,0
51,16,0,1522.43,0.1065,1633.58,1
60,15,1,1666.18,0.0363,923.18,0
74,5,0,1148.46,0.0406,554.91,0
78,14,0,2052.63,0.1442,1001.52,0
48,14,0,1664.99,0.105,736.86,0
43,1,0,1002.56,0.1242,453.11,0
30,3,0,1237.98,0.067,675.94,1
51,11,1,754.26,0.1165,591.56,0
74,12,0,1208.18,0.1471,490.22,0
48,13,0,1702.11,0.0535,859.15,0
39,7,0,2034.39,0.0481,966.57,0
24,16,0,1163.62,0.0064,513.78,0
42,8,1,1450.46,0.1106,1262.08,0
32,4,0,1381.59,0.0361,661.55,0
78,2,0,1793.91,0.0381,761.11,0
50,17,0,905.11,0.0948,602.26,0
26,14,0,1996.65,0.1108,1430.93,0
22,9,0,1104.88,0.0611,646.53,0
70,4,0,848.95,0.1417,392.46,0
75,1,0,1105.42,0.0243,583.5,0
65,3,1,1107.12,0.0791,692.45,0
25,2,1,1475.78,0.0926,1041.89,1
24,10,0,704.28,0.0926,453.48,0
30,3,0,1242.49,0.0985,689.82,1
64,2,0,1399.19,0.0951,780.2,0
65,5,3,2094.85,0.1188,1934.03,0
69,13,1,1554.18,0.1221,1265.73,1
24,9,1,1776.38,0.1466,1363.37,0
27,3,1,1168.3,0.141,576.74,1
73,14,0,1318.26,0.078,515.11,0
75,9,2,831.23,0.1059,675.2,0
62,3,0,1165.8,0.0604,789.9,0
24,13,0,1316.03,0.0976,927.33,0
22,19,1,1493.17,0.0011,1240.13,0
21,10,1,877.78,0.0551,607.28,0
60,3,0,1082.95,0.1372,810.0,0
70,6,1,1274.77,0.1013,786.62,0
57,11,2,1371.28,0.0026,1111.8,0
34,19,0,1417.5,0.0784,595.3,0
64,18,0,1134.95,0.0549,591.04,0
21,18,0,1229.8,0.1213,577.59,0
69,16,1,1203.11,0.0172,1166.74,0
73,11,0,1519.45,0.0906,1108.66,0
62,12,0,1541.77,0.1068,871.26,0
72,14,0,1107.5,0.0893,678.48,0
54,14,1,2205.18,0.0412,1393.33,0
47,12,0,970.06,0.119,325.91,0
37,2,0,1502.16,0.119,719.65,0
75,17,0,914.7,0.0541,592.76,0
61,0,0,1431.91,0.04,872.18,0
29,8,1,1558.5,0.0996,1027.4,1
77,8,0,896.48,0.0552,579.97,0
21,19,0,1160.82,0.0518,589.53,0
54,1,1,1910.32,0.0676,1084.02,0
29,9,0,955.71,0.0687,618.3,0
59,7,1,1470.56,0.1244,927.75,0
43,1,1,1450.65,0.1429,1270.06,0
45,4,1,1337.32,0.107,639.45,0
59,8,0,680.66,0.0132,338.92,0
64,18,1,1598.59,0.0507,1284.39,0
41,7,0,1203.48,0.0284,741.26,0
79,17,0,1531.15,0.0995,817.42,0
48,14,0,1269.53,0.0897,750.3,0
27,16,0,1219.34,0.1474,699.73,0
18,17,1,1461.76,0.0672,773.8,0
30,14,0,903.74,0.0158,468.91,0
60,14,1,1817.43,0.0898,1356.12,1
51,3,0,1087.38,0.055,671.41,0
38,14,0,1091.23,0.0267,601.03,0
47,0,0,1587.69,0.0556,793.34,0
69,14,0,1274.2,0.0357,544.45,0
53,13,0,1129.06,0.0296,732.38,0
21,15,0,1324.15,0.0725,840.25,0
21,12,0,1387.8,0.1215,943.43,0
47,7,0,1164.5,0.1328,523.73,0
43,7,0,1476.7,0.039,844.35,0
70,11,0,818.83,0.0673,397.83,0
54,9,0,1278.54,0.1264,720.08,0
64,6,1,1590.08,0.1483,2027.58,1
54,9,0,1386.54,0.1275,926.95,0
39,10,1,677.69,0.0741,415.42,1
58,4,0,1162.02,0.1305,616.46,0
56,12,0,835.79,0.106,433.79,0
62,6,0,1585.73,0.017,907.04,0
29,5,0,1082.8,0.0126,445.47,0
57,8,1,1702.41,0.1404,1295.0,0
35,2,2,1134.89,0.1387,644.97,0
66,12,0,1317.19,0.0688,526.01,0
67,14,0,1202.38,0.0993,1001.24,0
56,19,0,2029.22,0.0457,1053.48,0
76,5,1,1703.38,0.1052,1615.41,0
51,10,0,1534.17,0.0669,728.01,1
19,10,0,1808.34,0.0523,662.8,0
55,14,1,1435.13,0.0661,829.32,0
66,12,1,1320.15,0.0683,1611.35,0
24,16,0,1135.94,0.1414,478.03,0
24,17,0,1298.34,0.1327,1033.54,0
34,2,1,550.0,0.0292,420.18,0
70,7,0,1200.7,0.0418,686.24,0
50,13,0,1268.04,0.0449,609.18,0
78,10,0,1153.24,0.0017,537.37,0
72,9,0,740.73,0.0796,462.69,0
52,3,0,1155.05,0.0724,839.12,0
60,11,0,739.89,0.0187,429.39,0
38,14,1,1882.13,0.1485,1555.88,0
23,0,1,1272.79,0.1142,833.45,0
42,11,2,881.19,0.0275,1181.25,0
54,18,0,1138.05,0.1058,666.07,0
29,11,0,1468.62,0.0511,1230.68,0
31,19,1,1402.82,0.0949,824.62,0
18,7,0,925.84,0.0706,511.99,0
63,0,0,996.53,0.0208,688.96,0
73,13,0,1113.95,0.069,639.49,0
69,4,0,1068.1,0.1443,661.02,0
41,0,1,972.13,0.1122,570.01,1
54,3,1,1329.72,0.094,874.24,0
77,18,1,949.88,0.1265,568.5,0
54,15,0,1484.71,0.1243,814.42,0
36,5,4,2121.33,0.1332,2406.52,0
38,11,0,899.04,0.0163,451.3,0
63,6,0,985.01,0.0194,623.73,0
45,3,3,1523.1,0.1198,1259.17,0
69,19,0,1190.54,0.1493,432.22,0
71,16,0,1277.05,0.0844,635.62,0
20,7,0,1338.92,0.1446,1149.06,0
62,7,0,1331.92,0.0994,823.0,0
40,16,1,1816.16,0.0128,1093.3,0
50,9,1,1368.11,0.1389,1066.27,0
34,7,0,809.26,0.1259,439.61,0
40,7,1,867.25,0.0804,668.19,0
38,8,1,1840.74,0.1116,1565.24,0
21,10,0,1352.9,0.0527,784.71,0
66,0,0,1261.94,0.0924,721.35,0
26,9,0,1334.7,0.062,1002.61,1
41,8,2,1548.08,0.0791,1496.88,1
29,5,0,1329.96,0.0955,771.61,0
27,7,1,1238.22,0.0081,890.34,0
41,8,0,1516.56,0.0144,755.68,1
74,7,2,1342.54,0.0124,908.37,0
76,18,1,1079.01,0.0892,879.72,0
41,10,0,692.75,0.0619,498.99,0
49,10,0,1128.68,0.075,686.07,0
79,5,0,1580.25,0.075,987.45,0
32,18,0,1062.79,0.0061,496.63,0
76,0,0,786.44,0.1194,389.51,0
24,11,0,1285.45,0.1051,555.08,0
32,3,0,1004.68,0.1032,533.32,1
38,15,1,1814.48,0.0051,1574.86,1
20,7,0,1522.38,0.0978,738.89,0
68,5,0,818.73,0.0751,450.08,1
71,1,1,1297.83,0.1141,1064.93,0
41,15,0,973.42,0.0145,691.63,0
69,7,2,1151.85,0.112,719.21,0
65,5,0,1183.22,0.1443,600.2,0
67,16,0,1445.47,0.1276,695.85,0
67,0,0,1175.49,0.1341,550.43,1
53,9,0,1045.15,0.0114,540.19,0
24,3,1,688.13,0.0794,332.36,1
75,2,0,1000.26,0.037,518.58,0
55,0,1,1515.54,0.0817,1088.17,0
73,3,0,797.42,0.106,361.17,0
77,18,0,1584.77,0.112,803.08,0
29,8,0,1024.91,0.1487,574.14,1
42,19,0,1258.12,0.1436,719.06,0
29,5,1,1230.26,0.0371,632.59,0
21,15,1,997.1,0.1373,817.81,1
77,1,1,1482.09,0.1326,1221.45,0
75,2,0,1020.6,0.1085,490.91,0
75,0,0,950.09,0.0386,741.56,0
72,17,0,487.16,0.0282,297.78,0
58,13,0,1590.81,0.0653,944.69,0
50,14,0,1201.84,0.0059,768.8,0
79,18,1,1681.97,0.0426,975.4,0
52,6,0,1386.06,0.011,720.64,0
57,14,1,1681.93,0.0787,1356.88,0
31,10,0,1030.76,0.0925,490.34,1
64,10,1,938.26,0.0167,623.45,0
68,13,0,1428.81,0.1311,899.11,0
60,9,0,1239.06,0.0145,735.6,0
48,0,0,1060.09,0.0594,594.01,0
30,1,0,1422.81,0.0751,803.93,0
20,10,2,1592.44,0.0873,1334.73,1
56,11,0,1391.68,0.0479,920.97,0
60,14,1,1043.28,0.107,1129.88,0
65,11,1,1643.28,0.0512,1242.29,0
76,3,0,1198.61,0.0379,864.31,0
48,7,2,1825.46,0.068,1451.98,0
69,8,1,1640.48,0.017,1020.61,0
62,19,0,1405.89,0.1449,670.08,1
35,10,0,1166.66,0.0825,541.77,0
70,12,0,1412.87,0.0216,743.43,0
21,14,1,1683.24,0.1194,1432.85,1
55,7,0,1382.02,0.1081,942.46,0
76,19,0,1260.78,0.0646,635.34,0
58,13,2,1713.55,0.1476,1394.06,0
76,16,0,1042.29,0.0751,581.36,0
21,14,1,1804.2,0.0319,1348.05,0
51,12,1,845.45,0.1187,677.86,1
66,0,1,1360.32,0.1393,895.49,1
57,11,0,1078.21,0.0394,578.0,0
72,2,0,1007.73,0.001,737.3,0
46,12,0,1291.56,0.0914,681.63,0
60,14,0,862.36,0.1099,428.96,0
44,10,1,1995.58,0.0391,1398.72,0
72,6,0,794.37,0.1445,450.24,0
25,1,0,914.62,0.0251,375.0,0
33,13,0,886.29,0.1202,452.56,0
23,13,0,1259.55,0.1314,764.41,0
61,9,0,1504.36,0.0256,1253.41,0
32,14,1,1507.8,0.0752,967.15,1
37,15,0,1641.7,0.0042,1067.49,0
69,10,1,1101.82,0.0963,814.27,0
40,0,0,1397.62,0.082,983.51,0
27,17,2,1408.94,0.1167,1080.59,0
19,9,0,1268.42,0.0752,882.51,0
32,13,0,1532.6,0.0531,1132.0,0
74,18,0,692.32,0.0205,515.73,0
52,7,1,1947.3,0.0077,1847.16,1
79,12,1,1306.43,0.0793,967.73,0
31,0,0,718.01,0.1378,450.37,1
39,17,1,1142.15,0.1149,748.8,0
28,1,0,1230.69,0.059,440.25,0
42,10,0,992.08,0.1476,582.65,1
52,7,2,885.63,0.0276,744.37,1
68,0,0,1229.04,0.1496,831.48,1
40,9,2,1283.48,0.0345,1323.67,0
65,18,0,1395.34,0.0252,629.59,0
56,3,1,1029.48,0.1287,1171.88,1
36,5,0,1878.46,0.0703,1132.79,0
74,3,0,1354.09,0.1338,584.44,0
44,2,0,1259.04,0.1122,558.85,0
27,4,1,1536.94,0.0235,708.91,0
77,11,1,803.55,0.0183,667.47,0
74,15,1,1200.91,0.067,770.61,0
21,13,0,1734.91,0.0842,818.31,0
73,15,2,1403.96,0.0635,1071.37,0
76,14,0,1181.15,0.0318,620.62,0
69,7,0,1060.05,0.0326,663.68,1
33,18,1,1789.35,0.0765,918.22,0
57,3,1,1276.61,0.0021,734.9,0
51,13,1,974.45,0.0658,762.5,0
56,2,0,1973.64,0.005,977.92,0
56,15,1,937.49,0.131,750.99,0
57,1,1,1320.79,0.093,852.54,1
49,4,0,947.46,0.024,724.41,0
60,7,1,1139.52,0.1153,847.1,0
50,13,0,882.05,0.0739,628.98,0
19,0,0,1038.0,0.0766,642.4,0
20,5,0,1495.21,0.0384,936.62,0
77,6,1,779.4,0.0591,478.07,0
74,14,0,1578.24,0.1317,1112.26,0
54,19,0,1526.52,0.0221,889.36,0
28,12,1,1502.72,0.0936,885.36,0
66,10,1,1387.85,0.0325,648.87,0
26,6,0,1282.99,0.0667,736.23,0
41,16,0,1627.02,0.08,1227.44,0
38,2,1,826.26,0.0183,491.37,0
18,2,0,1418.19,0.0118,655.62,0
68,4,0,976.15,0.0726,511.31,1
49,5,1,1597.72,0.0614,1419.85,0
37,9,0,1015.92,0.1381,392.6,1
49,18,2,1712.06,0.1047,1304.86,0
18,13,1,885.45,0.1345,516.29,1
45,7,0,692.23,0.1392,432.22,0
50,4,0,1166.08,0.0029,632.36,0
39,12,1,1780.66,0.132,1184.59,0
69,5,0,1360.89,0.1438,732.51,0
33,19,0,1358.73,0.0679,887.03,1
26,9,1,1608.06,0.0954,1434.87,1
50,11,1,1230.91,0.0519,1077.24,0
73,18,0,1383.22,0.0148,865.97,0
41,6,0,1026.1,0.0394,755.14,0
20,9,0,1105.8,0.0121,512.14,0
78,10,0,1143.05,0.073,689.24,0
45,5,0,1036.34,0.098,924.98,0
28,1,1,1330.18,0.0008,656.84,0
56,5,0,1123.63,0.0343,563.45,0
37,2,1,1137.7,0.0111,659.39,1
76,13,1,1307.82,0.1449,987.91,0
36,0,0,1246.58,0.1205,927.35,1
52,6,0,870.04,0.0046,540.58,0
51,17,0,1325.24,0.1221,708.03,0
33,11,1,1201.9,0.1241,955.77,1
48,13,0,1259.46,0.1208,663.21,0
24,13,0,1000.41,0.1318,580.35,0
57,5,0,1515.15,0.0703,956.8,0
65,12,0,1486.83,0.0359,1178.0,0
76,4,0,885.18,0.1306,540.38,1
38,12,0,1357.5,0.1252,791.19,0
35,13,1,1783.88,0.0412,1910.94,0
52,17,0,915.55,0.0871,345.48,0
60,18,0,939.31,0.0835,514.58,0
79,0,2,1720.52,0.0731,1287.63,0
19,5,0,807.85,0.0913,429.79,0
32,10,0,966.75,0.0126,608.71,0
34,6,0,895.6,0.0682,608.03,1
33,12,2,1724.25,0.042,1348.71,0
46,17,1,1142.27,0.0004,931.06,0
72,5,1,1264.62,0.0779,753.5,0
19,17,0,975.5,0.0547,421.35,0
68,17,1,1694.55,0.0647,1225.46,0
56,18,0,942.18,0.0167,503.25,0
56,1,0,777.72,0.0758,584.69,0
60,5,1,915.96,0.0405,999.63,1
25,2,0,1408.1,0.0001,695.68,0
64,2,1,1579.76,0.117,784.03,0
33,1,0,1574.57,0.0942,668.41,0
50,8,0,821.71,0.0792,387.94,0
59,1,1,1280.64,0.0933,951.75,0
55,5,0,1928.19,0.0485,1021.17,0
38,19,0,1109.31,0.0185,481.25,0
42,17,2,1330.98,0.0535,1651.33,0
47,18,2,1493.7,0.1183,1480.33,1
20,0,0,1358.99,0.0912,1078.05,0
63,13,0,1353.97,0.1187,526.99,0
24,12,1,1165.67,0.1353,1072.03,0
46,2,0,1024.49,0.0374,554.88,1
58,18,0,1111.06,0.1372,573.24,0
22,8,0,980.97,0.0994,550.05,0
79,19,0,829.57,0.0841,402.47,0
41,2,0,1742.39,0.0755,944.84,1
18,13,0,1077.92,0.0703,726.82,0
58,2,1,1244.93,0.0111,599.42,0
52,18,0,1104.27,0.0082,831.31,0
57,12,0,1175.85,0.0496,709.69,0
64,1,0,1330.43,0.0305,726.19,0
47,4,1,1210.44,0.013,1040.64,0
69,7,2,1841.81,0.0037,1719.35,0
40,0,1,1529.34,0.1468,990.62,0
51,0,0,1142.73,0.0318,546.32,1
27,18,0,1000.13,0.1477,753.25,0
56,19,0,1525.48,0.0817,633.25,0
34,10,1,1301.39,0.0288,892.06,0
61,18,0,827.17,0.0218,348.11,0
67,13,0,1506.32,0.0301,926.66,0
71,0,0,982.1,0.0546,537.48,0
75,14,1,1610.55,0.0307,894.4,0
25,0,0,445.72,0.1242,209.03,0
26,16,0,1089.4,0.0551,613.31,0
75,7,1,1697.99,0.079,1281.7,0
41,2,0,1201.54,0.0752,455.11,0
19,5,0,1379.44,0.0989,668.44,0
35,13,0,929.42,0.1496,535.53,0
69,16,0,1304.31,0.0665,927.04,0
40,11,0,1201.13,0.0484,792.72,0
22,3,0,1273.0,0.1461,648.55,1
62,18,1,1961.78,0.1496,1708.13,1
30,15,0,1591.38,0.1171,833.76,0
39,8,0,1437.6,0.1197,429.6,0
18,11,0,1441.39,0.0611,1072.92,1
55,19,2,1227.25,0.0808,1167.36,0
45,7,1,1208.63,0.0528,894.78,0
71,0,0,740.23,0.0928,413.73,0
38,2,1,969.12,0.1239,734.11,0
30,12,0,934.04,0.0561,521.96,0
28,19,0,1191.26,0.0803,627.38,0
30,14,0,832.5,0.1162,407.65,0
45,12,1,1338.25,0.0313,968.97,1
23,6,0,1153.79,0.0916,539.78,0
42,8,1,1009.73,0.1164,572.88,1
70,0,0,1657.68,0.0078,976.27,0
65,7,0,802.64,0.0381,544.85,0
57,12,0,1535.2,0.0038,730.54,0
73,18,0,523.72,0.001,258.04,0
66,18,0,1157.33,0.0716,460.04,0
58,16,0,840.71,0.1051,360.54,0
71,0,0,1003.66,0.0575,433.69,0
25,16,2,2043.05,0.0932,2154.88,1
68,4,3,1545.91,0.0287,1117.48,0
36,12,0,868.64,0.1255,531.32,0
63,18,0,1346.29,0.0544,712.42,0
74,17,1,1243.28,0.1061,1000.54,0
48,13,1,1395.21,0.0195,1256.1,0
23,5,0,925.66,0.1227,513.43,0
40,10,0,940.44,0.0777,658.32,0
43,14,1,1113.7,0.1455,1082.62,0
76,10,2,1739.53,0.0608,1976.49,0
76,8,0,1131.95,0.1309,552.17,0
53,8,0,885.52,0.0618,333.25,0
76,11,1,1398.55,0.0162,972.58,0
45,0,0,1223.84,0.1031,707.71,0
43,19,0,1372.08,0.0274,518.02,0
69,2,0,1055.46,0.12,596.19,1
59,19,0,1176.73,0.0502,392.51,0
50,0,0,1326.5,0.1135,1008.34,0
46,10,1,1047.19,0.0722,821.45,0
61,8,2,1765.87,0.0806,1301.46,0
64,11,0,1204.93,0.1102,689.61,0
48,8,0,869.7,0.0998,510.19,0
19,17,0,867.47,0.0996,533.13,0
24,0,0,1170.18,0.0988,662.09,1
26,19,0,1034.93,0.0878,697.63,0
46,13,0,1426.38,0.1211,617.65,0
56,15,0,1113.97,0.045,605.74,0
67,2,0,1290.91,0.0272,1029.72,0
32,1,0,945.41,0.1103,491.7,0
66,7,0,1193.1,0.081,698.68,0
59,6,0,1594.66,0.1351,729.22,0
21,15,0,1155.56,0.1448,992.59,0
39,17,0,1034.11,0.1301,610.91,0
36,8,0,940.86,0.0821,408.16,0
72,15,0,1194.37,0.1131,828.86,0
75,1,0,1622.79,0.0501,730.6,0
68,14,0,790.92,0.0022,506.01,0
50,1,1,1335.02,0.1171,1169.61,1
48,13,0,685.84,0.1172,573.97,0
37,7,0,1076.87,0.0012,628.41,1
65,8,2,1578.83,0.1295,1383.88,0
23,5,0,725.89,0.1322,270.05,0
34,8,0,1066.56,0.0481,543.19,0
26,17,1,1437.16,0.0026,888.29,0
48,16,1,1389.34,0.1314,955.43,0
36,6,0,1301.69,0.0106,654.59,1
30,5,0,907.62,0.0348,592.69,0
41,10,0,1287.03,0.0814,642.13,1
71,13,0,1020.0,0.1225,625.95,0
52,3,1,1564.21,0.1173,1089.81,1
69,14,0,506.8,0.1022,249.68,0
74,18,2,1413.12,0.1243,1063.45,0
73,16,1,1379.66,0.1028,1030.62,1
39,10,1,1754.83,0.0957,1645.83,1
72,6,2,1526.04,0.0252,1144.47,0
74,6,0,1256.49,0.066,707.82,0
77,14,1,1462.65,0.0677,1148.83,0
39,9,0,1575.93,0.0028,875.89,0
32,2,1,1235.43,0.0608,619.47,0
54,13,0,779.07,0.0341,478.43,1
75,2,0,721.64,0.0135,297.93,0
73,19,0,1399.26,0.0819,579.28,0
53,8,0,1266.96,0.0356,544.59,0
27,6,1,1273.1,0.0286,878.82,0
44,1,2,1324.17,0.118,947.91,1
62,3,1,1404.25,0.1215,751.37,0
52,18,0,1262.92,0.0991,760.35,0
39,10,0,1343.95,0.0285,745.89,0
39,18,0,867.4,0.0949,563.2,0
21,19,0,670.71,0.107,323.45,1
35,0,0,925.94,0.035,510.15,0
59,7,0,794.66,0.0199,520.39,0
32,16,2,1079.12,0.065,720.3,1
79,9,1,1820.92,0.0636,1137.41,0
23,10,0,519.9,0.023,353.82,0
54,11,0,1340.91,0.0288,751.16,0
48,14,0,1472.1,0.0749,797.07,0
69,18,0,1496.24,0.0791,828.48,0
73,17,1,1433.17,0.0807,1305.02,0
51,12,0,1595.97,0.1473,886.27,0
57,11,0,1735.02,0.0059,977.0,0
61,7,0,1109.33,0.1179,616.94,0
50,2,0,1334.24,0.0528,538.9,0
29,14,0,1582.74,0.1129,976.56,0
44,0,2,1241.41,0.1103,914.35,0
32,13,0,1126.53,0.093,488.36,0
46,9,0,1012.25,0.0947,398.32,0
56,15,0,1338.29,0.0995,548.94,0
30,18,0,630.57,0.1121,223.49,0
33,11,0,1630.99,0.0197,741.39,1
69,11,0,1360.14,0.0541,695.77,0
41,9,0,1376.98,0.1263,950.04,0
30,7,0,491.01,0.0822,277.33,0
62,1,1,1037.96,0.0205,778.55,0
62,0,0,1647.14,0.1442,1187.11,0
69,14,0,1146.78,0.1482,361.79,1
65,18,1,832.78,0.0769,642.15,0
79,1,0,1266.49,0.08,752.64,0
53,6,0,1403.75,0.0438,923.56,0
35,12,1,1509.45,0.0774,751.42,0
71,14,0,1154.88,0.1453,574.53,0
34,14,0,1540.67,0.0382,713.64,0
36,13,0,989.4,0.0457,426.72,0
69,1,0,1362.03,0.1346,1206.97,0
72,5,0,1240.51,0.0577,618.11,0
39,9,0,1160.07,0.1459,779.21,0
63,1,0,1086.3,0.0524,698.04,1
75,6,1,1246.92,0.0007,666.55,0
67,7,0,1209.68,0.1431,607.7,1
18,19,2,1412.18,0.0355,1240.64,0
59,6,0,1419.92,0.1041,857.53,0
28,19,0,1039.2,0.0071,619.52,0
70,14,1,1820.49,0.1122,1843.12,0
22,13,1,1175.8,0.033,1005.77,0
79,16,0,1476.02,0.12,939.26,0
28,16,0,1488.97,0.145,1008.38,1
44,4,0,1249.76,0.0068,914.03,0
32,8,0,1223.03,0.0552,602.5,0
68,10,1,1131.31,0.1074,588.13,0
42,19,1,1194.88,0.1495,754.61,0
64,0,0,1265.94,0.0545,536.7,0
22,9,0,1186.46,0.1492,543.88,0
46,4,0,1554.93,0.1349,885.15,0
74,4,0,1063.62,0.1079,531.31,0
75,15,1,1231.78,0.0573,999.8,1
30,4,0,700.58,0.0805,415.4,0
42,15,0,1393.06,0.1081,836.15,0
43,19,0,1365.97,0.1029,591.84,0
53,15,0,1493.12,0.0433,699.04,0
51,3,0,1510.03,0.0836,575.07,0
24,2,0,1436.68,0.1253,898.12,1
65,8,1,1599.33,0.0713,1674.88,1
31,11,0,1383.02,0.0849,799.82,1
37,15,0,1429.23,0.0491,841.37,0
70,8,0,647.41,0.024,324.82,0
60,3,1,1020.06,0.0099,696.47,0
42,19,1,971.04,0.0609,893.39,1
74,18,0,1581.05,0.0948,898.38,0
42,13,0,965.11,0.114,611.98,0
53,13,0,1013.14,0.0126,733.32,0
33,18,2,1502.0,0.0478,1624.7,1
29,9,0,826.9,0.1212,464.4,0
48,2,0,1314.16,0.0168,748.99,0
52,12,1,710.88,0.149,469.17,0
67,9,0,846.75,0.0949,522.07,0
42,15,0,1259.64,0.141,647.11,0
73,15,0,827.51,0.1095,495.24,0
55,9,0,1589.73,0.1446,1091.8,0
22,7,0,1213.88,0.0998,483.45,0
63,8,1,1689.62,0.0402,830.88,0
53,12,1,1457.37,0.12,1029.86,0
42,12,0,1196.42,0.0339,763.16,0
46,10,0,901.03,0.0848,532.47,0
36,10,0,1478.74,0.056,647.66,0
56,19,0,1332.38,0.1199,890.04,0
53,5,0,1825.39,0.1139,1491.91,0
45,3,0,1448.52,0.1296,679.37,1
35,15,0,1080.78,0.037,521.67,0
42,18,1,1436.83,0.1496,1029.72,0
48,12,0,1326.64,0.1208,721.88,0
47,8,0,1548.89,0.058,1099.39,1
37,6,0,1596.56,0.0191,942.87,0
54,9,1,1301.41,0.0524,875.34,0
32,1,2,1135.34,0.0159,875.84,1
49,10,0,643.85,0.0923,264.69,0
25,5,1,1008.14,0.0169,945.29,0
47,5,0,1022.47,0.0646,646.85,1
66,11,0,1651.3,0.1001,904.9,0
68,19,0,1655.85,0.068,944.28,0
61,4,1,1638.05,0.1322,1143.05,0
64,18,0,1569.12,0.0361,615.09,0
22,10,0,987.78,0.0786,414.81,1
39,19,2,1045.41,0.137,871.1,0
58,7,0,898.04,0.053,479.42,0
67,19,0,589.55,0.0709,328.17,0
54,13,0,865.81,0.1399,678.43,0
70,13,0,1048.22,0.0749,552.35,0
34,11,0,1250.01,0.1296,598.82,0
27,9,1,1390.64,0.1411,1002.09,0
23,10,0,993.11,0.0384,419.09,0
54,17,0,1370.68,0.1179,789.01,1
59,15,0,998.87,0.0981,482.15,0
35,0,0,1203.01,0.148,702.18,0
66,13,0,867.01,0.0878,466.66,0
63,16,0,1526.6,0.1189,828.07,0
40,14,0,1206.25,0.0519,762.94,0
32,9,2,1703.65,0.091,1712.73,0
64,6,0,835.14,0.1168,699.82,0
59,13,0,1252.33,0.145,802.9,0
28,13,2,1671.7,0.0378,1381.66,1
33,7,0,586.84,0.0118,288.54,0
48,8,0,1550.43,0.1464,927.29,1
49,7,0,825.17,0.0904,616.76,0
28,0,0,1263.27,0.0026,836.58,0
76,0,0,1736.31,0.078,840.22,0
42,1,1,1636.47,0.1404,1277.35,0
41,8,0,753.02,0.1477,439.26,1
21,10,0,1146.59,0.0489,789.16,0
72,8,1,1720.03,0.1173,1302.58,0
32,19,0,954.97,0.0688,561.77,0
79,4,1,1242.04,0.0597,699.23,0
48,7,0,1083.64,0.1137,708.46,0
72,4,0,1371.01,0.0405,579.28,0
29,5,0,738.9,0.064,419.76,0
28,11,1,1537.83,0.037,982.11,0
67,6,0,1013.16,0.0214,500.44,0
68,6,0,1196.6,0.0569,750.22,1
51,13,2,1432.54,0.1439,1242.64,1
19,16,0,1379.93,0.0628,477.09,0
76,4,0,1193.69,0.1025,640.24,0
42,2,1,1782.13,0.0428,1175.71,0
76,4,0,1496.83,0.1298,1074.05,0
71,11,0,961.4,0.0937,418.43,0
70,19,1,1759.59,0.1426,1840.79,0
60,3,0,1295.82,0.0489,858.21,1
59,0,1,1400.97,0.0807,944.86,0
51,10,0,1454.46,0.0287,746.37,0
19,19,0,887.66,0.0204,435.95,0
42,11,0,786.17,0.0878,467.62,0
63,18,0,1207.48,0.1205,575.55,0
68,12,0,1018.11,0.03,554.93,0
52,0,0,1822.12,0.1054,818.15,0
61,8,0,970.7,0.1007,624.64,1
19,15,1,1362.07,0.0724,1004.64,0
47,10,1,1407.59,0.115,913.94,0
49,3,0,1569.38,0.0891,834.38,0
73,3,0,901.63,0.142,438.01,0
37,13,0,716.38,0.1146,425.59,1
32,9,0,1618.33,0.133,702.57,0
39,11,0,1224.16,0.0542,818.12,1
28,7,0,1442.92,0.1216,833.54,0
52,6,1,1607.01,0.1488,1047.46,0
57,13,1,1659.0,0.0245,1330.4,0
67,0,0,1086.64,0.0767,655.35,0
78,8,0,1005.32,0.1294,455.11,0
22,7,1,751.12,0.0595,695.59,0
33,15,2,1201.53,0.0762,633.0,0
36,14,3,1668.65,0.1121,2122.64,0
33,8,1,1139.58,0.1237,786.44,0
69,5,2,1157.73,0.0299,1225.08,0
26,4,0,1215.13,0.0587,904.42,0
19,4,0,1602.88,0.0592,821.12,0
71,5,2,1483.2,0.0229,1193.09,0
77,15,1,1010.15,0.0137,767.01,0
32,0,1,1731.73,0.1117,984.24,0
38,0,0,967.76,0.1278,505.35,0
49,10,0,1643.81,0.1428,843.92,0
50,4,0,1121.06,0.1434,493.44,0
79,16,0,1230.94,0.1492,625.35,0
43,15,1,1818.27,0.0124,1507.15,1
18,15,1,944.55,0.0595,771.71,0
44,9,1,1034.97,0.0123,712.24,0
52,8,1,1252.04,0.1017,903.91,0
50,8,0,1158.01,0.1459,608.03,0
49,3,0,1992.62,0.0055,781.75,0
75,11,0,933.58,0.0789,425.09,0
68,17,0,808.73,0.08,546.68,0
33,5,0,919.25,0.0245,651.72,0
40,1,0,1269.64,0.125,596.71,1
59,11,1,1497.61,0.0592,1335.64,0
43,7,0,987.87,0.0631,433.55,0
44,15,0,1206.31,0.1443,606.98,0
28,17,0,1783.56,0.0371,971.86,0
33,19,0,1210.55,0.0578,639.57,0
63,7,0,1296.3,0.1155,629.82,0
70,18,0,1766.7,0.072,1011.13,0
66,2,0,990.59,0.0905,645.61,1
37,7,0,970.98,0.0717,405.11,0
26,5,0,1059.1,0.0425,606.09,1
27,18,1,1191.63,0.0244,1030.49,1
42,12,1,803.7,0.1275,527.64,0
50,7,0,1241.4,0.0413,620.93,0
73,3,0,1265.08,0.1496,595.46,0
73,15,1,1294.24,0.0015,1376.74,0
18,13,0,1274.24,0.1323,958.48,0
61,17,1,1427.43,0.1421,959.47,0
36,8,0,805.15,0.0088,568.89,0
30,2,0,1286.59,0.0941,646.22,0
52,6,0,1367.55,0.1174,739.71,0
20,12,1,870.87,0.0923,502.32,0
38,4,0,1638.93,0.132,632.56,0
52,1,0,829.26,0.0199,412.03,0
34,16,1,1008.53,0.1423,660.48,0
54,10,0,1260.59,0.0826,766.06,0
46,7,1,1510.41,0.0517,1227.64,0
67,11,1,1583.3,0.0788,1101.53,0
29,14,0,1368.3,0.0509,626.22,0
21,0,2,1344.09,0.0683,1022.82,1
50,8,0,1232.57,0.0235,945.47,1
33,5,1,1255.0,0.1267,1014.8,0
61,1,0,1252.28,0.0584,928.8,0
23,0,0,1220.54,0.0701,971.7,0
53,8,1,1198.53,0.1364,749.26,0
79,10,1,1245.83,0.1361,1046.62,0
23,10,1,794.34,0.1182,472.86,1
36,15,0,1449.04,0.0045,994.18,0
70,9,1,1439.27,0.136,1210.98,0
51,11,0,508.0,0.0283,185.73,0
28,16,0,1437.95,0.0657,869.69,0
31,13,0,1184.09,0.1354,556.7,1
65,18,1,1068.95,0.0143,712.0,0
71,4,1,1042.37,0.02,651.35,0
40,15,0,993.53,0.0864,664.78,0
47,13,1,1070.54,0.0702,665.77,0
66,11,2,1260.84,0.0585,847.39,0
28,0,0,1710.19,0.1214,811.96,0
30,10,0,1311.34,0.1342,701.0,0
66,17,1,1960.8,0.1487,1517.59,0
29,12,2,1567.72,0.0184,1728.46,0
65,0,1,1523.78,0.1014,1203.99,0
48,5,0,935.79,0.1307,586.84,0
79,11,0,1149.59,0.0361,743.57,0
20,16,1,1325.5,0.072,1112.92,0
76,8,1,1536.03,0.0011,1346.63,0
31,17,0,1185.15,0.0202,1091.43,0
20,15,2,1605.4,0.0188,1635.56,1
62,5,0,1294.66,0.1061,765.03,0
51,3,0,1109.14,0.0933,563.91,1
69,18,0,1078.29,0.0058,640.16,0
24,11,1,1149.3,0.0894,1032.16,1
23,16,0,1524.69,0.0102,666.8,0
53,18,1,1259.27,0.0303,1154.86,0
72,8,1,1448.67,0.1352,948.4,1
43,0,0,1153.03,0.0671,614.23,0
67,18,0,1518.79,0.1172,940.71,0
74,11,0,603.57,0.0471,303.12,0
71,2,1,1440.89,0.0166,1126.09,0
49,10,0,823.53,0.1332,364.95,0
61,0,0,1317.21,0.0246,875.74,0
50,5,0,1156.04,0.0524,670.86,0
59,6,0,756.49,0.1052,421.81,0
53,9,0,1301.29,0.0888,767.13,0
50,11,0,1267.25,0.1392,704.28,0
45,16,1,1280.63,0.1482,997.39,1
58,7,0,1168.63,0.022,625.62,0
64,14,0,1248.45,0.034,657.27,0
74,18,1,1703.47,0.0959,852.83,0
56,14,0,1105.7,0.022,810.63,0
24,5,0,1503.91,0.0813,665.02,0
54,13,0,1188.76,0.0559,916.32,0
37,5,0,1588.72,0.1332,844.56,1
19,9,0,1129.46,0.1377,804.0,0
22,12,1,1150.1,0.0388,1010.07,1
54,5,1,1020.7,0.0144,882.2,0
76,0,0,1189.86,0.1487,670.14,0
49,16,0,962.05,0.0225,422.73,0
45,14,0,1621.35,0.026,872.37,0
23,2,1,1088.64,0.0378,728.88,1
59,7,1,1142.99,0.0511,798.47,0
21,5,0,1374.32,0.0222,599.91,1
70,19,0,1555.74,0.0483,819.79,0
68,18,1,1569.31,0.0033,623.65,0
79,13,1,1667.61,0.1201,1119.7,0
35,8,0,1175.94,0.0395,672.89,1
28,1,1,1330.16,0.1227,811.11,1
36,4,1,1953.53,0.097,1319.61,0
67,1,1,1857.08,0.0721,1367.86,0
31,15,1,1564.26,0.1458,1365.75,0
73,1,1,1681.98,0.058,1480.86,0
27,13,2,1757.56,0.0268,1621.64,1
21,19,0,838.21,0.0866,464.98,0
31,6,0,1188.1,0.021,711.77,0
64,13,1,1799.03,0.0415,1838.53,0
55,17,0,1416.1,0.1362,873.55,0
39,8,0,1180.92,0.1338,694.21,0
58,8,0,1652.63,0.0699,1142.88,1
58,4,0,1310.79,0.0717,738.48,0
52,8,0,1426.67,0.085,671.17,0
49,17,0,1312.36,0.0126,802.73,0
24,13,0,1362.35,0.038,786.54,0
34,4,1,1533.8,0.087,1046.82,0
50,10,1,1739.9,0.0482,1383.06,0
26,14,0,1628.99,0.032,632.58,0
47,1,0,1064.67,0.0971,533.2,1
25,15,0,1306.65,0.085,611.61,0
66,4,1,1731.3,0.0491,1057.2,1
24,5,0,1160.53,0.1406,627.94,0
23,8,0,807.33,0.1167,375.53,0
57,10,0,927.41,0.0894,723.71,0
31,18,1,1098.13,0.0314,856.99,0
39,4,0,1062.55,0.0972,505.81,0
37,5,0,976.13,0.1032,384.56,0
31,7,1,1658.73,0.0872,1052.42,0
65,17,0,1116.95,0.0957,583.49,0
60,19,1,1728.33,0.0243,1085.34,0
32,9,1,1010.91,0.0502,1198.5,0
60,13,1,1244.0,0.1336,637.13,0
62,18,0,1231.28,0.0206,694.1,0
51,16,0,1443.2,0.0885,784.65,0
53,13,0,1543.09,0.1346,819.19,0
75,10,0,1038.5,0.0021,393.18,0
46,19,0,1498.03,0.1451,828.78,1
41,4,0,695.43,0.1325,402.31,1
51,7,1,1611.4,0.1073,1324.15,0
69,14,1,947.68,0.1064,744.26,0
61,0,0,1333.99,0.1302,949.74,1
22,10,1,1688.76,0.0256,799.7,1
46,17,1,1616.17,0.105,1099.43,0
63,3,0,708.25,0.0515,652.17,0
31,16,1,1215.83,0.1313,1071.62,0
79,8,0,1415.08,0.08,590.43,0
68,17,0,1406.49,0.1149,798.78,0
70,12,1,1432.78,0.0251,828.5,0
23,3,2,839.52,0.0363,668.45,1
53,14,0,1559.41,0.1257,1298.02,0
50,1,0,1612.88,0.0593,1090.16,0
56,4,0,1249.12,0.0792,514.3,0
70,17,0,1268.57,0.1088,607.41,0
39,17,1,1500.92,0.0255,1070.33,0
51,0,0,1638.13,0.0454,867.01,0
60,7,0,1275.17,0.0488,757.55,1
64,1,0,1142.65,0.1375,546.12,1
65,5,0,1314.46,0.0206,681.67,1
38,19,0,1196.67,0.0557,570.61,0
79,3,0,1200.07,0.1439,622.17,0
18,12,0,670.24,0.1252,430.53,1
48,16,1,1506.85,0.1006,1140.08,0
55,17,1,1701.44,0.0823,1054.37,0
21,7,0,1506.11,0.1258,1054.0,0
45,13,0,1485.3,0.142,1025.28,0
54,9,1,1334.1,0.1386,951.0,0
55,2,0,1243.7,0.0959,659.07,0
25,4,2,1857.42,0.1092,2293.62,1
35,14,1,1610.21,0.1163,1583.24,1
33,13,0,1645.91,0.1214,678.35,0
57,10,0,998.19,0.11,707.27,0
38,15,1,1146.31,0.027,1153.77,1
53,13,1,1250.23,0.1139,1016.52,0
63,6,0,917.09,0.0586,466.11,0
67,5,0,803.56,0.03,418.43,0
29,18,2,1640.59,0.0154,2004.94,1
74,19,1,1470.17,0.036,1238.86,0
28,0,1,1423.87,0.0762,1132.64,0
19,15,0,1306.12,0.037,1162.09,0
20,2,0,760.89,0.0999,347.08,0
30,17,0,1055.98,0.1447,578.64,0
72,11,0,1111.96,0.0066,644.51,1
30,13,0,1214.55,0.0196,649.64,0
60,14,0,762.07,0.0371,294.29,0
43,12,2,1221.66,0.1207,1296.18,1
20,5,1,1219.06,0.0407,747.94,0
45,16,0,1517.49,0.0287,726.03,0
19,11,1,1428.56,0.0229,947.98,0
47,10,1,1656.47,0.0225,1127.91,0
52,6,0,1163.27,0.108,633.52,0
50,0,0,1200.3,0.1062,812.14,1
35,11,1,1499.72,0.0467,1350.9,0
65,6,0,1146.84,0.0674,607.59,0
54,13,0,1012.58,0.0942,501.31,0
33,7,0,753.06,0.1463,409.55,0
44,19,0,1020.62,0.1115,476.29,0
24,13,1,1600.86,0.1205,1134.96,1
75,9,0,1578.2,0.1467,728.81,0
64,14,0,968.05,0.0572,826.61,0
35,12,0,679.88,0.0104,389.2,0
59,12,1,1627.98,0.112,1042.37,0
60,11,0,1220.79,0.0182,784.49,0
55,18,0,795.89,0.0658,347.11,0
21,6,0,400.0,0.1108,193.59,1
72,8,2,1210.98,0.0838,1144.11,0
77,5,0,1061.12,0.0551,608.36,0
78,11,0,854.5,0.0772,588.09,0
78,19,1,1557.57,0.0368,643.35,0
75,12,1,1106.23,0.0111,928.96,0
63,4,1,1353.72,0.0619,865.81,0
21,18,0,1912.05,0.0087,844.28,0
46,15,1,1385.24,0.1469,699.75,1
33,8,1,1315.34,0.0671,839.19,0
31,2,2,1472.12,0.1324,1756.17,0
69,8,0,1400.7,0.1428,948.76,0
68,16,0,1363.53,0.0674,1055.01,0
50,11,1,1048.93,0.0631,731.05,0
63,3,0,1076.65,0.134,613.74,0
26,3,3,1449.8,0.0052,1081.46,0
31,19,2,1415.21,0.0731,895.67,0
71,8,1,1897.99,0.0403,1314.18,0
45,13,2,1685.23,0.1129,1110.82,0
51,7,0,1176.07,0.1255,552.85,0
46,1,0,1573.36,0.093,885.57,1
30,8,0,1256.54,0.061,904.33,0
69,13,1,858.58,0.0832,613.37,0
65,6,0,1699.19,0.0861,722.3,0
60,12,0,1153.08,0.0953,446.94,0
39,8,1,673.19,0.1383,491.63,0
57,6,0,720.11,0.0374,354.32,0
77,5,0,1538.31,0.0302,878.55,0
58,5,0,724.98,0.0285,388.35,0
48,5,0,1604.77,0.1046,882.93,1
34,14,1,1374.31,0.1357,1246.07,0
50,6,0,1414.17,0.049,974.21,0
41,14,2,1422.96,0.0631,1329.69,1
55,6,1,1507.01,0.1452,898.36,0
20,6,1,1444.97,0.0218,922.72,0
29,18,0,1188.44,0.1319,772.51,0
66,17,0,880.37,0.1439,637.29,1
41,8,1,1457.56,0.1199,805.53,0
44,5,0,654.89,0.0505,496.0,0
51,14,0,1479.45,0.098,706.33,0
45,1,0,1259.1,0.0437,803.13,0
65,9,0,1339.26,0.0181,1308.57,0
33,11,1,564.93,0.0161,293.09,0
65,13,0,862.28,0.0014,532.31,0
30,2,0,1048.27,0.1468,549.34,1
40,0,2,1702.1,0.0983,1615.67,0
54,5,1,1067.16,0.0482,672.29,0
72,2,1,2114.4,0.0869,918.15,0
32,10,0,1121.01,0.0929,537.98,0
54,18,0,895.2,0.0274,535.42,0
21,5,0,1143.95,0.0433,836.05,1
22,9,0,914.72,0.0821,553.54,0
65,4,1,994.7,0.126,952.15,1
62,0,1,1653.29,0.0194,1068.02,0
41,14,0,1353.97,0.1288,673.47,0
56,5,0,1354.84,0.0913,809.7,0
41,10,0,1583.03,0.0734,819.5,0
35,13,1,1496.0,0.0216,1335.12,0
44,16,0,879.78,0.0825,370.61,0
37,3,1,1562.59,0.053,1323.94,0
68,11,0,862.01,0.0283,612.46,0
43,18,1,1206.59,0.132,925.47,1
37,9,0,1186.28,0.0691,794.51,0
51,0,0,1155.85,0.012,566.43,0
64,5,0,662.65,0.0453,313.11,1
34,15,0,909.72,0.0272,544.67,0
76,15,1,1343.25,0.1409,828.92,0
46,6,1,1166.79,0.0365,883.45,1
58,3,0,1537.88,0.076,911.49,0
77,5,0,1589.25,0.1118,874.93,0
44,4,0,863.88,0.0238,510.04,1
30,14,0,1217.93,0.0656,771.59,0
64,16,2,1974.82,0.098,1680.19,0
18,0,0,1159.73,0.1323,588.26,0
46,14,1,1227.91,0.0981,1032.08,0
78,15,1,1608.07,0.012,1210.96,0
43,12,0,1117.74,0.0482,682.58,1
60,17,0,1581.26,0.0526,991.38,0
50,0,1,1171.58,0.0582,860.53,0
31,13,2,1357.62,0.1412,1100.02,0
37,2,0,1437.05,0.0054,708.81,0
50,17,0,1230.16,0.0453,674.39,0
24,9,1,1382.52,0.0739,1085.44,1
43,1,0,627.2,0.013,388.99,0
43,14,0,1093.98,0.0725,628.26,0
69,14,2,1759.21,0.0161,1638.43,0
25,9,1,1114.89,0.1257,637.34,1
70,6,1,1560.2,0.0405,1013.75,0
43,0,0,1280.4,0.0785,817.06,0
58,18,1,1290.09,0.0927,778.6,0
52,3,0,1607.33,0.0459,922.59,0
36,16,1,1248.05,0.0527,899.08,0
75,11,0,1118.96,0.0766,610.32,0
31,13,0,1136.66,0.1208,726.48,0
20,13,0,1224.16,0.0679,714.83,0
64,17,0,1430.09,0.0736,628.04,0
56,0,0,758.23,0.0894,469.1,1
73,19,0,1460.41,0.0638,736.31,0
46,0,1,1370.43,0.1089,743.84,0
19,19,0,1366.21,0.0007,884.35,0
19,5,0,1917.56,0.0725,844.08,1
44,16,0,1046.5,0.1385,543.96,0
33,1,0,832.6,0.0924,492.68,1
75,9,0,1258.14,0.073,691.82,0
25,10,0,1305.65,0.1158,643.04,0
72,19,0,1461.48,0.059,668.52,0
31,2,0,1038.49,0.0701,497.76,0
25,0,0,950.97,0.0293,427.78,0
35,12,1,890.11,0.0186,618.79,0
26,0,1,939.75,0.0038,600.8,0
42,15,0,1075.21,0.1097,455.38,0
38,0,0,1165.02,0.0702,613.54,1
50,19,0,1819.54,0.1409,892.74,0
51,10,0,692.23,0.0265,407.54,0
18,18,0,1300.62,0.0366,780.26,0
25,2,0,982.22,0.0958,716.81,0
28,5,1,1416.86,0.0082,1149.96,0
30,9,0,1034.03,0.0755,464.13,0
23,0,0,1510.62,0.0185,545.81,1
37,2,0,1508.76,0.0242,621.35,1
52,6,0,1166.07,0.0768,588.45,0
37,14,0,1631.73,0.0854,660.11,0
38,14,0,1428.03,0.0318,704.46,0
47,1,0,1617.77,0.0407,908.56,0
52,1,1,1337.06,0.0426,851.77,0
38,13,0,1485.54,0.0213,876.46,0
31,7,0,969.52,0.1449,479.0,0
43,15,0,939.1,0.1038,449.95,0
19,5,0,1853.95,0.0166,1455.75,0
48,7,1,1024.24,0.0536,725.47,0
76,4,0,1069.17,0.0259,610.11,0
42,5,1,780.6,0.0352,658.94,0
24,14,0,946.24,0.1409,629.24,0
61,9,0,901.73,0.0205,467.64,0
25,13,0,998.91,0.132,687.09,0
30,1,1,1439.97,0.1263,938.54,0
27,10,1,1512.31,0.1116,1321.3,0
72,9,2,1197.96,0.0745,812.45,0
78,18,1,1113.1,0.0388,746.42,0
53,8,0,1525.05,0.1246,889.72,1
56,2,0,1711.59,0.1251,1026.53,1
58,13,0,1576.78,0.0788,743.24,0
55,2,0,706.1,0.0071,283.33,1
51,18,0,1556.82,0.0289,952.48,0
79,7,1,1906.11,0.0084,1304.02,0
63,15,1,841.22,0.027,554.7,0
23,13,1,1674.81,0.0763,1662.47,0
42,9,2,1567.56,0.1281,1283.2,1
78,11,0,1101.86,0.098,554.45,0
43,3,2,1531.85,0.0901,927.64,0
30,1,1,1482.98,0.1122,851.48,1
71,15,2,1847.28,0.096,1910.4,0
56,19,0,1531.8,0.0665,739.31,0
52,17,0,747.92,0.1223,473.24,0
44,6,0,1005.4,0.0465,433.22,0
25,7,0,1228.07,0.1392,575.92,1
41,7,2,1971.67,0.0174,1431.0,0
45,14,0,400.0,0.0957,245.53,0
75,12,0,1016.75,0.0751,543.8,0
37,15,1,891.63,0.0639,509.1,0
27,18,0,789.19,0.0645,508.01,0
44,7,0,1495.72,0.0063,921.34,0
79,13,0,1040.43,0.1127,621.46,1
47,10,0,499.89,0.0529,295.91,0
41,19,2,1452.47,0.0715,1062.8,0
59,7,0,1810.76,0.1271,1299.61,0
58,3,0,657.99,0.0866,359.81,1
36,7,0,1359.88,0.1277,800.6,1
78,12,0,1670.31,0.0206,1006.22,0
54,19,0,1185.17,0.0423,547.45,0
21,16,0,1778.4,0.0342,1450.05,0
43,0,1,1152.06,0.133,816.98,1
75,10,1,1783.78,0.1172,1280.36,0
42,3,0,1562.98,0.1251,803.08,0
53,7,0,1190.24,0.0853,835.9,0
55,18,0,753.84,0.0331,533.91,0
61,19,0,899.48,0.0565,518.05,0
72,3,2,796.74,0.0825,515.84,0
27,2,0,1378.24,0.0028,744.17,0
50,13,0,1342.29,0.0959,739.33,0
51,8,1,1373.77,0.1282,894.9,1
27,8,0,1163.19,0.0488,533.18,0
59,17,2,1907.28,0.102,1213.21,0
25,18,0,1289.34,0.0725,965.57,0
46,18,0,1033.61,0.0006,668.97,0
38,15,0,1244.17,0.0426,699.05,0
27,19,1,1964.25,0.0792,1229.84,0
68,14,0,1386.65,0.1087,831.53,0
33,17,1,1233.02,0.0603,915.78,0
33,10,1,1336.66,0.0279,879.56,0
70,1,0,1339.01,0.0092,807.73,0
72,16,0,1073.67,0.1072,663.76,0
20,18,1,1197.14,0.0548,979.35,0
35,6,0,1196.6,0.0971,559.04,0
61,8,1,1805.73,0.0333,1403.46,0
66,11,0,1437.29,0.1132,1014.99,0
79,13,1,1227.14,0.0517,928.38,0
52,13,0,1460.7,0.0079,1267.65,0
18,7,0,1202.57,0.0765,647.26,1
72,17,0,1303.38,0.1097,515.83,0
27,16,0,1276.09,0.1399,600.87,0
25,18,0,566.92,0.1456,276.71,0
59,11,0,400.0,0.0685,249.58,0
55,1,0,1267.99,0.0918,835.61,0
21,16,0,944.14,0.0836,541.37,0
28,1,1,858.22,0.08,648.79,0
54,3,0,953.4,0.0172,780.28,0
33,5,1,1627.39,0.1006,982.64,0
60,3,0,1307.35,0.1448,718.95,0
43,14,0,1431.53,0.019,729.69,0
54,8,0,1335.93,0.0468,589.46,0
47,4,0,924.35,0.0116,344.02,1
40,0,1,1582.96,0.0604,1462.76,1
39,4,0,1375.72,0.0723,658.85,0
61,13,0,1164.76,0.0537,618.19,0
49,15,0,1217.65,0.0715,740.56,0
54,5,1,1587.74,0.1204,892.29,0
53,1,1,1125.17,0.0321,678.94,0
30,11,0,1526.36,0.1137,848.01,0
74,15,0,1369.53,0.119,700.06,0
52,1,1,1350.68,0.0872,746.14,0
62,15,0,1659.37,0.0473,1045.48,0
72,3,0,811.7,0.1405,412.77,0
75,5,1,1211.94,0.0546,888.07,0
59,12,1,1145.32,0.0075,825.96,0
66,1,0,1307.43,0.0204,885.67,1
47,6,0,1554.72,0.1337,931.01,0
63,2,0,905.09,0.0225,425.01,0
37,4,0,2191.65,0.0671,1542.96,0
62,15,1,1151.17,0.1038,746.66,0
23,4,0,1308.21,0.086,620.33,1
74,0,0,1200.81,0.098,552.77,0
33,4,0,1213.85,0.0523,423.88,0
58,1,1,1112.28,0.0993,702.19,0
18,12,1,1670.26,0.0014,1289.22,0
27,19,0,943.82,0.0395,401.08,0
79,3,1,819.32,0.0185,822.15,0
69,14,1,1013.4,0.0683,461.58,0
31,7,0,1633.59,0.0219,779.38,1
26,1,1,1725.14,0.0821,913.5,0
68,13,2,897.83,0.0271,936.39,0
79,4,0,1444.12,0.0621,918.15,0
28,10,1,755.42,0.0111,510.71,0
59,10,1,1341.83,0.066,719.93,1
35,11,0,837.67,0.1212,367.8,0
64,2,0,1467.23,0.0475,860.69,0
43,5,1,1516.4,0.1059,944.44,0
25,14,0,1493.87,0.0639,744.95,0
38,18,0,1111.43,0.0351,611.1,0
51,0,0,1142.6,0.0455,587.07,1
67,8,0,750.23,0.0454,295.02,0
19,17,0,890.85,0.1114,380.92,0
77,5,0,1484.56,0.0301,637.87,0
58,8,0,1310.18,0.1467,632.08,0
72,18,0,1231.3,0.1031,699.56,0
75,19,0,1578.63,0.0602,889.53,0
27,13,1,959.96,0.1497,867.78,1
23,13,1,1566.04,0.0324,842.71,0
66,12,0,846.25,0.1144,502.05,0
29,5,1,1793.36,0.0406,1092.53,0
27,17,1,1513.34,0.0815,1601.83,0
47,0,0,1489.35,0.0082,813.64,0
74,1,0,989.51,0.127,493.49,1
67,12,0,1854.63,0.0549,1093.24,0
50,16,0,1799.57,0.0877,1044.53,0
30,16,0,1329.11,0.1391,687.37,1
38,13,0,1552.58,0.0045,975.61,0
60,7,0,1109.43,0.1452,837.38,1
27,7,1,969.46,0.0788,830.56,1
50,8,1,1588.74,0.1171,1099.54,0
18,5,0,924.21,0.071,735.74,0
38,8,0,1593.07,0.1224,978.91,0
33,2,1,1664.36,0.1321,952.77,0
60,6,0,1270.57,0.0573,716.81,0
74,18,0,1253.79,0.1084,669.93,0
27,14,1,1646.79,0.1498,1053.67,0
67,2,0,1282.37,0.1136,762.0,0
58,5,1,1228.66,0.1435,601.61,0
78,5,0,745.65,0.1105,573.34,0
74,5,1,1637.67,0.0495,1319.68,0
24,13,0,1309.93,0.1241,505.76,0
64,17,0,2026.7,0.1,1275.11,0
54,14,1,1321.23,0.005,1029.37,0
25,9,0,1290.61,0.0259,965.39,0
33,3,0,1297.65,0.0392,1022.21,0
75,2,0,1395.23,0.1115,1136.75,1
51,16,0,909.94,0.1196,480.31,0
38,13,0,1176.84,0.124,731.69,0
37,10,0,1448.3,0.0101,734.12,0
69,11,0,1100.17,0.0108,746.59,0
35,16,0,1437.06,0.0449,520.44,0
27,16,0,1229.01,0.1022,531.39,1
53,1,0,1320.56,0.1263,675.63,0
79,7,0,1545.34,0.1304,851.98,1
29,0,0,1131.79,0.0311,652.53,1
33,7,0,764.44,0.1151,550.38,0
47,12,1,1270.1,0.0961,795.17,0
30,4,0,952.33,0.139,410.38,0
58,3,0,562.28,0.1159,290.35,0
33,9,1,1318.0,0.0793,832.46,0
25,10,1,1409.71,0.1175,1122.72,0
34,14,0,1506.23,0.0462,1140.21,0
75,0,0,858.21,0.1179,638.07,0
75,4,1,1376.56,0.1172,1220.43,1
49,15,2,1838.43,0.1283,1423.95,0
42,13,0,1027.61,0.0364,555.15,0
68,17,0,1360.87,0.1274,826.67,0
30,16,0,1679.32,0.0254,803.22,0
58,16,0,641.28,0.1158,312.49,0
60,10,0,1281.8,0.1395,770.87,0
62,19,1,1698.87,0.0054,922.01,0
31,8,1,1244.79,0.0939,1104.3,0
62,18,0,1616.03,0.0989,832.16,0
55,7,0,1390.27,0.1223,864.34,0
72,8,0,1730.81,0.0154,1006.58,0
28,13,1,1524.74,0.1364,1397.09,1
56,7,1,1905.76,0.1491,887.78,0
69,2,0,1290.0,0.1008,926.2,1
35,17,1,939.66,0.0645,858.22,0
64,9,1,1160.7,0.0953,875.46,0
24,18,0,1505.51,0.0082,932.39,0
62,7,0,1499.61,0.113,942.79,0
55,19,0,1106.82,0.0105,515.75,0
29,12,1,1891.29,0.0484,1363.17,0
22,15,0,1093.81,0.0209,729.26,0
64,15,0,1338.59,0.1089,522.41,0
32,4,0,1330.28,0.0892,815.62,0
48,16,1,950.86,0.1049,689.87,0
21,18,1,1316.85,0.0097,1064.43,0
77,13,0,1914.1,0.0556,828.17,0
52,18,0,923.32,0.0609,444.01,0
75,16,0,1387.55,0.0904,585.62,0
27,13,1,1003.69,0.0153,540.12,0
30,9,0,920.19,0.0971,606.29,0
55,17,1,925.71,0.0592,586.7,0
55,3,1,1632.32,0.1359,1019.44,0
67,11,0,938.58,0.0675,651.38,0
75,16,0,1580.25,0.0153,823.24,0
68,18,2,1340.6,0.0155,1411.0,0
26,5,0,1238.4,0.0381,560.21,0
37,1,0,1323.41,0.036,689.05,0
74,6,0,714.94,0.1195,332.84,0
52,17,0,1261.09,0.1084,785.18,0
71,10,0,1304.97,0.0115,698.65,0
52,1,1,1692.01,0.1277,1396.36,1
21,2,0,912.15,0.0144,524.78,0
47,6,1,1104.89,0.1178,533.81,0
69,6,0,1397.86,0.0167,739.88,0
58,2,1,1773.72,0.0565,930.27,0
26,9,0,1022.25,0.1126,611.35,0
31,9,0,829.44,0.038,517.18,0
70,3,1,1254.98,0.017,1020.84,0
78,4,0,896.0,0.1181,487.83,0
64,13,0,1319.33,0.1036,531.16,0
24,19,0,876.05,0.1337,509.76,1
56,19,0,1491.87,0.0962,903.09,0
69,11,0,1263.79,0.0111,679.91,0
57,0,1,1651.23,0.0958,1197.63,0
54,17,3,923.01,0.1234,647.29,0
46,19,0,672.55,0.0126,380.29,0
33,5,1,1737.8,0.0204,1212.48,0
35,8,0,984.14,0.1016,430.88,0
64,0,0,760.09,0.1187,471.39,0
22,16,0,1139.19,0.053,575.84,0
23,15,0,1272.7,0.1103,743.47,0
42,0,1,1302.6,0.0251,1023.98,0
66,14,0,1340.4,0.0666,798.78,0
58,8,0,1299.75,0.1122,554.67,0
54,10,1,1434.05,0.0298,946.87,0
51,4,0,1604.51,0.0523,1370.69,1
24,16,1,1345.75,0.0944,1268.44,0
38,8,0,1186.93,0.0519,782.61,0
22,16,0,1440.84,0.1311,849.33,0
65,2,0,1365.8,0.1435,625.46,0
64,11,1,1079.14,0.0963,744.85,0
34,6,1,1322.37,0.1174,866.46,0
36,19,0,1331.47,0.136,730.48,0
37,11,0,1023.95,0.1053,427.83,0
73,14,0,1038.25,0.116,701.2,0
48,1,1,932.56,0.012,388.53,0
65,13,0,400.0,0.1236,264.94,0
45,2,1,1237.78,0.0412,1051.58,0
61,7,0,1238.19,0.0106,1100.34,1
50,4,0,871.38,0.0884,462.54,0
35,0,0,1613.36,0.034,811.33,0
72,11,1,1035.99,0.012,756.66,0
61,4,1,1623.76,0.0914,1294.9,0
65,10,1,1475.6,0.0148,1033.29,1
76,15,0,1852.9,0.1331,816.07,0
33,3,1,1511.95,0.1454,1205.43,1
23,14,0,766.12,0.1107,427.44,1
54,5,1,1666.31,0.0431,971.13,0
38,6,0,1709.27,0.0844,689.15,0
45,11,0,668.34,0.0047,611.05,0
32,12,0,1391.74,0.0932,917.2,0
42,13,1,1608.09,0.0396,1282.29,0
42,3,0,1136.15,0.0683,619.56,0
39,11,1,623.41,0.0268,510.26,0
64,5,0,1111.21,0.148,502.38,1
54,5,1,1175.68,0.0311,872.36,0
47,18,0,1658.93,0.0625,971.78,0
24,2,1,1323.42,0.0382,768.31,0
53,8,1,1226.31,0.0812,856.28,0
28,8,0,1024.05,0.1358,526.14,1
37,4,0,1297.72,0.0245,621.53,0
43,15,0,1217.06,0.0211,609.74,0
26,9,1,1113.02,0.0111,564.08,0
42,14,0,1279.21,0.0884,882.86,0
34,7,0,1032.82,0.0903,787.7,1
70,17,0,422.32,0.1232,195.8,0
71,14,0,1400.41,0.1254,975.67,0
18,6,0,1371.96,0.0153,760.67,0
55,19,0,1259.92,0.1366,701.6,0
57,17,2,1367.26,0.1244,915.93,0
41,11,1,1328.38,0.0971,847.16,1
47,0,0,1445.78,0.0521,897.46,1
66,11,0,1010.46,0.1118,463.91,0
41,13,1,1607.89,0.0931,988.38,1
21,7,0,757.55,0.053,381.87,1
41,2,1,1400.45,0.002,505.13,0
33,11,1,1357.73,0.0889,1033.75,0
41,16,1,1650.81,0.0865,1336.94,0
32,6,0,924.32,0.0232,554.78,1
27,9,1,1107.06,0.1359,953.13,1
79,0,1,931.65,0.0239,607.82,0
25,14,0,1029.98,0.0431,825.62,0
61,17,0,1276.63,0.0558,601.62,0
62,15,1,810.65,0.1024,552.62,0
56,8,1,1217.13,0.0122,813.49,0
74,0,0,1383.24,0.1054,801.15,0
18,9,0,1169.14,0.0622,621.86,0
36,18,1,1372.56,0.0274,958.69,0
29,1,1,898.17,0.0168,559.14,0
53,4,0,1169.99,0.0619,598.04,0
57,16,0,1208.61,0.0669,431.37,0
73,11,0,1150.88,0.0206,753.99,0
41,3,0,1245.84,0.0724,566.67,1
32,0,0,1107.26,0.0754,560.1,0
75,8,1,1213.19,0.1472,699.79,1
59,11,1,1038.07,0.107,829.47,0
65,16,0,1492.34,0.0018,746.97,0
45,17,1,982.0,0.0715,429.52,0
45,9,0,1247.38,0.0032,736.24,0
42,8,0,1743.96,0.0767,838.04,0
64,18,0,1530.43,0.0507,850.0,0
31,15,1,1502.81,0.1355,1265.54,1
78,4,0,1274.92,0.074,583.9,0
28,13,1,1311.67,0.1275,925.75,0
46,14,1,1079.6,0.0876,659.67,0
37,4,0,1123.85,0.0595,763.91,0
57,19,0,1372.46,0.0345,778.02,0
60,5,0,1316.91,0.0275,731.45,0
74,10,0,1436.62,0.1192,625.45,0
66,9,0,1565.9,0.1324,1015.22,0
33,13,0,1152.46,0.0486,766.38,0
30,18,0,1257.56,0.0742,602.03,0
72,7,0,630.28,0.0431,362.69,0
48,7,0,1876.86,0.0683,1177.98,0
24,15,0,1075.85,0.1304,935.48,0
69,19,0,1395.51,0.0207,842.05,0
58,18,0,1075.64,0.0437,600.16,0
19,15,0,1068.68,0.1043,578.05,0
66,14,0,1128.9,0.0466,617.92,0
55,15,0,826.46,0.0122,537.65,0
56,18,1,605.94,0.0562,362.17,0
71,0,0,1547.91,0.1015,1040.86,1
48,11,0,1363.71,0.1476,559.09,0
46,0,0,925.24,0.1338,589.88,1
56,11,0,1335.57,0.0843,900.26,0
30,7,1,1597.18,0.1166,1338.03,0
27,6,2,1292.09,0.0857,1183.85,0
70,17,1,1473.55,0.0741,1136.98,0
31,14,1,1652.04,0.0256,1087.3,0
49,11,0,768.49,0.0438,342.42,0
34,17,0,1360.02,0.0678,797.76,0
32,1,0,1309.32,0.1478,740.75,1
55,12,0,1764.14,0.0913,1184.12,1
67,3,1,1517.11,0.1417,1051.56,1
45,4,1,1226.74,0.0388,902.92,0
26,3,0,1111.44,0.0103,656.88,0
33,10,0,1807.02,0.1468,1130.61,0
28,12,0,1093.54,0.0494,737.67,0
72,15,0,1375.84,0.0803,634.4,1
37,8,0,1128.49,0.0107,724.57,0
41,18,0,1524.38,0.1291,820.43,0
22,7,1,1689.2,0.0001,1369.58,0
45,3,1,1343.2,0.1359,1287.21,0
74,0,0,1077.97,0.0248,394.56,0
43,2,2,1370.82,0.0275,1517.0,0
58,8,1,831.82,0.1239,579.21,1
29,8,1,1380.17,0.0579,829.31,0
26,17,0,1224.12,0.0384,625.83,0
63,2,1,1105.16,0.0895,641.1,0
22,5,0,649.56,0.0382,401.18,0
45,19,0,1261.89,0.043,572.5,0
37,0,0,1299.79,0.0068,922.81,0
19,8,1,1468.39,0.0809,1202.35,0
50,3,0,903.02,0.0194,527.31,0
77,10,0,1319.03,0.1256,489.81,0
22,19,1,1296.43,0.1127,709.52,0
68,4,0,1459.35,0.0428,801.37,1
51,7,1,1057.55,0.0801,750.17,1
62,8,1,1695.06,0.0866,1458.5,0
23,15,0,1653.0,0.1,515.14,0
71,19,0,1234.82,0.0628,591.97,0
18,1,0,1321.1,0.0979,871.52,1
74,9,0,1435.17,0.0254,748.59,0
58,15,0,892.29,0.0707,453.47,0
38,0,0,1054.12,0.0141,426.08,0
18,16,0,1255.27,0.1412,865.59,1
55,4,0,1808.07,0.0602,915.64,0
23,10,0,841.17,0.0926,584.14,0
55,19,1,1841.32,0.0735,1760.08,0
65,12,0,1142.03,0.004,829.31,0
34,19,1,1339.67,0.0094,949.01,0
32,12,0,1565.41,0.0397,792.88,0
31,4,0,1806.43,0.1012,902.58,1
31,13,1,1476.85,0.0962,1560.97,0
25,12,0,1549.42,0.0282,828.7,1
33,6,0,923.91,0.0733,636.41,1
58,1,1,1191.16,0.0551,935.32,0
36,12,1,944.27,0.0853,620.07,0
66,11,0,1045.32,0.0502,554.5,0
68,15,0,1369.57,0.1344,968.29,0
65,2,1,1413.64,0.0709,1014.25,0
51,10,0,1718.13,0.064,875.53,1
37,16,1,1966.41,0.1055,1193.11,0
75,17,0,1159.05,0.1171,689.5,0
30,18,0,996.09,0.0656,501.27,0
46,4,0,1548.01,0.0163,972.73,0
46,3,0,1579.27,0.0128,1465.79,0
64,11,0,1332.37,0.049,824.63,0
51,9,0,1411.67,0.1099,1129.98,0
67,4,1,1514.75,0.098,936.14,0
74,2,1,1053.37,0.0432,861.15,0
42,2,0,834.43,0.0007,598.53,1
72,6,0,1184.73,0.0964,871.17,0
28,14,1,1289.73,0.0847,1187.69,0
74,1,0,1283.08,0.1159,718.34,0
29,2,0,1160.63,0.1029,773.79,0
70,5,0,689.02,0.037,313.68,0
42,17,0,566.34,0.1099,435.82,0
77,19,0,1421.23,0.073,655.53,0
26,8,2,1301.16,0.0862,1451.39,0
46,0,0,1130.36,0.0535,777.13,0
73,0,0,1032.61,0.1186,709.02,1
20,17,0,926.09,0.0294,781.09,1
34,8,0,918.04,0.0307,632.28,1
23,1,1,1655.95,0.0356,905.55,0
37,16,0,1128.25,0.1184,708.39,0
42,10,0,1390.43,0.1092,531.71,0
56,6,0,1430.73,0.0404,783.93,0
33,9,2,1594.97,0.0216,1272.28,1
27,4,1,1590.61,0.0042,1288.41,0
28,18,1,1354.29,0.1026,819.06,0
76,15,0,1609.14,0.0808,766.21,0
77,3,0,1447.02,0.1053,892.57,0
31,14,0,1486.93,0.1062,1049.45,0
30,3,1,1068.44,0.1267,762.2,1
21,9,3,1728.97,0.0624,2814.76,0
77,14,0,649.49,0.1241,338.37,0
61,0,1,1770.31,0.0654,1446.04,0
65,14,0,1013.0,0.1062,605.18,0
36,4,1,1204.59,0.0827,801.97,0
57,13,0,789.79,0.1382,572.86,0
21,9,1,1339.12,0.0555,799.05,0
59,0,1,1269.52,0.1035,597.62,0
53,15,0,1746.81,0.0897,950.44,0
38,5,0,1457.77,0.1498,772.7,1
62,19,0,1045.6,0.0116,721.63,1
58,16,0,700.13,0.0897,304.27,0
45,3,2,814.9,0.0349,785.44,0
29,12,0,892.12,0.1326,539.55,0
19,7,0,800.64,0.1192,476.55,1
76,12,0,1304.58,0.0993,897.0,0
35,11,0,1156.52,0.0721,642.32,0
36,5,0,1205.2,0.1022,679.56,0
60,13,0,915.32,0.0832,558.88,0
33,5,0,1245.61,0.0431,681.02,0
41,18,0,773.88,0.1229,329.43,0
62,18,1,1323.51,0.0769,869.29,0
54,3,0,1449.07,0.0386,767.77,0
58,14,0,1090.37,0.0997,543.7,0
18,18,0,1333.09,0.0028,698.24,0
45,2,1,756.94,0.108,559.44,0
47,14,1,732.87,0.0706,494.68,0
57,18,0,1298.18,0.0951,859.3,0
27,4,0,1514.11,0.0236,1005.36,1
27,11,0,1128.53,0.1077,391.32,0
65,15,0,1843.56,0.1085,772.34,0
59,6,0,766.98,0.1112,264.57,0
68,4,0,996.0,0.0701,526.15,0
34,7,0,1242.03,0.0961,648.01,0
79,6,0,1339.31,0.0824,770.25,0
34,14,0,1024.83,0.035,676.81,0
58,7,0,882.22,0.0035,488.09,0
28,7,1,1536.08,0.062,970.82,0
74,18,0,1239.97,0.1222,691.31,0
38,11,0,1096.61,0.0483,554.35,0
67,18,0,1349.64,0.1124,560.44,0
38,14,1,1309.1,0.0959,1130.46,0
67,17,2,1458.08,0.053,1377.78,0
46,3,1,1297.03,0.0001,1235.64,1
21,18,1,1103.68,0.0647,614.45,0
29,18,1,1073.18,0.0589,553.99,0
60,0,0,1042.29,0.0208,482.31,0
29,7,1,1359.62,0.1228,1049.91,1
35,8,0,638.62,0.1433,423.14,0
51,8,0,1483.42,0.0182,876.52,0
33,15,0,1205.53,0.0346,692.29,0
25,13,0,880.47,0.0949,582.87,0
56,4,0,1684.98,0.1426,857.68,1
60,12,0,1212.54,0.1401,835.78,0
63,19,1,949.46,0.1397,1006.89,0
76,8,1,1821.52,0.066,1050.06,0
25,18,1,1756.46,0.1479,1190.31,0
44,12,1,1077.37,0.0547,581.75,0
32,18,0,1103.11,0.013,507.48,0
73,18,1,1212.72,0.1057,935.29,0
51,0,0,633.16,0.0834,252.2,0
24,16,0,1297.41,0.1199,619.44,0
60,3,1,1603.54,0.0932,1411.52,1
20,16,0,1397.07,0.1231,815.19,0
34,16,1,1359.83,0.0516,1130.53,0
62,5,0,1482.65,0.0432,638.73,0
49,1,0,859.4,0.1136,486.08,0
65,8,0,1745.48,0.0747,1420.46,0
53,6,0,968.38,0.0269,473.36,0
70,11,1,1151.7,0.0563,744.8,0
52,1,2,1327.44,0.1201,1294.38,1
21,0,0,1005.56,0.1386,468.69,0
22,8,0,1142.18,0.114,735.65,0
66,15,1,1280.57,0.1077,637.44,0
20,6,0,1238.89,0.1217,425.58,0
41,6,0,954.39,0.0301,567.12,0
18,3,0,1249.98,0.0869,573.36,0
36,5,1,1022.87,0.0891,651.28,1
54,5,0,1419.74,0.1419,944.03,1
28,5,0,1416.02,0.0023,895.21,0
46,6,0,1198.26,0.1456,523.1,0
79,5,0,1005.09,0.1089,622.27,0
22,13,3,1743.34,0.0034,1679.51,0
21,6,0,933.71,0.0778,566.34,0
34,15,0,1210.36,0.0105,672.66,0
69,12,0,1154.46,0.0905,476.9,0
43,12,1,2138.97,0.0677,1322.37,0
57,11,0,831.88,0.1159,286.54,0
20,18,0,400.0,0.0869,231.62,0
63,5,1,1158.73,0.118,894.43,0
22,19,1,835.34,0.0553,517.33,0
62,4,0,981.99,0.1285,535.42,1
27,2,2,1110.72,0.1299,793.45,1
71,16,0,928.65,0.0983,666.22,0
36,17,0,880.53,0.0396,379.91,0
29,1,1,1638.89,0.1487,1098.05,0
38,11,0,1185.44,0.1227,510.21,0
18,10,0,1522.64,0.1277,890.49,0
28,4,0,1212.14,0.0017,832.46,0
55,10,1,1628.58,0.1239,766.62,0
36,13,0,1109.36,0.0327,705.53,0
39,11,0,1678.37,0.0762,1297.89,0
68,10,0,1341.29,0.1056,768.0,0
25,17,0,966.05,0.0615,471.0,0
42,4,0,1385.74,0.0365,767.38,0
29,12,0,1208.13,0.075,604.44,0
47,6,0,1139.25,0.045,941.61,0
38,19,0,1228.81,0.0923,810.3,0
20,5,0,1425.37,0.0165,952.3,0
22,17,0,564.75,0.0612,484.93,1
70,12,0,1094.72,0.0887,799.32,0
21,4,1,1554.8,0.1486,1081.98,1
66,15,0,1274.47,0.0743,714.77,0
74,4,1,1012.09,0.0639,1156.85,0
46,5,0,489.67,0.1484,235.68,1
37,6,0,1710.28,0.1388,922.13,1
66,13,1,1293.88,0.1009,753.36,0
78,7,1,1804.21,0.0817,894.22,0
25,11,1,1588.49,0.0406,949.86,0
77,11,1,1111.92,0.0936,667.5,0
76,3,1,599.57,0.1251,377.25,0
26,4,0,1061.36,0.1472,669.39,0
21,6,1,1338.83,0.0256,952.32,0
62,4,1,1485.2,0.0411,1296.25,0
22,18,0,866.74,0.1327,498.47,0
55,7,0,1253.4,0.1291,724.9,0
22,8,0,1253.29,0.1075,659.75,1
60,13,0,1495.79,0.0156,1232.01,0
32,15,0,1107.96,0.1059,568.05,1
23,13,2,1632.83,0.0704,1702.48,0
22,11,0,1286.53,0.0557,566.72,0
29,19,0,1462.68,0.0376,777.39,0
51,17,1,1104.03,0.0477,1176.1,1
22,4,0,400.0,0.0804,255.97,0
67,3,1,1278.94,0.0243,689.23,0
55,7,1,1280.71,0.0764,742.87,0
36,16,0,852.74,0.0072,655.56,0
79,19,0,747.58,0.0616,424.59,0
58,14,1,1177.59,0.144,794.65,0
59,13,1,1315.54,0.1108,802.65,0
28,4,1,1378.63,0.0103,922.5,0
62,11,0,514.41,0.1032,380.85,0
52,3,1,823.94,0.0294,510.72,0
79,10,1,1688.87,0.0711,1067.57,0
47,3,1,1293.12,0.0441,1039.45,0
60,1,1,1349.27,0.1401,781.41,0
39,19,0,800.02,0.0082,370.28,0
20,17,0,1198.68,0.1321,669.71,0
25,13,0,1087.3,0.1052,610.53,0
71,12,0,1014.44,0.0544,481.47,0
63,4,1,911.45,0.1319,714.37,0
40,11,0,939.45,0.0609,547.66,0
61,14,0,1791.61,0.1048,673.69,1
18,10,2,1395.16,0.1182,1415.59,0
20,5,1,1586.89,0.043,1009.63,1
49,7,1,1291.08,0.0108,1081.57,0
56,16,0,1106.37,0.1302,935.78,0
76,5,0,1009.2,0.0347,555.63,0
65,19,1,1753.69,0.1398,1099.08,0
33,15,0,1311.92,0.0473,964.5,0
68,17,0,963.12,0.0622,454.39,0
48,10,1,1231.77,0.0645,1282.31,0
69,4,0,1522.77,0.0702,774.47,1
28,0,2,700.0,0.1444,536.0,0
19,10,0,1293.15,0.0368,1158.19,0
21,7,0,1361.28,0.0912,816.8,0
79,2,0,975.08,0.0441,752.59,0
22,18,0,1246.38,0.0196,691.84,0
76,19,0,1350.69,0.0433,739.15,0
63,7,0,830.66,0.0829,258.21,0
27,13,0,1452.58,0.091,992.32,0
71,8,0,1289.2,0.0396,776.99,0
26,9,0,1154.11,0.1481,629.75,0
26,12,1,1381.48,0.0544,1108.78,0
53,8,1,1562.16,0.1248,1122.38,0
35,16,0,1894.83,0.0053,875.51,0
36,3,0,1382.98,0.1043,829.75,0
30,13,0,1443.17,0.0455,775.15,0
55,19,1,1408.06,0.0805,1164.34,0
19,17,0,1770.5,0.1255,934.08,0
33,0,0,760.2,0.1087,386.24,1
52,2,0,678.78,0.0539,339.7,0
48,12,0,1245.91,0.1099,582.56,0
61,18,0,1398.04,0.0621,702.69,0
31,16,0,427.62,0.0095,260.14,0
58,18,0,1198.97,0.0998,575.87,0
65,2,1,1295.85,0.1405,730.38,0
42,10,1,1573.25,0.0125,1313.57,0
33,14,0,1328.62,0.1031,721.16,0
52,12,0,657.53,0.126,427.82,0
53,15,0,875.98,0.0895,467.73,0
23,4,0,957.96,0.0728,476.78,0
53,9,2,1721.68,0.0356,1054.53,0
27,8,0,1312.39,0.0291,584.19,0
53,18,2,1313.78,0.0594,957.74,0
75,4,0,1243.36,0.0962,733.89,0
51,6,1,1032.6,0.0472,720.37,0
65,0,1,1964.89,0.0733,1141.18,0
37,3,0,1372.31,0.09,439.09,0
75,19,0,1435.85,0.0315,878.87,0
68,16,0,1613.04,0.1112,1072.72,0
74,5,0,1504.87,0.0943,1018.41,1
63,14,0,1209.46,0.0888,556.45,0
58,11,0,1144.51,0.0717,784.23,0
50,18,0,1586.49,0.0547,991.37,0
75,6,1,1357.96,0.0823,1083.24,0
70,19,0,975.29,0.1149,481.77,0
43,7,0,1789.99,0.1059,972.65,0
23,14,1,1069.22,0.1107,1099.61,0
18,7,0,679.59,0.0314,530.36,0
32,13,0,1497.83,0.117,827.76,0
21,6,0,980.63,0.0503,568.58,0
31,16,1,1480.53,0.035,680.54,0
24,12,1,1895.16,0.0182,1719.13,0
78,5,2,1087.55,0.1245,1095.81,0
23,19,0,1187.73,0.0935,710.11,0
56,14,0,1645.02,0.1262,813.73,0
39,8,0,1404.57,0.0842,794.23,0
28,2,1,1296.05,0.129,1238.87,0
61,19,0,1916.81,0.0835,1149.88,0
78,15,1,1321.4,0.0969,1594.8,0
67,13,0,1319.06,0.0085,865.73,1
78,16,1,1844.81,0.1004,1094.55,1
54,12,0,1494.26,0.0897,768.03,0
59,4,0,1596.52,0.0363,772.96,0
27,4,0,930.14,0.0169,616.14,1
70,1,0,1568.45,0.0521,1102.3,1
64,1,0,1250.88,0.009,983.84,0
33,14,0,976.27,0.0901,509.72,0
39,17,1,1416.58,0.0819,1109.13,0
55,3,0,1257.07,0.1377,906.17,1
18,11,0,1760.43,0.0776,1339.28,0
68,2,0,1314.39,0.1095,573.42,1
35,8,0,965.76,0.0996,610.05,0
22,15,0,896.57,0.1049,394.09,1
38,16,0,1185.78,0.047,586.64,0
69,18,1,946.09,0.0623,519.42,1
35,6,1,1135.39,0.018,714.99,0
51,18,1,1276.74,0.0976,681.2,0
68,15,2,1373.43,0.0454,941.16,0
20,6,0,1418.07,0.0823,660.33,0
65,6,3,1428.65,0.1382,1552.85,0
35,2,0,459.01,0.1024,257.87,1
61,18,0,694.27,0.0401,278.85,0
29,4,1,1344.65,0.0772,1658.87,1
26,5,0,1023.96,0.0903,518.18,0
66,8,0,829.0,0.1275,354.59,0
68,2,0,1787.54,0.1191,1120.7,0
78,16,1,1598.63,0.0473,1138.78,0
59,13,1,1332.47,0.1379,807.54,0
46,3,0,1269.99,0.0221,766.24,1
30,3,0,1120.46,0.0414,546.54,0
36,0,0,823.86,0.0051,433.32,0
58,18,0,1509.22,0.0467,1128.99,0
39,8,1,1605.4,0.0621,1173.29,0
47,13,0,606.8,0.0362,382.84,0
28,2,1,1417.93,0.0019,910.74,0
45,4,0,1301.05,0.0016,748.57,0
32,10,0,1103.48,0.1386,527.77,0
24,4,0,1829.18,0.1102,867.15,0
26,12,0,1796.62,0.1048,923.15,1
50,18,0,1086.75,0.1179,527.76,0
40,6,0,1133.15,0.1041,778.19,0
24,12,0,1097.92,0.0092,687.87,0
49,18,0,1016.6,0.1389,358.66,0
28,17,0,923.77,0.0643,727.71,0
18,0,0,1352.06,0.068,857.67,0
26,2,0,1788.43,0.133,1254.66,1
45,19,0,1665.02,0.0307,897.85,0
77,18,0,1436.75,0.0469,594.63,0
32,6,1,627.87,0.1283,343.52,0
35,10,0,640.64,0.0779,502.97,0
33,11,0,1519.25,0.063,612.24,1
40,13,0,1685.81,0.1432,704.49,1
62,15,0,1366.12,0.1333,699.08,0
37,7,0,1108.33,0.1331,468.84,0
58,17,0,1605.69,0.0318,996.79,0
73,1,1,1576.08,0.1266,1269.76,1
76,0,0,1541.23,0.0985,934.19,0
52,19,0,643.03,0.1037,317.34,0
62,3,0,1303.0,0.0072,770.3,0
74,19,0,1732.37,0.0834,1381.0,0
66,5,1,1508.23,0.0328,807.24,0
36,7,0,1484.47,0.1391,1035.62,0
26,0,1,1360.91,0.0842,1140.51,1
25,18,0,1231.82,0.0926,673.04,0
72,7,0,1620.76,0.0365,934.98,1
52,3,1,1149.06,0.0632,879.87,1
36,9,1,1119.71,0.0794,656.71,0
39,3,0,1056.54,0.1218,425.35,0
35,15,0,1207.03,0.0917,807.41,0
67,1,2,1016.97,0.017,688.17,0
55,9,0,1419.32,0.0676,636.45,0
72,7,1,1300.73,0.0443,836.56,0
36,0,1,1606.11,0.0808,1212.2,0
47,1,1,714.28,0.0705,460.88,0
25,10,1,1607.26,0.0033,991.5,0
78,7,1,1751.07,0.0311,1510.6,0
49,2,0,1331.56,0.099,695.11,0
52,2,0,1209.01,0.0816,575.05,0
43,16,1,1609.56,0.008,1241.86,0
34,14,0,1581.43,0.0897,892.84,0
76,12,2,1656.88,0.0755,1446.46,0
48,16,1,1529.29,0.0225,1191.5,0
59,1,0,1697.08,0.0003,921.29,1
20,13,0,1428.35,0.0503,943.71,1
35,15,1,1109.92,0.117,594.72,0
67,4,0,1579.99,0.02,1130.07,0
23,10,1,1312.88,0.1417,779.82,1
24,15,1,1359.98,0.0814,698.98,0
68,12,1,1382.06,0.1138,841.67,0
37,4,1,1640.66,0.1465,1090.81,0
34,13,0,1724.66,0.0394,830.8,1
53,15,0,1207.33,0.0874,555.43,0
30,0,1,1869.38,0.0511,1631.42,0
20,11,1,1399.38,0.0127,838.31,0
18,10,1,1770.65,0.119,803.74,0
22,7,0,1259.53,0.0018,655.25,0
27,0,0,1052.27,0.1303,883.94,0
61,1,0,1776.63,0.1192,801.33,0
36,15,0,1023.63,0.0958,477.13,0
22,16,1,1153.56,0.0887,758.69,0
18,8,2,1123.19,0.1268,1327.71,0
47,18,0,1580.18,0.0084,820.56,0
70,18,1,1801.03,0.1105,1046.47,0
38,13,0,1311.94,0.0271,787.2,0
21,11,2,1204.84,0.0031,1107.95,0
32,19,0,1197.97,0.0468,736.8,0
48,12,0,1109.21,0.0491,500.47,1
29,18,1,1040.86,0.0289,662.91,0
78,19,1,1203.33,0.1066,1074.6,0
65,3,0,1351.72,0.0838,818.55,0
39,13,0,1018.45,0.138,668.06,0
76,14,0,1287.52,0.1143,710.7,0
38,16,1,817.1,0.1239,719.65,0
26,6,1,1853.75,0.1354,1401.53,0
76,17,2,1382.58,0.121,1080.78,0
77,9,1,1611.07,0.0177,1333.38,0
37,7,0,1256.61,0.0278,588.61,0
54,3,2,1620.75,0.0603,1915.61,0
28,6,1,1010.4,0.0498,881.35,0
57,19,0,971.83,0.1328,511.45,0
60,14,0,978.64,0.0786,526.25,0
62,14,0,1207.6,0.1314,691.92,0
53,17,0,1597.85,0.0581,861.3,0
61,5,0,1329.98,0.136,966.15,0
52,13,0,929.9,0.0108,465.88,0
68,7,0,1226.2,0.0668,506.63,0
29,16,0,1175.81,0.1352,623.02,0
47,8,1,1244.74,0.0674,1031.65,0
43,17,1,1345.38,0.1099,1175.08,0
51,14,0,1429.11,0.0541,815.8,0
26,15,2,1284.02,0.1244,981.83,1
38,18,1,1246.23,0.0947,880.76,0
77,15,0,1494.64,0.1218,731.58,0
24,6,0,1340.69,0.0805,471.77,0
57,10,1,1733.73,0.0956,1042.47,0
59,9,1,1780.75,0.0793,1406.13,1
47,1,0,791.84,0.0851,418.56,0
20,11,0,1286.49,0.1034,674.9,0
20,8,0,1047.61,0.0181,729.41,0
35,7,0,840.38,0.1153,386.71,0
24,2,1,1113.24,0.0533,667.48,0
23,10,0,1109.77,0.0019,661.63,0
27,11,0,1111.64,0.0966,537.98,0
29,2,0,1017.93,0.092,492.14,0
69,12,0,1195.91,0.1089,909.7,0
57,3,0,1933.99,0.1497,870.91,1
19,2,0,682.43,0.0692,328.9,0
56,8,0,1541.15,0.146,938.86,0
26,7,0,1194.49,0.0867,660.04,0
44,18,1,1218.64,0.0537,660.19,0
20,1,0,594.54,0.1017,473.99,0
23,6,0,1428.83,0.0295,680.18,1
26,14,0,767.71,0.1449,407.85,0
44,4,0,1448.37,0.0662,881.97,0
46,19,0,1722.4,0.0016,1481.11,0
39,14,2,1115.16,0.0983,891.8,0
56,18,0,1550.51,0.018,719.86,0
62,18,0,1207.63,0.0133,744.39,0
63,2,0,571.74,0.0035,484.4,0
53,9,0,838.55,0.1324,480.81,0
51,14,1,1403.47,0.0051,945.14,1
48,0,0,1320.35,0.0806,796.73,0
32,9,0,725.79,0.0734,267.41,0
48,13,0,1209.51,0.1367,596.79,0
18,15,0,1447.07,0.1367,560.5,0
77,8,0,1499.57,0.1381,778.63,0
40,17,0,1076.15,0.06,541.94,0
64,13,0,1331.54,0.071,438.43,0
77,0,0,1521.73,0.1239,880.12,0
48,5,1,1605.74,0.018,1295.55,1
71,18,0,1467.43,0.0172,787.76,0
47,0,1,1384.05,0.1383,726.92,0
26,2,0,1171.64,0.0044,842.03,1
19,6,0,1281.63,0.0574,1045.16,0
26,19,0,970.87,0.0292,586.89,0
76,14,0,1533.63,0.0126,797.25,0
47,2,1,890.88,0.1461,593.31,0
37,7,0,1048.71,0.0249,638.16,0
45,18,0,1189.13,0.0648,675.59,0
33,4,0,1340.9,0.0384,816.32,1
71,11,0,1397.26,0.0737,853.09,0
79,9,0,1646.7,0.115,792.74,0
23,15,0,1223.33,0.099,579.03,0
62,15,1,1134.6,0.0858,764.85,0
38,16,4,1756.49,0.0766,2271.95,0
20,2,0,1104.18,0.0198,451.05,0
75,9,0,1355.98,0.0604,722.81,0
21,13,0,879.9,0.1358,487.46,0
30,8,1,1297.37,0.1231,839.21,0
19,13,1,1836.8,0.0097,1733.76,1
47,12,0,1253.96,0.1261,895.22,0
55,7,0,884.12,0.1242,536.09,0
37,2,0,1098.06,0.1203,873.04,1
22,19,0,530.11,0.1222,352.61,0
25,16,0,1182.34,0.1475,677.68,0
75,17,0,1694.3,0.0083,859.41,1
67,5,0,844.02,0.0576,435.17,0
76,6,0,763.19,0.1453,459.53,0
50,6,0,1004.02,0.0829,520.1,0
51,0,0,1476.39,0.1023,608.24,0
66,3,0,1711.39,0.0543,884.95,0
56,6,1,1484.46,0.0318,1299.91,1
45,19,1,964.23,0.1468,410.86,0
36,4,0,1193.33,0.0542,881.58,1
48,10,2,2036.83,0.0841,1983.06,1
21,10,1,1256.73,0.0366,855.01,0
29,7,1,1392.14,0.145,1051.38,0
63,18,2,1572.17,0.0388,1653.86,0
71,1,1,886.24,0.1371,636.12,1
24,17,0,1499.38,0.0438,1011.45,0
24,14,0,1456.13,0.142,963.24,1
23,6,1,751.94,0.0551,555.25,1
67,15,0,800.8,0.1308,357.84,0
37,8,1,1059.09,0.09,740.51,0
38,19,1,1574.5,0.0171,746.32,0
18,0,0,974.67,0.0443,594.57,0
78,0,0,1320.41,0.1141,677.47,0
44,10,1,1295.47,0.1001,816.72,0
67,18,1,1371.35,0.0534,1114.74,0
61,1,0,1348.78,0.0293,583.75,0
26,15,0,1281.7,0.1243,731.41,1
67,18,1,1344.31,0.0934,895.52,0
52,9,2,1598.12,0.1023,1338.01,0
55,17,0,1265.09,0.0719,747.22,0
30,15,0,1137.1,0.0526,913.72,0
70,4,1,1220.63,0.0573,942.51,0
75,17,2,2064.13,0.0047,2350.9,0
43,13,0,1067.19,0.1416,787.2,0
23,0,2,1910.1,0.055,1933.88,1
70,11,0,994.46,0.0724,383.76,0
73,13,0,1443.05,0.0536,767.54,0
49,16,0,1735.13,0.0533,778.46,0
53,15,1,1248.75,0.1028,1578.7,0
31,9,1,1149.78,0.1006,670.68,0
22,5,1,1221.23,0.1215,645.41,0
76,3,1,1344.19,0.0108,550.7,0
47,1,1,1446.56,0.1311,838.33,0
35,12,0,1188.0,0.1435,679.39,0
60,19,0,1074.0,0.1484,744.86,1
19,1,0,1786.36,0.0193,804.73,0
22,14,0,1139.87,0.073,803.98,0
33,11,0,1013.97,0.1409,558.63,0
45,3,0,1449.15,0.1138,733.81,0
40,4,0,1453.93,0.009,839.83,0
29,5,0,1623.75,0.1305,1203.05,0
39,13,1,1928.36,0.1258,1389.05,1
38,5,0,1303.88,0.117,582.92,1
50,16,1,1263.52,0.0618,980.65,0
52,7,0,629.33,0.0948,381.03,1
72,2,2,1218.64,0.1074,1018.28,0
68,1,0,1262.57,0.0595,864.21,0
36,8,2,1145.72,0.1176,629.17,1
73,8,0,724.46,0.041,434.17,0
50,14,2,1519.75,0.0275,1543.19,0
29,9,0,1433.03,0.1288,598.48,0
39,3,0,1126.06,0.0509,467.05,0
63,4,0,1469.04,0.0085,1000.84,0
68,11,1,1534.97,0.1249,1384.21,0
41,6,0,1544.77,0.1199,1131.37,0
27,13,0,1852.03,0.1204,899.68,0
29,18,2,2284.21,0.0511,2064.05,0
24,7,2,1719.5,0.0905,1595.4,1
61,11,0,1062.04,0.0021,421.2,0
49,16,1,1368.55,0.0003,1006.95,0
45,4,0,1671.98,0.0389,959.21,0
59,10,1,1082.03,0.0788,895.5,0
69,6,1,1784.3,0.09,1134.78,1
67,12,0,1149.02,0.02,823.33,0
26,14,1,1418.14,0.1301,1027.51,0
54,2,0,957.69,0.1439,752.25,1
72,3,0,802.88,0.0179,520.16,0
65,0,0,1116.35,0.1236,658.5,0
38,0,0,1590.9,0.0921,700.84,0
42,1,0,989.41,0.0754,423.99,0
73,14,0,1683.76,0.0734,1294.09,1
20,18,0,1028.14,0.1125,683.79,0
50,8,0,879.53,0.0313,463.58,0
25,17,0,1276.09,0.0913,655.11,0
73,14,0,1403.72,0.0392,818.82,0
20,16,0,1256.43,0.0128,535.71,0
19,14,0,1245.29,0.0829,632.82,0
38,3,3,2130.89,0.0403,2464.0,0
30,10,1,1378.47,0.1114,1141.06,0
48,10,0,1058.88,0.0976,548.92,0
36,12,1,1010.11,0.0336,991.87,1
40,15,1,1732.09,0.1292,1522.04,0
53,2,0,1072.3,0.052,513.07,0
52,13,0,1101.57,0.1064,476.25,0
75,16,1,1665.56,0.0401,1337.5,0
47,2,0,1816.24,0.0295,926.22,0
52,8,0,1275.4,0.129,626.16,1
60,17,1,1308.9,0.1378,975.79,0
28,0,1,1348.3,0.0528,1110.1,0
59,3,0,1063.34,0.0472,695.17,1
71,16,0,1093.25,0.1054,616.8,0
37,3,1,1244.85,0.0341,561.0,0
29,14,0,1473.22,0.1296,994.95,0
39,18,0,1173.55,0.0013,557.34,0
35,9,1,1757.79,0.0213,1333.04,0
54,9,0,1165.12,0.0181,634.45,0
71,8,0,1089.89,0.0477,952.65,0
54,7,0,1583.36,0.1299,1333.4,0
25,7,1,1356.47,0.096,882.25,0
37,11,2,1462.07,0.0161,969.83,1
60,17,1,1360.07,0.0118,752.75,0
38,19,0,1639.99,0.0433,966.19,0
54,17,0,1291.82,0.093,647.07,0
61,2,1,1724.85,0.0891,984.76,0
38,6,1,1279.61,0.0171,821.64,1
58,15,0,1526.82,0.1141,932.42,0
42,10,1,1421.31,0.0948,997.66,0
26,6,0,1464.77,0.1475,742.17,1
41,6,1,1639.99,0.0829,1088.76,1
45,2,2,1217.51,0.0491,1023.12,0
18,6,0,1221.59,0.0179,712.68,1
73,8,2,1787.16,0.1379,1641.02,0
50,8,1,1684.95,0.0057,863.97,1
20,10,0,1576.03,0.0523,909.24,0
71,5,0,1231.42,0.0796,639.14,0
71,4,0,1662.06,0.0855,757.22,0
18,17,0,1002.84,0.0873,519.39,0
28,8,0,751.57,0.1076,528.47,0
40,5,1,1266.72,0.0192,1061.71,0
49,12,0,1558.75,0.1079,886.86,1
62,10,0,874.14,0.1334,407.66,1
44,11,0,759.04,0.0046,322.7,0
55,4,1,833.85,0.0054,492.46,0
18,14,0,1420.78,0.1487,794.73,1
58,3,1,915.72,0.0468,657.27,0
74,16,0,1364.71,0.0683,668.49,0
50,8,1,1251.57,0.0465,1063.63,0
46,8,0,968.82,0.0835,583.81,1
36,7,1,1050.38,0.1067,440.71,0
77,8,1,1411.89,0.114,1028.9,0
20,13,1,1123.75,0.0533,931.92,1
35,9,2,1498.51,0.0391,1354.45,0
26,2,1,1470.42,0.082,1177.71,0
71,11,0,1383.8,0.0576,732.52,0
47,5,0,1480.3,0.0933,815.3,0
75,2,0,1249.42,0.0917,691.02,0
59,16,1,1034.97,0.1342,765.61,0
52,6,0,1339.72,0.0006,665.81,0
50,11,0,1396.86,0.0153,969.79,0
30,3,1,1295.53,0.118,1227.77,0
52,6,0,1113.63,0.0875,558.79,0
60,7,0,1942.55,0.0094,858.01,1
77,2,0,812.08,0.1414,346.25,0
52,19,1,1498.1,0.0976,1158.26,0
76,6,0,1513.81,0.0729,950.09,0
76,11,0,1097.62,0.1169,664.7,0
50,11,0,1149.44,0.0894,708.16,0
45,8,0,1079.56,0.056,537.67,0
26,11,0,1200.07,0.0445,449.76,0
34,11,2,1769.85,0.068,1390.79,0
72,1,0,1140.54,0.0713,885.93,0
26,13,1,2283.18,0.1068,1716.44,0
42,2,0,1064.18,0.071,646.43,0
61,8,0,1613.25,0.0028,1078.75,1
32,7,0,1363.18,0.1027,643.01,0
78,8,1,1382.54,0.0104,1030.81,0
58,1,3,2091.23,0.1269,2370.1,1
19,14,1,869.98,0.1062,514.76,0
33,8,1,1477.55,0.0897,1133.02,0
63,1,1,1135.09,0.0681,1048.66,0
71,0,0,1069.2,0.0258,550.67,0
75,10,0,1055.1,0.0982,417.18,0
70,13,0,910.85,0.0164,526.1,0
22,10,0,704.23,0.0907,344.61,0
63,14,0,1316.64,0.0275,761.78,1
24,15,0,1180.24,0.0895,556.49,0
22,17,0,1109.82,0.0227,626.88,0
60,19,0,1427.75,0.0142,1018.31,0
47,17,0,1335.58,0.0706,741.12,0
58,15,0,1119.95,0.1065,449.35,1
70,8,0,2115.28,0.0358,1272.44,0
22,10,0,1505.4,0.0747,843.36,1
50,12,0,1933.44,0.1198,1125.86,0
69,3,1,1225.51,0.0824,1061.54,0
45,13,0,1274.91,0.0896,640.48,0
50,11,0,828.52,0.033,436.43,0
48,10,1,1250.86,0.0187,725.91,0
74,16,0,1024.81,0.0224,594.39,0
21,13,0,2098.65,0.1459,1210.85,0
72,18,0,992.26,0.013,525.65,0
68,19,0,1129.79,0.0227,732.02,0
68,16,2,1063.9,0.0309,750.54,0
43,5,0,1360.12,0.1182,778.46,1
49,3,0,929.93,0.0597,585.19,0
40,5,2,1775.56,0.1186,1382.84,0
33,14,0,663.5,0.0628,281.3,0
72,17,0,1163.51,0.1192,462.54,0
49,17,1,796.26,0.1343,585.65,0
62,13,0,1052.85,0.0671,824.41,0
24,13,0,1113.84,0.148,550.17,0
66,19,0,1020.29,0.1399,623.1,0
58,13,1,1199.94,0.0023,526.73,1
79,2,0,1491.35,0.0846,896.68,0
26,10,1,2002.34,0.0986,1148.39,0
51,7,1,1451.79,0.1265,956.82,0
49,12,0,941.99,0.101,533.99,0
51,12,0,1219.22,0.1032,488.05,0
21,5,0,1093.72,0.0434,1144.9,0
47,5,1,1616.82,0.1231,1021.35,0
36,1,0,1286.36,0.0095,810.44,0
56,5,1,876.66,0.0986,842.5,0
32,16,1,1679.38,0.0303,1269.71,1
44,13,0,1490.05,0.1148,650.42,0
56,18,1,1798.51,0.1185,1308.95,0
21,18,1,1195.07,0.0262,590.02,0
66,17,0,1290.29,0.119,673.86,0
62,3,1,994.57,0.1256,991.69,0
21,6,0,1184.63,0.008,498.47,0
22,1,0,1319.1,0.0645,624.2,1
70,1,0,1009.18,0.0289,815.84,0
35,4,0,1302.7,0.019,702.01,0
71,5,1,1400.4,0.1205,835.06,0
48,0,0,1065.05,0.044,642.41,0
39,16,0,1619.24,0.0966,822.67,0
34,10,0,1129.67,0.0006,366.17,1
58,13,0,1239.85,0.0119,527.03,0
24,13,0,759.93,0.0915,639.85,0
42,19,0,1355.76,0.0555,807.83,0
39,2,1,1206.93,0.132,1153.2,1
27,6,1,1637.16,0.0123,950.14,0
39,6,0,806.66,0.0936,445.19,0
50,11,0,1329.21,0.1054,717.06,0
60,10,0,545.38,0.0917,272.77,0
23,15,0,1384.76,0.1021,805.88,1
72,11,1,1297.56,0.0374,740.27,0
72,4,0,1319.81,0.1151,937.99,0
60,11,0,1019.95,0.0832,624.88,0
75,19,0,915.21,0.1182,493.21,0
44,11,1,1219.65,0.0183,893.1,0
68,11,1,1407.6,0.0191,944.73,0
63,3,0,1372.97,0.0593,542.74,0
52,0,0,1291.15,0.0585,590.97,0
29,4,1,1068.97,0.0193,735.21,0
52,0,1,1901.3,0.0122,1263.27,0
73,9,0,1299.84,0.0121,825.61,0
79,17,0,1013.29,0.0079,632.47,0
45,8,0,1327.27,0.005,662.16,0
33,12,0,1276.8,0.1212,588.35,0
64,17,0,1147.4,0.1402,744.58,0
22,15,1,1262.16,0.0639,934.64,1
27,13,0,1495.46,0.028,736.92,0
52,15,0,1718.35,0.0493,763.05,0
79,5,0,589.2,0.1228,287.21,1
38,8,0,1569.16,0.1394,946.99,0
45,7,0,1205.98,0.0358,942.95,0
37,15,0,1271.01,0.0046,679.79,0
45,8,0,1605.49,0.0463,758.38,0
18,18,0,403.56,0.0578,346.67,0
54,3,1,1594.44,0.0005,1055.35,0
54,3,0,1584.75,0.1022,754.43,0
37,14,1,1143.41,0.0187,751.47,0
34,15,0,781.81,0.0123,398.14,0
65,13,0,1691.98,0.1079,1217.27,0
29,6,0,673.08,0.1156,268.73,0
20,0,0,1325.59,0.0276,833.07,1
20,6,0,1506.93,0.1153,839.03,0
72,9,1,1468.98,0.0446,937.03,0
40,8,0,1369.39,0.0462,714.47,0
24,18,0,1120.49,0.0184,594.66,0
72,17,0,1338.82,0.034,760.34,0
27,15,1,1137.46,0.0058,741.01,0
38,0,0,1026.32,0.1008,565.23,0
19,2,1,1360.66,0.1277,830.46,0
60,8,0,738.05,0.0073,637.15,0
61,12,0,1373.11,0.0383,937.57,0
64,13,0,455.78,0.0519,280.43,0
34,5,0,1308.84,0.0589,668.3,0
38,2,0,1337.06,0.1236,879.3,1
76,6,3,1411.64,0.0064,1533.19,0
68,15,0,829.81,0.0921,474.19,0
20,19,1,1227.55,0.0798,786.74,0
60,18,0,1391.9,0.1258,820.53,0
68,11,0,1303.71,0.0459,1018.7,0
52,1,0,866.54,0.0153,491.39,0
57,19,0,1231.7,0.0196,651.98,0
18,3,0,1278.59,0.0946,727.75,1
19,5,0,1265.87,0.0819,712.57,0
20,19,1,1054.02,0.0888,673.62,0
27,10,0,1246.71,0.0206,599.82,0
79,3,0,1475.32,0.0064,964.77,0
57,10,1,1511.09,0.085,1371.12,0
66,1,0,1323.44,0.0122,1161.84,0
36,6,0,1692.8,0.1394,1035.25,1
76,19,1,1400.34,0.1205,1022.02,0
30,5,0,947.43,0.027,633.15,0
73,17,0,948.38,0.0897,441.31,0
19,10,1,1402.81,0.0198,1137.37,0
19,13,0,768.74,0.1404,528.01,0
22,14,0,1106.71,0.0884,757.93,1
67,11,0,1339.25,0.0477,1043.07,0
33,0,0,1551.34,0.1021,768.0,0
45,18,0,736.8,0.0004,372.58,0
47,9,0,1229.72,0.0432,657.28,0
66,13,1,1329.53,0.0351,758.39,0
39,11,1,1361.25,0.0519,1080.92,0
18,13,1,1392.47,0.0128,1136.37,0
41,7,0,1190.5,0.1452,743.26,0
35,16,0,1617.66,0.0702,930.03,0
63,4,0,1573.2,0.1285,1073.45,0
64,13,1,1992.99,0.0089,1594.24,0
23,11,1,1346.83,0.1267,851.27,0
67,10,0,1076.79,0.098,333.07,0
22,0,1,1059.67,0.1018,707.17,1
56,7,1,1194.17,0.121,858.12,0
42,0,0,1414.37,0.0789,796.73,1
36,10,1,1610.56,0.0951,1107.9,0
47,13,0,1402.65,0.135,703.0,0
37,10,0,1000.66,0.0188,471.38,0
67,15,0,1002.28,0.0083,454.88,0
77,7,0,1786.94,0.1474,1087.74,0
68,6,0,950.4,0.1322,659.28,0
45,8,0,1624.96,0.0771,705.99,0
49,4,0,1321.37,0.1171,728.34,0
45,16,0,980.22,0.1323,640.42,0
67,16,0,844.65,0.07,453.84,0
52,8,0,993.32,0.0147,639.61,0
47,15,1,1475.29,0.0721,1305.06,0
43,0,0,927.11,0.0527,559.79,1
41,3,0,1666.32,0.0035,842.05,0
52,5,0,1137.64,0.1439,825.78,0
60,7,0,1410.13,0.1074,745.87,0
44,4,0,1385.91,0.1179,733.06,0
68,10,2,1986.57,0.0895,1911.38,1
69,15,0,1068.61,0.0404,561.39,0
44,9,0,1231.82,0.0877,657.27,0
74,8,1,929.58,0.102,615.05,0
28,1,1,1380.94,0.0896,949.67,0
75,5,1,1692.0,0.0191,1254.87,0
36,16,0,1265.84,0.122,476.07,0
52,16,0,1893.8,0.0446,1036.25,0
35,2,0,1355.91,0.0595,531.57,0
45,0,0,1037.88,0.0826,533.91,0
39,16,0,1336.73,0.1466,798.08,0
61,3,1,910.98,0.0469,608.35,1
23,11,1,1110.31,0.0063,911.15,1
69,16,1,984.9,0.1459,752.79,1
74,15,0,1204.83,0.1436,436.8,0
52,11,0,1181.84,0.0297,838.0,0
51,7,1,1711.53,0.1244,1282.81,0
61,15,0,1170.28,0.1379,582.75,0
30,13,1,1049.24,0.0019,681.02,1
64,16,0,1667.8,0.1132,613.35,1
31,10,0,400.0,0.027,233.14,0
59,18,3,1661.54,0.1241,1936.2,0
36,15,0,1265.28,0.0031,616.25,0
64,1,1,1346.91,0.1037,801.35,0
67,5,0,1350.03,0.1225,774.79,0
30,15,1,1383.21,0.0053,1252.41,1
56,2,0,1349.9,0.1136,936.88,0
48,14,1,1169.33,0.0178,984.07,0
36,6,1,912.28,0.0119,974.28,0
54,4,0,1186.09,0.1381,796.23,0
79,10,1,1042.04,0.1385,936.36,0
18,18,1,1131.44,0.1112,820.89,0
77,17,0,1548.44,0.1335,806.15,0
71,8,0,1667.4,0.0025,1167.43,0
50,0,0,1542.81,0.0768,707.51,0
55,17,2,1787.21,0.1307,1688.52,0
40,17,1,1367.99,0.1339,863.71,1
26,12,1,1654.63,0.0551,1262.58,0
53,12,1,1456.69,0.0487,1095.79,0
68,10,0,1784.25,0.105,1028.6,0
32,0,1,1074.57,0.009,763.46,0
62,3,1,1551.78,0.1171,1230.76,1
64,2,0,820.71,0.0375,526.02,0
65,18,1,1553.5,0.0782,837.32,0
39,0,1,834.27,0.0289,589.46,1
42,11,0,835.94,0.1102,429.04,0
43,7,0,815.21,0.1435,472.9,0
70,0,3,1725.64,0.0811,1624.36,0
73,18,1,1456.36,0.1426,1340.02,0
43,0,1,2085.14,0.0603,1466.55,0
78,17,0,1172.61,0.043,797.04,0
53,15,0,1431.76,0.1258,660.39,0
41,15,1,1398.26,0.0057,942.53,0
18,3,0,1406.67,0.0422,694.12,1
55,17,2,1543.1,0.1036,1449.13,0
57,11,0,1529.89,0.0283,673.55,0
78,8,0,884.2,0.1336,350.56,0
62,13,0,465.76,0.0723,229.33,0
19,6,0,1325.22,0.0369,827.29,0
53,5,0,658.48,0.0557,312.5,0
64,5,0,1593.52,0.0426,937.69,0
48,11,0,1035.56,0.1051,507.67,0
44,12,0,888.53,0.0165,349.19,0
68,4,0,2010.16,0.1281,1330.04,0
55,4,0,1194.46,0.0223,758.94,0
60,18,0,1136.97,0.0424,629.4,0
46,10,0,1424.39,0.094,801.66,1
35,17,0,1444.64,0.0531,773.34,0
50,6,1,1691.74,0.0765,981.15,0
77,5,0,800.11,0.0854,579.73,0
55,5,1,1510.83,0.0389,1055.76,0
61,10,1,1262.04,0.0802,967.33,0
25,15,0,923.69,0.1409,466.48,0
79,10,0,1214.43,0.0004,740.41,0
33,5,0,656.63,0.0894,460.7,1
78,19,0,1476.88,0.048,852.02,0
45,11,1,1262.8,0.1293,967.7,0
74,7,0,1056.75,0.0145,702.86,1
73,0,1,1308.7,0.0091,1074.9,0
64,11,0,1149.74,0.0607,790.55,0
74,12,1,1692.2,0.1011,1286.51,0
55,18,0,871.29,0.001,518.35,0
70,4,0,1085.34,0.1217,635.32,0
28,3,0,1135.03,0.0505,752.93,1
22,19,1,1030.45,0.138,673.93,0
51,11,1,1397.79,0.1359,1108.19,0
68,0,1,1132.84,0.1146,1278.82,1
65,2,1,928.72,0.1106,711.46,0
50,9,2,1657.87,0.0901,1132.63,0
50,12,0,1664.18,0.1192,876.26,1
55,4,0,1214.53,0.0267,767.3,0
71,7,0,1169.01,0.1226,570.43,1
70,14,0,1162.66,0.0848,533.52,0
24,19,0,1045.21,0.1173,442.63,0
54,9,2,1851.03,0.0741,1541.14,0
41,8,0,1228.21,0.0946,946.02,0
67,7,0,546.41,0.0512,274.17,0
49,2,2,1859.69,0.0637,1923.24,0
79,1,0,1486.15,0.0547,784.26,0
44,16,0,1380.48,0.1111,712.9,0
60,0,0,400.0,0.0301,247.51,0
24,16,2,1499.12,0.1396,957.5,0
75,4,0,1468.03,0.1244,1143.85,0
27,13,0,1313.85,0.1293,816.3,0
41,19,0,1261.55,0.1371,868.69,0
69,14,1,1618.65,0.0654,1096.08,0
77,14,0,1241.79,0.1338,765.24,0
48,5,2,1861.09,0.0666,1946.75,0
48,11,0,1248.53,0.0152,684.15,0
21,12,3,1674.66,0.0074,1438.66,0
78,8,0,1467.72,0.0095,678.2,0
19,0,0,1080.42,0.0282,553.99,0
19,18,1,1020.83,0.054,761.66,0
47,3,0,1201.14,0.1469,648.76,0
18,19,2,1677.11,0.0362,1319.99,0
28,18,0,1477.61,0.1369,944.25,0
56,0,0,1479.27,0.1216,752.72,0
61,14,0,1179.41,0.1292,583.97,0
36,12,1,1298.59,0.1177,1117.26,1
67,4,3,1472.37,0.146,1681.56,1
55,16,0,1274.96,0.018,556.83,0
32,2,0,707.66,0.0718,302.6,1
62,4,1,1356.83,0.0514,775.17,0
54,18,1,2204.9,0.0426,1562.49,0
68,14,0,748.84,0.067,528.91,1
27,2,0,1247.05,0.0721,929.47,1
32,2,1,1463.35,0.1479,1212.34,0
36,5,0,1351.94,0.0397,1105.97,0
39,1,0,910.01,0.1368,528.68,0
73,3,1,1504.68,0.025,1339.25,0
63,11,0,1039.65,0.0998,517.5,0
51,0,0,771.72,0.0458,315.45,0
51,5,0,1485.59,0.1441,779.33,0
72,6,0,1399.38,0.0952,761.55,0
45,19,0,910.03,0.0096,851.55,0
31,19,0,1036.86,0.1385,578.52,0
26,16,2,1326.0,0.0441,938.98,0
38,6,1,856.92,0.1391,741.0,0
58,10,0,1428.73,0.002,684.87,0
47,10,2,1739.98,0.0328,1554.29,0
44,17,0,1100.22,0.0418,731.67,0
47,14,0,1191.56,0.1032,551.86,0
78,18,0,1234.41,0.1197,933.04,0
79,11,0,1273.32,0.0945,890.11,0
28,18,0,795.74,0.0093,476.53,0
25,14,1,1496.53,0.065,1514.69,0
33,14,0,847.35,0.0741,438.02,0
70,13,1,1554.41,0.0538,1299.08,0
46,6,0,880.54,0.0629,519.52,0
71,12,0,809.97,0.0724,397.83,1
58,7,0,1191.59,0.0831,588.8,0
52,12,0,1184.85,0.0946,992.46,0
35,5,0,1231.12,0.0315,849.07,0
39,15,1,1082.18,0.1353,921.83,0
27,11,2,1560.85,0.1242,1195.56,0
50,14,0,1289.1,0.118,828.73,0
35,4,1,1699.71,0.1209,1125.89,1
36,15,0,1255.51,0.0788,983.88,0
20,16,0,1020.18,0.143,725.54,0
67,2,1,945.88,0.0549,810.55,0
76,7,0,740.92,0.063,486.9,0
48,13,0,1296.89,0.1224,711.07,0
51,17,1,1587.96,0.1304,1248.09,0
75,14,1,1082.93,0.0673,1050.92,0
49,9,0,1276.58,0.1272,782.02,1
56,5,0,1147.73,0.095,541.31,0
44,18,0,1415.48,0.0582,1015.18,0
49,17,0,1459.82,0.1358,711.08,0
50,17,1,670.14,0.0755,474.99,0
62,6,1,1659.64,0.1274,1076.37,0
55,8,0,1275.66,0.1219,422.43,0
49,4,0,1040.59,0.0145,601.36,0
22,19,1,1198.96,0.1307,1320.14,1
74,17,0,1209.52,0.0244,719.52,0
73,3,0,1048.88,0.1221,1058.64,0
29,4,0,918.9,0.1133,497.27,0
36,11,0,987.66,0.1106,576.07,0
78,8,1,1037.95,0.1381,724.79,0
37,9,1,1753.97,0.0901,1265.76,0
68,7,2,1516.77,0.0508,1417.68,0
66,13,2,2175.85,0.089,2554.65,0
71,17,0,1311.32,0.1044,618.7,0
18,18,0,1376.67,0.0547,769.52,0
47,9,0,881.52,0.0381,556.35,0
53,16,0,1134.54,0.0735,817.79,0
69,13,0,1221.81,0.1347,442.81,0
31,3,1,1158.83,0.0946,624.67,0
37,15,0,1060.56,0.1346,596.62,0
29,7,0,1326.04,0.0713,925.58,0
65,12,1,1481.93,0.142,959.77,0
79,14,0,798.92,0.1187,509.62,0
26,18,0,1285.12,0.0532,1065.06,1
32,18,1,1515.9,0.0672,1083.08,0
37,16,0,1022.92,0.1497,545.33,1
73,10,0,992.43,0.1431,608.58,0
45,8,0,1332.44,0.0615,770.76,0
35,8,1,578.07,0.125,433.75,0
37,19,1,1350.63,0.1365,928.79,0
55,4,1,1840.33,0.0378,1246.38,0
41,10,1,571.09,0.0776,333.08,0
26,13,0,1446.86,0.1136,912.7,0
68,0,0,1363.33,0.0115,617.91,0
44,12,1,918.57,0.1209,556.19,0
33,5,0,1356.15,0.0317,595.52,0
63,5,0,1500.43,0.0718,784.37,0
64,12,0,847.01,0.0563,475.09,0
27,0,0,987.83,0.111,442.38,0
22,3,1,1357.83,0.035,917.92,1
20,9,0,1493.3,0.07,860.65,0
65,11,0,1037.66,0.0398,423.04,0
56,2,0,1187.37,0.0082,569.19,0
67,7,1,1150.53,0.1265,1176.89,1
56,6,1,1357.37,0.0337,839.92,1
42,10,0,1514.0,0.0349,973.4,0
54,6,0,1231.77,0.007,620.99,0
62,0,1,1242.76,0.0754,922.27,0
42,10,0,1190.17,0.0403,566.23,0
74,16,1,1109.81,0.0848,540.95,0
73,11,0,901.68,0.1085,460.66,0
67,7,0,1561.03,0.0069,951.53,0
79,9,1,1841.31,0.0301,1503.59,0
42,2,0,662.55,0.0586,380.43,1
25,4,0,1374.64,0.132,656.6,0
48,8,0,1457.68,0.0165,977.75,0
64,11,0,836.49,0.1116,404.0,0
66,9,1,1208.47,0.143,754.98,0
42,19,1,1176.89,0.0117,689.74,0
36,12,2,2070.28,0.05,1651.22,0
45,0,0,1695.74,0.1154,891.91,1
67,10,0,923.65,0.1403,546.54,0
21,11,0,762.23,0.037,324.5,0
38,0,0,1431.89,0.0963,728.71,0
32,7,1,1513.18,0.1097,919.27,0
67,17,0,1573.2,0.0606,956.22,0
47,7,1,1032.28,0.1004,781.93,0
23,9,0,1417.06,0.0824,643.58,0
34,4,0,980.47,0.1406,603.7,0
20,1,0,1386.95,0.0808,765.86,0
47,6,0,1188.86,0.0775,777.43,0
79,15,0,1770.19,0.1004,868.02,0
53,19,0,1334.22,0.0228,837.81,0
71,13,0,1105.8,0.0796,733.57,0
64,16,1,1391.38,0.0076,1005.82,0
72,12,1,1319.84,0.0941,1431.62,0
37,13,0,853.67,0.0802,525.55,0
76,8,0,1777.47,0.1259,1411.08,0
32,1,1,1829.62,0.1197,2160.21,1
45,8,0,1147.11,0.0649,458.07,0
60,17,2,1709.96,0.0988,1868.69,0
35,10,1,1965.43,0.0455,1553.8,0
34,15,1,1721.07,0.0582,1288.34,0
26,1,1,1257.78,0.0117,785.76,0
18,4,0,1173.61,0.0151,547.95,1
49,5,0,684.74,0.1228,309.52,0
79,7,1,1582.43,0.1458,1760.06,0
31,19,1,1722.85,0.0734,1354.16,0
45,9,0,1574.91,0.0192,669.63,0
76,13,0,1410.31,0.0133,637.56,0
65,12,0,1305.7,0.0068,485.93,0
18,8,1,1050.66,0.1318,950.62,0
49,19,0,1295.91,0.0663,729.7,0
26,4,0,1010.5,0.1321,624.31,1
33,0,0,1357.55,0.0544,757.88,0
33,14,1,1120.84,0.0882,965.96,0
55,13,1,1505.64,0.1011,991.61,0
30,5,1,1746.94,0.0075,1321.39,0
33,17,1,1463.15,0.1022,1102.0,0
31,3,1,1448.54,0.12,818.91,0
40,5,1,1623.91,0.0033,1001.96,1
58,3,0,1731.1,0.0088,909.17,0
42,3,1,1317.81,0.0783,1001.9,0
38,14,0,1356.31,0.1457,999.06,0
50,14,1,1803.37,0.146,1315.91,1
56,12,0,1400.79,0.0164,768.05,0
18,17,0,599.29,0.1141,355.79,0
73,1,1,1135.31,0.119,784.44,1
74,12,0,1425.31,0.1315,791.72,0
55,2,0,1079.95,0.0065,816.03,0
53,19,1,1782.11,0.1459,1215.2,0
61,12,0,1757.38,0.1233,1033.36,1
45,15,2,1322.93,0.0912,1009.34,0
40,11,2,1190.25,0.01,1329.45,1
39,7,0,1091.65,0.036,507.64,1
27,13,0,1074.32,0.052,590.91,0
70,16,1,1810.83,0.1286,1571.47,0
37,3,0,889.4,0.1142,417.36,0
35,17,2,1722.73,0.1411,1778.77,0
77,14,2,1916.35,0.0634,1104.11,0
49,1,1,1595.77,0.1375,914.57,0
56,18,1,1480.94,0.1344,1036.21,0
33,3,2,1451.34,0.0028,2039.8,0
35,12,1,1904.69,0.0359,1398.13,1
63,2,0,1126.42,0.12,649.86,0
45,3,0,1484.49,0.0998,1042.08,0
27,12,0,1152.38,0.0334,517.45,0
69,13,1,797.49,0.1172,309.99,0
42,13,0,1119.11,0.0475,883.3,0
59,6,0,1153.11,0.0903,726.15,0
39,16,0,1156.98,0.1402,590.59,0
52,0,0,1001.91,0.0359,565.52,0
66,17,2,1687.73,0.0083,1808.05,0
72,6,1,1571.13,0.099,1091.63,0
30,12,0,1108.25,0.1093,636.59,0
59,18,0,1105.74,0.0469,926.99,0
74,5,1,1034.79,0.0703,575.34,1
57,8,0,1276.31,0.0752,789.8,0
26,16,0,1613.38,0.1224,705.06,0
29,17,0,1613.59,0.104,1230.85,0
30,4,0,1020.26,0.0409,603.68,0
24,10,0,1797.36,0.041,874.2,0
64,6,1,1241.35,0.0487,655.61,1
77,10,0,895.22,0.0219,465.74,0
50,7,0,791.45,0.0201,458.33,0
55,0,0,877.12,0.1226,617.04,0
65,18,1,1450.12,0.1248,830.81,0
43,12,0,1122.76,0.039,531.25,0
47,9,2,1310.4,0.1276,1029.8,1
54,2,0,945.78,0.0856,451.95,0
36,1,1,1024.16,0.1068,658.82,0
21,9,1,1083.04,0.1321,639.2,0
53,12,1,1654.62,0.0463,1282.39,0
68,5,0,1741.0,0.0993,882.03,0
22,14,1,1909.55,0.0463,1364.46,0
31,7,0,1406.13,0.1354,833.86,0
34,0,0,1052.32,0.0449,445.62,1
67,10,1,1149.66,0.0938,923.04,0
49,3,0,1426.84,0.0287,830.24,0
51,0,0,1126.09,0.0555,655.38,0
58,2,0,1323.57,0.0527,719.12,0
35,5,1,1929.13,0.1125,1303.27,1
62,10,0,1265.05,0.043,713.54,0
19,19,1,2033.36,0.0491,1477.8,0
25,4,0,861.94,0.0014,379.84,0
68,1,0,1334.23,0.0474,1020.22,0
58,3,1,1444.12,0.0408,895.9,1
28,6,1,1054.78,0.0817,762.16,0
45,4,1,1590.5,0.0603,1431.63,0
21,6,0,1659.24,0.1471,864.68,0
59,19,0,1860.8,0.0819,1088.72,0
64,7,0,1323.39,0.0109,476.42,0
35,12,0,629.97,0.1214,236.49,0
39,13,0,1343.1,0.008,745.62,0
32,2,2,1722.59,0.1256,1552.95,0
42,4,1,1279.44,0.0608,1138.12,0
34,8,0,1264.54,0.0093,828.24,0
33,9,2,1354.97,0.1466,855.39,0
44,0,0,1159.89,0.0743,834.09,1
71,12,0,1505.25,0.1282,661.96,0
65,6,1,1766.71,0.0631,1496.91,0
36,6,0,818.79,0.0692,417.42,0
76,12,0,1046.6,0.0544,1005.32,0
31,18,0,723.46,0.0553,358.73,0
74,17,0,1751.5,0.119,962.97,0
37,19,1,1611.23,0.0046,1185.76,0
51,8,1,749.7,0.0735,509.23,0
30,2,0,1180.64,0.0398,539.68,0
65,4,0,1114.96,0.0835,966.81,0
37,6,0,973.22,0.0323,480.62,0
72,6,2,1810.88,0.0523,1381.2,0
23,4,2,1804.02,0.08,1532.0,0
49,3,0,1280.84,0.1113,742.87,1
27,3,1,1157.5,0.1419,719.65,0
73,13,0,1010.03,0.0365,682.0,0
43,9,0,1213.18,0.0724,697.95,0
59,0,0,1062.86,0.0523,595.46,0
72,11,0,1198.25,0.0909,747.58,0
51,16,0,1367.42,0.055,643.91,0
21,8,0,739.94,0.0145,367.3,0
31,6,0,972.54,0.0922,540.29,0
31,5,0,1189.89,0.0053,799.67,0
74,7,0,1669.6,0.0065,887.29,0
74,5,0,1453.6,0.1326,761.27,0
47,18,0,1198.92,0.1305,438.82,0
73,19,2,1620.69,0.0844,1224.56,0
33,6,2,1469.55,0.0027,916.94,1
60,18,1,1673.17,0.0515,901.36,1
42,17,0,1330.13,0.0519,798.54,0
32,1,1,1733.64,0.1081,2400.6,0
33,9,0,793.4,0.1218,460.25,0
44,13,0,958.14,0.0531,571.43,0
39,8,0,1282.37,0.0633,614.6,0
31,9,0,1348.05,0.0337,609.93,0
38,9,0,1920.1,0.1092,1616.41,0
25,13,1,807.68,0.0524,490.2,0
78,5,1,1340.08,0.1058,640.49,0
41,11,0,1176.62,0.106,689.6,0
24,4,1,1421.35,0.0234,929.95,0
53,17,0,1719.98,0.1328,1081.22,0
72,1,1,1612.88,0.1237,1573.45,1
40,1,0,718.8,0.0875,431.81,0
70,0,1,1810.13,0.0129,1350.54,0
55,6,0,1651.76,0.0251,1051.66,0
63,12,0,1278.92,0.0138,1225.76,0
36,19,0,714.67,0.0695,629.0,0
20,9,0,1154.51,0.0398,604.77,0
39,3,1,1490.62,0.1246,1285.15,0
75,7,2,1798.97,0.0654,2231.93,1
67,2,0,668.87,0.0678,428.75,0
66,9,0,969.27,0.1383,533.73,0
72,14,1,1679.4,0.0867,1083.93,0
41,0,1,1800.53,0.0581,1309.35,1
37,15,2,1629.16,0.1475,1125.85,1
75,4,0,1544.55,0.0694,1030.87,0
53,13,0,1336.58,0.087,985.02,0
36,16,0,1488.93,0.0573,767.41,0
35,15,1,1393.54,0.1004,907.98,0
72,13,0,1343.98,0.1164,607.15,0
21,13,2,1133.47,0.0943,1080.16,1
21,3,1,1566.64,0.0373,1114.59,1
63,2,0,824.29,0.1413,344.62,0
18,7,0,1416.3,0.0768,1415.71,0
28,12,0,1068.31,0.1239,417.71,0
79,12,0,1311.0,0.0013,548.5,0
44,15,0,914.16,0.0777,615.55,0
63,6,0,1048.92,0.1403,667.5,0
48,17,1,1460.39,0.1032,902.64,0
23,8,1,1576.3,0.0171,961.81,0
29,4,0,1528.14,0.1065,934.48,1
65,14,0,854.98,0.0023,514.56,0
23,2,0,749.66,0.0553,363.38,0
54,8,0,907.41,0.0355,617.68,0
39,15,1,1030.32,0.0378,823.63,0
40,15,1,1820.05,0.0062,1695.35,0
77,5,1,1752.06,0.0926,1236.83,0
55,3,1,1051.01,0.1113,881.19,0
56,0,0,1713.09,0.0438,913.24,1
39,1,1,1734.15,0.088,1377.76,0
41,16,1,861.12,0.0746,659.53,0
60,15,2,1190.93,0.149,1224.82,0
20,10,0,702.22,0.1218,434.74,1
32,11,0,1174.03,0.1419,449.0,0
55,6,1,1355.22,0.1236,852.47,0
56,3,1,1354.66,0.0987,982.07,0
23,0,0,591.98,0.0107,362.62,0
66,13,1,921.83,0.1287,775.15,0
51,0,0,1278.05,0.1142,795.87,0
32,2,0,1386.67,0.0423,672.05,0
64,15,2,894.06,0.0404,932.47,0
79,11,0,815.66,0.0786,387.14,0
44,9,0,1506.72,0.0425,1082.41,0
35,4,0,832.69,0.1456,606.23,0
36,2,0,1195.59,0.029,665.79,0
54,9,0,804.14,0.023,394.17,0
20,7,1,1599.44,0.0065,992.2,0
47,10,1,744.91,0.0829,426.75,0
19,3,0,1108.66,0.111,514.39,0
20,4,0,1482.09,0.088,797.69,1
44,2,0,1383.01,0.0312,690.03,0
64,8,1,1210.77,0.1385,625.63,0
72,5,1,1140.4,0.0569,738.15,0
23,4,1,1280.13,0.0211,929.85,1
33,10,0,813.19,0.0287,424.01,0
44,9,1,1320.0,0.0657,786.92,0
53,4,0,1175.14,0.0817,406.47,1
79,13,1,1224.62,0.0902,1097.95,0
60,6,0,1500.1,0.011,830.45,0
51,6,1,1028.85,0.1301,782.16,0
21,9,2,988.68,0.0505,889.78,0
23,2,2,1342.4,0.0389,1287.07,0
27,8,1,1387.2,0.1031,1037.83,0
58,11,0,1167.98,0.092,664.71,0
38,2,1,1304.65,0.1489,1083.63,0
32,11,0,862.09,0.0616,584.96,0
59,0,0,905.24,0.0275,666.12,0
68,12,0,1053.5,0.1459,497.75,0
45,0,3,1479.84,0.0723,1591.31,1
72,3,0,1529.43,0.0992,619.05,0
63,7,0,1279.17,0.0063,648.26,0
62,12,0,1040.23,0.0504,558.03,0
71,14,0,1528.5,0.1481,989.13,0
29,9,0,1333.88,0.1447,726.98,1
65,2,1,942.74,0.1476,768.99,0
77,7,2,700.0,0.1236,567.08,0
79,15,0,802.13,0.0751,398.75,0
53,1,0,1378.48,0.0858,655.18,0
64,14,1,1617.45,0.0112,1324.09,0
73,7,0,701.93,0.119,363.13,0
70,0,2,1697.59,0.1124,906.96,0
73,13,0,1386.22,0.1062,878.39,0
69,0,0,1618.51,0.0574,749.95,1
41,7,1,1635.12,0.0399,1211.77,0
63,3,0,1605.56,0.1215,714.8,0
43,11,0,1346.51,0.1462,753.57,0
67,1,0,1336.48,0.0635,420.03,0
68,1,0,1098.81,0.0083,609.02,0
75,10,1,1596.08,0.1351,955.27,0
54,19,0,800.28,0.1034,346.55,0
47,0,2,1458.4,0.1007,1474.93,0
28,9,1,1511.97,0.1416,1052.75,0
57,16,0,1622.46,0.1006,862.19,0
53,5,0,1056.62,0.0926,510.08,0
49,9,0,1489.97,0.1065,994.29,1
59,16,1,1290.85,0.0726,843.73,0
70,14,0,1496.12,0.043,1124.15,0
27,5,0,959.59,0.0378,684.73,0
44,15,1,1567.79,0.1089,1486.54,0
62,13,0,1171.4,0.0364,793.27,0
68,10,0,844.47,0.1397,417.41,0
66,8,0,1154.01,0.0604,650.73,0
67,18,0,1596.51,0.095,855.4,0
71,17,0,894.24,0.0064,590.05,0
77,19,0,754.7,0.0673,420.23,0
55,13,0,1319.62,0.0599,701.38,1
33,7,0,696.66,0.1132,541.59,0
52,2,0,1669.01,0.0083,872.28,0
61,2,0,1661.45,0.0604,818.25,0
24,19,0,1511.48,0.1287,778.26,0
64,7,2,1496.63,0.1003,1609.46,0
51,2,0,1699.4,0.1166,984.56,0
76,4,0,1603.63,0.1145,980.75,1
31,0,0,1040.18,0.0993,608.47,0
74,10,2,1931.65,0.0587,1081.37,1
45,11,0,926.5,0.0599,417.49,0
53,7,0,1140.89,0.0077,602.09,0
58,14,0,661.96,0.0292,393.37,0
53,9,0,1243.78,0.0837,570.01,0
74,19,0,1111.65,0.1343,506.32,0
28,15,0,1064.34,0.0918,557.94,0
63,1,1,1300.3,0.0581,1208.74,1
78,5,0,1026.14,0.1248,372.26,0
31,15,2,1512.5,0.0673,772.51,0
33,10,2,1885.07,0.039,2315.14,1
47,15,0,881.44,0.012,362.16,0
62,6,0,1458.76,0.1243,750.61,0
77,0,0,1264.57,0.0924,522.66,1
67,15,1,1462.24,0.0871,981.36,0
67,15,0,1190.79,0.1081,646.61,0
45,12,0,984.78,0.0908,758.36,0
58,8,1,1483.46,0.0526,1221.69,0
31,0,0,1355.65,0.0926,585.24,0
46,14,0,959.86,0.021,365.69,0
29,13,1,948.45,0.0444,747.32,1
19,13,0,1225.59,0.0806,616.38,0
71,3,0,1426.42,0.0104,688.77,1
67,14,0,1501.53,0.1233,1061.88,0
49,14,0,1561.0,0.0067,613.02,0
18,17,0,1311.42,0.0559,680.08,0
23,11,1,1271.04,0.0682,1028.1,0
24,14,0,1199.35,0.1021,528.52,1
62,8,0,827.05,0.0232,598.3,0
30,13,0,995.21,0.1232,453.6,0
33,13,0,1184.03,0.0639,651.45,0
71,15,0,1120.01,0.0377,544.05,0
72,17,0,1227.6,0.0148,395.99,0
65,0,0,787.55,0.1388,404.0,0
37,15,1,1004.56,0.0605,839.23,0
53,15,0,1432.68,0.0572,650.02,0
30,10,1,1100.0,0.027,691.7,0
71,10,1,1147.15,0.076,737.65,0
23,14,0,1228.51,0.048,763.09,0
64,9,1,1070.64,0.0249,710.37,0
49,8,1,1681.9,0.1129,1204.76,0
64,16,0,822.95,0.1347,462.55,0
45,15,0,1200.46,0.0528,603.28,0
27,4,0,975.42,0.043,763.11,0
64,16,0,1246.86,0.056,566.76,0
57,6,1,1200.76,0.1387,985.38,1
46,2,1,1342.9,0.0875,1235.8,1
41,17,0,1566.38,0.0249,850.2,0
39,4,0,993.77,0.0949,561.31,0
47,4,0,991.27,0.0602,615.03,0
34,5,0,1105.23,0.0026,572.58,1
35,9,2,1942.21,0.1455,1153.78,0
35,3,0,1173.08,0.0172,622.73,0
18,3,0,1570.26,0.062,1217.75,0
75,7,0,1146.93,0.0986,717.1,0
32,4,1,1706.89,0.0879,1235.93,1
28,3,0,1322.22,0.0006,858.27,0
27,18,0,1366.37,0.0912,740.73,1
79,11,3,1219.27,0.1091,1254.69,0
47,0,0,724.76,0.1274,371.0,1
38,2,0,1521.06,0.0276,933.8,0
43,16,1,1667.33,0.0055,1067.93,0
23,5,1,2076.44,0.1417,1390.03,1
37,3,0,754.21,0.1021,501.73,1
33,13,0,1345.74,0.0682,722.3,0
67,16,0,892.85,0.1088,557.84,0
21,7,2,1277.82,0.0236,1262.61,0
44,14,0,1049.33,0.1438,576.61,0
66,8,1,1464.71,0.0981,973.83,0
69,2,1,1150.79,0.1315,630.16,0
49,15,0,1210.1,0.0835,542.28,0
31,18,0,1449.61,0.1201,913.67,0
38,19,0,1538.39,0.0492,966.05,0
31,2,0,1407.78,0.02,644.45,0
59,11,1,1485.56,0.0531,1146.6,0
36,12,0,1157.51,0.1345,674.45,1
57,1,0,1029.32,0.1047,692.54,0
58,19,1,1511.7,0.0684,1662.06,0
76,2,0,884.73,0.0353,553.83,1
40,5,1,1385.74,0.0897,860.54,0
77,19,0,877.3,0.0889,568.01,0
42,11,0,1187.62,0.0796,538.03,0
60,13,0,883.89,0.1107,769.1,0
59,9,4,1679.83,0.0364,1548.42,1
68,15,0,997.21,0.0766,607.45,0
47,1,1,1111.03,0.0463,792.46,0
67,13,1,1323.79,0.0308,868.91,0
40,1,0,472.86,0.0499,239.87,1
48,3,0,659.26,0.1204,483.03,0
48,10,1,1591.11,0.0171,1270.55,0
61,8,0,1244.24,0.0413,673.45,0
56,3,0,982.99,0.08,775.6,0
22,15,0,1492.17,0.0601,813.1,1
68,6,1,1158.25,0.1242,956.58,0
64,17,1,1176.09,0.1169,641.36,1
24,0,0,964.98,0.1017,416.26,0
77,4,1,1921.99,0.0424,1579.39,0
58,5,0,1270.53,0.0032,754.01,0
23,11,0,1258.71,0.0471,1079.0,0
48,8,1,1489.92,0.0901,922.55,1
69,3,0,644.19,0.0152,411.47,0
35,11,1,1171.8,0.1235,795.42,1
75,19,0,1336.5,0.148,883.65,0
43,2,0,1198.77,0.1106,780.1,1
32,5,0,1861.63,0.0622,1033.09,1
40,9,1,1189.44,0.1196,731.32,1
50,14,2,1782.95,0.0409,1446.09,0
60,2,0,1441.8,0.1431,644.0,0
75,4,0,1242.85,0.055,746.0,0
30,4,1,1447.32,0.1035,588.41,0
77,12,0,1112.94,0.0028,552.88,0
50,1,1,758.05,0.0946,647.61,0
25,13,1,1454.76,0.0444,1236.89,0
75,8,0,1328.53,0.0153,537.01,0
39,6,1,1525.69,0.065,1222.32,1
56,17,0,1218.93,0.0159,541.37,0
61,16,0,1491.12,0.0278,771.41,0
18,16,2,1240.2,0.1343,1254.71,0
31,17,0,1640.52,0.0095,753.21,0
60,4,0,903.63,0.0937,670.76,0
38,17,0,1167.65,0.009,685.9,0
18,3,0,1404.26,0.1077,859.55,0
19,6,0,1045.51,0.1467,723.65,0
69,11,0,1424.7,0.0644,949.96,0
27,14,0,1097.16,0.1452,718.91,0
24,11,0,1235.44,0.0962,604.4,0
52,11,1,1295.66,0.0893,739.75,0
25,7,1,1176.96,0.0257,793.11,1
58,11,2,2175.32,0.1429,2076.11,0
51,9,0,948.08,0.1292,409.09,0
58,9,1,664.17,0.0198,532.1,0
48,11,1,1108.91,0.0043,852.14,0
66,12,0,1239.39,0.0539,666.88,0
57,6,1,1236.94,0.0239,892.86,0
43,2,0,1505.57,0.0504,851.12,0
18,5,0,1494.66,0.1438,911.03,0
34,8,1,1254.48,0.1293,1038.45,0
26,3,0,695.33,0.066,689.02,0
18,3,1,965.06,0.0414,711.75,0
34,19,0,1190.34,0.0867,583.93,0
30,5,1,880.65,0.1406,428.87,0
22,14,0,1089.66,0.1186,458.81,0
37,2,0,1626.39,0.1302,779.96,0
49,19,0,1302.85,0.1142,834.47,0
29,4,1,1363.7,0.0755,898.48,0
34,7,0,887.77,0.0212,537.36,0
19,15,0,1254.52,0.1228,604.68,0
21,4,0,1122.44,0.0976,686.05,1
27,10,1,1421.59,0.1159,1206.82,0
46,15,1,1568.13,0.1101,1031.66,1
59,0,2,1769.44,0.0369,1675.47,0
66,0,0,1238.67,0.0429,632.9,1
57,15,1,1503.58,0.1285,837.95,0
56,5,0,1046.41,0.0611,652.27,0
76,18,2,1839.77,0.0267,1734.34,0
33,18,1,1083.86,0.0964,870.18,0
67,17,1,1287.76,0.0447,1111.53,0
76,19,1,1720.99,0.0964,1167.5,1
53,16,0,1055.5,0.0885,568.69,0
70,7,1,947.76,0.0995,638.33,1
26,19,0,1076.77,0.149,643.8,0
72,6,0,1617.52,0.0416,877.87,0
52,11,0,518.78,0.1463,296.86,0
31,0,0,1230.72,0.1145,594.56,0
21,19,1,1159.8,0.1283,673.31,0
62,11,1,1299.71,0.1204,772.69,0
44,18,2,1395.44,0.0034,1316.48,0
37,7,0,1488.14,0.0756,823.29,0
42,6,1,1366.14,0.0159,882.5,0
79,10,0,1503.16,0.101,957.76,0
44,17,0,1585.24,0.0089,1184.01,0
22,10,0,1208.97,0.005,611.05,0
35,15,3,1542.15,0.136,1270.13,0
27,4,1,1463.16,0.1376,1260.3,0
60,15,1,1521.06,0.0936,1087.87,0
67,14,0,854.01,0.069,459.38,0
70,17,1,1420.82,0.1243,1241.74,0
57,1,0,1123.93,0.1446,595.07,0
65,7,0,1073.9,0.0081,648.76,0
43,1,0,992.72,0.0155,571.98,0
56,8,3,1462.28,0.1358,2862.33,0
24,15,1,1726.69,0.0149,1198.5,0
51,12,0,1090.8,0.1071,734.09,0
52,15,1,1693.13,0.083,1148.17,0
19,14,0,1239.31,0.0782,756.67,0
51,19,0,860.19,0.0146,461.54,0
62,17,1,1407.23,0.1093,1176.37,0
40,11,0,843.62,0.0903,461.82,0
51,17,1,1532.14,0.1393,1208.15,0
35,0,0,1137.67,0.0721,545.74,0
34,14,0,1456.55,0.1369,693.05,0
26,10,0,1630.06,0.0276,624.26,0
38,19,0,679.4,0.0306,407.88,0
67,10,1,1211.66,0.1423,758.75,0
76,3,0,837.16,0.0149,724.67,0
57,14,2,2147.48,0.0355,1695.99,1
56,19,0,1067.91,0.0212,764.59,0
56,0,0,805.47,0.1065,565.04,0
47,1,0,1872.1,0.117,994.48,0
44,13,0,982.18,0.1352,472.97,0
56,11,1,863.44,0.022,599.27,0
66,10,0,852.48,0.0483,596.89,0
43,1,0,1242.96,0.0476,1095.48,0
53,11,0,1213.72,0.146,529.05,0
47,11,0,949.2,0.0874,531.17,1
35,16,1,1204.49,0.0506,761.0,0
35,7,0,1215.92,0.0448,631.13,0
22,6,1,1747.17,0.0479,1752.59,0
45,1,0,1299.98,0.1068,621.91,1
62,11,0,1031.05,0.0824,417.15,0
60,12,0,1131.47,0.0935,657.39,0
79,5,0,1430.91,0.0706,861.42,0
20,14,0,1704.02,0.0039,874.05,0
65,18,1,1018.62,0.1031,633.75,0
67,3,0,1534.23,0.1086,884.0,1
45,11,0,1106.17,0.027,471.2,1
35,13,0,712.73,0.0974,432.71,0
40,0,0,653.33,0.1316,340.07,1
60,3,0,1600.25,0.0904,1178.41,0
71,7,0,1636.01,0.1003,972.92,0
57,2,1,1179.28,0.1051,815.41,0
49,7,0,1136.36,0.0487,605.62,0
58,2,0,665.29,0.0231,252.17,0
22,17,0,1428.61,0.0709,777.62,0
55,11,0,1191.49,0.0348,638.37,0
20,6,0,734.32,0.103,413.99,1
77,15,2,1561.42,0.1072,1304.7,0
73,0,0,783.17,0.0012,581.5,0
49,11,0,1367.25,0.1431,722.98,0
41,13,0,875.16,0.1388,412.5,1
63,16,1,1451.12,0.0198,741.65,0
57,4,0,1004.09,0.0717,512.48,1
61,11,0,490.29,0.0314,221.89,0
49,15,0,1498.85,0.1446,645.14,0
32,15,0,1515.28,0.0849,794.42,1
22,3,0,1043.46,0.105,731.11,0
35,19,1,1432.33,0.1467,1231.25,1
50,5,0,1331.45,0.101,574.92,0
44,7,0,1341.15,0.1306,753.87,1
49,3,1,1867.68,0.0361,1449.26,0
35,2,0,1325.04,0.0344,831.09,0
76,5,0,1092.7,0.0662,840.29,0
40,2,0,1328.37,0.1322,586.62,0
70,14,0,1071.02,0.0059,500.6,0
42,11,0,880.33,0.0662,430.26,0
45,7,0,1565.92,0.1237,940.21,0
55,10,0,1360.25,0.0266,440.39,0
34,12,0,641.51,0.0924,341.96,0
31,3,1,1144.9,0.0105,571.53,0
41,5,0,1427.29,0.0016,796.06,0
67,17,2,1030.85,0.0478,1353.69,0
26,0,1,1124.12,0.1208,959.76,1
45,19,1,2148.45,0.0062,1198.69,0
59,19,1,1250.67,0.0547,820.11,0
61,5,0,1524.81,0.1093,712.14,0
44,6,1,1800.14,0.0554,1662.8,0
23,4,0,927.45,0.0718,333.18,1
18,11,0,1279.91,0.0751,654.13,0
47,4,0,1817.65,0.1362,882.35,1
68,15,0,1337.86,0.1314,590.39,0
19,7,0,1909.66,0.0095,1484.73,0
73,19,0,1008.93,0.1038,411.58,0
59,17,0,1739.13,0.0814,764.24,0
18,8,1,1355.0,0.0532,1329.28,0
39,11,0,1101.76,0.0739,602.66,0
31,0,0,1392.01,0.132,749.95,0
76,1,0,1166.56,0.116,574.41,1
52,10,2,1474.63,0.0852,1279.42,0
38,9,1,1495.56,0.0263,978.63,0
35,7,0,657.68,0.0928,316.84,0
52,1,0,960.4,0.0747,404.91,1
18,16,1,1566.79,0.067,1126.15,1
33,8,0,1497.46,0.1416,741.53,0
28,9,1,1457.17,0.1489,945.91,1
56,8,2,1582.76,0.1427,1567.59,0
59,9,0,1320.7,0.1108,666.06,0
46,12,0,1487.34,0.0898,811.89,0
26,15,1,922.13,0.0479,918.88,0
40,10,0,1047.16,0.1421,630.91,0
70,3,3,1627.67,0.0683,1494.72,1
30,17,0,1258.74,0.0302,563.99,0
28,5,1,717.11,0.0166,497.92,0
24,0,0,822.78,0.1254,537.45,1
68,0,0,1195.0,0.0492,592.58,0
25,15,1,1653.94,0.1149,1169.09,1
54,7,0,1074.29,0.0941,530.01,0
79,0,0,999.93,0.0425,514.27,0
57,16,0,1358.6,0.1276,587.18,0
43,6,1,1251.58,0.1267,930.73,0
30,19,0,1464.27,0.0258,830.85,0
18,17,0,1133.6,0.0183,839.3,0
27,0,0,865.44,0.0901,487.12,0
77,13,0,1626.18,0.035,776.65,0
26,12,1,1721.18,0.0498,1619.48,0
19,3,0,913.36,0.1405,541.04,0
68,6,0,1318.71,0.0263,754.24,0
43,9,2,1402.0,0.0706,1197.6,1
40,2,0,1385.72,0.0442,786.49,0
62,14,0,937.29,0.0522,434.08,0
50,5,2,1761.55,0.0555,1482.95,0
74,18,1,1708.49,0.039,1149.39,0
46,16,0,915.8,0.1145,541.04,0
62,12,0,1220.31,0.1218,839.26,0
72,2,1,1714.79,0.0809,1462.25,1
46,0,0,899.59,0.1349,548.15,1
35,2,0,999.35,0.0205,389.46,0
78,9,0,1398.52,0.076,705.26,1
32,15,1,1301.79,0.1243,635.6,1
20,3,1,877.42,0.0931,765.79,1
53,14,0,1103.93,0.1478,592.83,0
79,0,2,2023.93,0.0894,1681.7,0
23,5,0,1818.87,0.144,872.36,0
70,11,0,1008.87,0.0148,714.64,0
69,16,1,1076.01,0.0064,771.9,0
75,15,1,1212.6,0.0535,833.11,0
44,10,0,1740.57,0.1262,981.83,0
33,0,0,1452.63,0.0076,832.09,1
49,5,1,1789.23,0.0378,1224.3,0
26,15,1,1649.6,0.1478,1492.69,0
70,1,2,1104.19,0.0961,1213.87,0
59,14,1,1065.35,0.059,763.09,0
47,14,0,991.15,0.0117,466.72,0
49,15,1,1193.41,0.1133,895.61,0
62,4,0,996.51,0.1388,486.7,0
50,4,0,1031.41,0.1112,754.85,0
70,3,1,1542.15,0.0175,1484.25,0
75,7,1,1390.74,0.0798,1129.22,0
76,10,0,1565.93,0.0604,683.1,0
56,2,1,1425.55,0.1356,913.05,0
64,11,1,1147.12,0.1143,774.81,0
37,4,2,1556.54,0.1203,1126.11,1
20,11,1,896.61,0.0621,593.35,0
42,6,0,506.45,0.0037,291.96,1
72,19,0,1392.96,0.1139,851.76,0
26,6,1,1655.49,0.095,1506.05,1
51,17,0,1221.64,0.0212,669.39,0
29,3,0,1082.61,0.1135,561.09,0
44,1,0,797.44,0.0224,339.2,0
26,3,1,1700.08,0.111,1281.56,1
63,8,1,1497.76,0.107,962.13,0
68,18,0,1287.35,0.0011,679.62,0
65,3,0,1198.55,0.1162,589.14,0
61,15,0,1059.13,0.0611,523.56,0
32,13,0,866.02,0.076,550.31,0
50,6,0,1275.81,0.1447,694.37,0
24,6,0,1038.44,0.138,781.29,0
41,18,1,1222.81,0.0574,687.8,0
49,14,0,1715.35,0.1064,1212.65,0
59,4,0,1185.58,0.077,591.39,0
24,18,1,614.11,0.1233,427.25,1
68,8,1,1189.36,0.0479,923.62,0
46,1,1,1049.56,0.0706,906.59,0
72,16,0,1158.23,0.0169,789.16,0
50,17,0,772.67,0.139,524.42,0
51,8,0,1330.09,0.1351,702.45,0
60,14,1,1261.18,0.0414,1274.97,1
68,4,0,1057.29,0.0874,658.31,0
27,17,0,1244.89,0.0568,380.51,0
49,7,0,1177.0,0.0234,655.78,0
19,5,1,1309.59,0.0068,858.23,0
47,10,2,1432.74,0.1234,1158.7,0
68,5,0,1193.91,0.0434,750.58,0
71,12,0,1302.95,0.0773,766.89,0
35,14,0,1265.39,0.1354,611.84,0
41,8,1,1688.06,0.003,1612.7,0
52,15,0,1035.99,0.0821,443.5,0
42,8,1,1421.44,0.1433,767.1,0
29,19,1,2083.83,0.1214,1186.16,0
36,5,0,1187.71,0.0329,718.56,0
43,14,0,1199.35,0.0301,714.52,0
50,10,0,820.98,0.1144,386.31,0
75,18,1,1136.04,0.012,713.36,0
51,4,2,1468.09,0.0899,1263.11,0
42,3,1,1510.04,0.0351,862.57,0
58,17,0,1394.75,0.1259,905.79,0
65,18,1,1447.88,0.0569,1400.85,0
44,14,1,1591.23,0.0622,1086.25,1
48,9,0,900.2,0.1192,534.09,0
31,8,0,1346.67,0.0132,761.82,0
71,13,0,1204.01,0.0901,876.15,0
71,14,0,1237.47,0.1444,1009.94,0
28,5,1,1241.3,0.0976,817.42,1
39,0,1,1064.09,0.0123,757.57,0
34,1,0,835.45,0.1363,549.09,1
75,6,0,1296.2,0.0193,768.81,0
22,13,0,1349.36,0.0553,622.47,0
30,8,0,1161.13,0.0273,447.65,0
37,12,0,1195.56,0.1083,587.33,0
52,9,0,983.94,0.0397,581.62,0
33,5,0,1350.92,0.0392,691.19,1
51,14,0,1218.19,0.062,546.13,0
64,14,0,1090.32,0.0429,537.46,0
69,19,0,1459.83,0.1177,1165.51,0
24,16,0,1393.51,0.079,615.58,0
26,7,1,889.24,0.0834,590.65,0
23,14,0,1214.75,0.0242,606.53,0
74,7,0,912.53,0.137,747.07,0
58,17,0,1241.86,0.0523,512.12,0
50,12,2,700.0,0.0566,515.2,0
67,16,0,1259.14,0.0364,706.16,0
54,5,0,1413.6,0.144,809.51,0
32,0,0,1166.76,0.0911,808.56,1
49,2,1,1000.58,0.0091,867.89,0
61,10,0,1786.91,0.0289,859.55,0
20,19,0,1546.79,0.0721,911.96,0
55,12,1,1190.68,0.0282,813.83,0
48,16,0,1121.69,0.0908,566.81,0
22,9,1,755.69,0.0462,655.21,0
34,19,1,1492.02,0.0524,1110.84,0
45,18,2,1089.23,0.118,1290.71,0
39,4,1,1549.91,0.0787,1206.24,0
35,17,0,1507.78,0.017,1005.09,0
58,0,0,1178.92,0.0558,379.37,1
43,11,0,880.66,0.1345,496.59,0
48,8,0,1574.71,0.1269,951.1,0
67,6,0,1200.65,0.114,738.69,0
23,18,2,1527.97,0.1265,1794.1,1
40,13,0,920.54,0.0137,577.3,0
22,2,0,1257.92,0.0183,547.06,0
75,2,0,1139.13,0.0028,703.23,0
29,2,2,1101.45,0.0188,1122.9,1
68,6,0,1602.0,0.1235,786.1,0
29,1,0,1727.74,0.0057,882.17,0
38,5,0,1505.46,0.0698,977.04,0
55,15,0,1460.65,0.0371,810.55,1
69,17,0,1729.53,0.1249,1193.96,0
29,15,0,885.75,0.1204,509.97,0
31,9,0,882.15,0.1149,316.33,0
72,13,1,1225.68,0.0567,879.24,0
37,18,0,1289.36,0.1388,660.83,0
31,1,0,1112.21,0.1344,698.22,0
64,18,1,1044.0,0.0976,805.88,1
23,14,1,1351.7,0.0919,794.04,0
71,7,1,1321.69,0.0505,975.44,0
72,8,1,1602.4,0.1104,1265.26,0
71,8,1,1363.36,0.1408,1056.92,0
36,3,0,628.63,0.0474,424.3,0
25,4,1,1465.64,0.0429,847.41,0
44,5,0,1674.54,0.0395,901.06,0
38,0,0,1208.68,0.1475,429.75,0
77,10,1,1646.09,0.081,1478.51,0
57,9,0,1048.46,0.1451,596.45,1
76,6,2,1669.72,0.0926,1417.27,0
64,3,0,976.62,0.044,531.17,0
62,19,0,1126.05,0.088,691.68,0
24,13,0,1128.41,0.0233,775.34,0
22,9,0,1343.01,0.0672,707.0,0
20,14,0,952.75,0.0664,577.01,0
54,7,1,910.53,0.0865,702.98,0
30,4,0,1341.03,0.0581,482.08,1
79,13,0,1329.76,0.0683,644.04,0
26,15,0,1233.75,0.1314,751.08,0
76,13,1,1629.87,0.0271,1487.35,0
59,11,1,1289.21,0.1384,1206.32,0
24,0,0,1284.4,0.0808,561.0,0
21,12,1,1245.02,0.0943,1084.11,0
42,12,0,1122.42,0.0156,770.07,0
39,8,1,1452.06,0.0218,1124.41,0
37,4,0,1879.98,0.1099,700.4,0
50,19,0,1422.69,0.1351,713.0,0
26,7,0,1364.58,0.0778,778.11,0
26,5,1,1582.03,0.0251,1076.0,0
61,14,1,645.67,0.1195,298.36,0
79,9,0,1295.75,0.1376,686.22,0
34,11,0,1473.14,0.1005,682.4,0
75,12,0,1225.33,0.0274,769.5,0
39,7,0,1187.05,0.0619,729.1,0
38,3,2,1218.02,0.141,1173.84,1
23,3,0,1069.98,0.0287,554.53,0
44,18,0,949.95,0.0256,532.23,0
48,10,0,1499.85,0.1053,822.99,0
59,8,0,1650.5,0.0815,1105.62,0
27,6,0,1780.52,0.0307,893.01,1
29,14,0,945.0,0.0925,453.21,0
44,18,0,999.48,0.1405,675.97,1
22,15,0,975.09,0.1283,641.18,0
26,10,0,894.43,0.001,547.84,1
57,9,0,899.27,0.1315,688.18,0
77,17,0,1045.35,0.094,885.71,1
53,17,0,1462.34,0.0401,1043.7,0
26,7,0,984.65,0.014,473.15,1
79,19,1,1665.92,0.1457,1402.59,0
50,16,0,1610.24,0.0044,918.54,0
62,16,0,1285.53,0.0277,641.03,0
30,1,0,1568.74,0.1007,754.77,0
53,2,0,791.62,0.1137,466.17,0
22,5,2,1332.54,0.04,1361.92,1
56,15,0,1256.82,0.1106,924.09,0
30,1,1,1416.97,0.1148,1156.12,0
74,1,0,1628.77,0.1204,1019.4,1
21,0,1,1050.35,0.1131,718.69,1
58,3,0,1038.91,0.0049,605.37,1
26,18,0,1174.51,0.1338,486.01,0
60,14,0,1044.41,0.0844,652.53,0
48,14,1,1037.21,0.0647,806.22,0
77,5,0,1057.03,0.0037,864.95,0
58,12,0,1126.34,0.0886,623.53,0
41,15,0,1634.26,0.0244,1157.25,0
23,10,0,893.93,0.0822,453.66,0
54,17,0,1444.56,0.0284,1131.81,0
45,11,0,1581.64,0.1032,1179.35,0
21,6,0,1046.22,0.0133,732.11,0
54,12,1,1427.97,0.0901,1030.48,0
31,18,1,1522.78,0.0966,1038.54,0
32,16,0,1323.3,0.0593,685.6,0
18,9,2,1524.64,0.1376,1089.42,0
41,11,0,996.35,0.079,610.47,0
31,19,1,1548.74,0.1126,1050.74,0
22,14,0,1087.66,0.0667,655.19,0
44,10,0,1208.6,0.1188,697.7,0
31,5,1,1402.75,0.1346,806.87,0
26,18,0,1456.8,0.0619,1005.11,0
46,19,1,1928.38,0.1451,1401.61,0
21,1,1,1128.66,0.023,956.19,0
79,0,1,1365.77,0.1269,771.34,1
47,2,0,754.67,0.0789,361.44,0
79,7,0,1644.43,0.0208,848.34,0
72,3,1,1363.15,0.0938,1020.31,1
78,17,0,1110.1,0.0197,606.74,0
51,18,0,1215.67,0.1331,891.16,0
44,3,0,1230.83,0.1224,844.69,0
62,16,1,1130.45,0.0981,696.39,0
23,2,0,1556.39,0.0349,1565.53,0
70,15,1,1543.42,0.1444,1081.95,0
38,7,0,1435.25,0.128,1036.85,1
18,0,0,996.0,0.1073,525.02,1
32,8,0,979.77,0.0548,619.47,0
33,16,1,1315.93,0.0726,1134.56,1
18,18,0,1439.99,0.0507,594.75,0
59,2,1,1500.51,0.1274,1517.27,1
23,16,1,1116.69,0.0463,681.02,0
70,5,3,1850.33,0.0357,1765.23,1
46,9,1,1058.36,0.0322,668.59,0
62,2,0,1001.51,0.0602,498.91,1
39,19,0,1247.32,0.0934,627.24,0
26,15,0,848.56,0.1247,372.91,0
29,12,2,1210.94,0.1387,1223.95,1
58,14,0,1665.64,0.012,951.1,0
62,17,0,1609.88,0.0071,873.81,0
34,2,0,1886.91,0.0544,1290.15,0
40,4,1,1485.17,0.1215,1507.63,0
76,0,1,1543.43,0.1361,805.51,0
70,9,0,1153.51,0.0253,890.59,0
43,9,1,1244.87,0.0429,883.49,0
32,0,4,2061.57,0.1353,1853.54,1
36,13,0,1608.59,0.0864,974.83,0
51,0,1,1586.0,0.0612,1104.68,0
53,15,1,1098.06,0.0365,929.95,0
29,14,1,1467.49,0.0169,1077.19,0
22,16,1,1118.95,0.0163,856.82,0
48,2,0,1102.65,0.1011,563.99,1
67,17,1,1840.87,0.1081,1068.52,0
27,10,0,840.13,0.0549,543.76,1
43,17,0,1850.61,0.0909,929.72,0
28,13,0,1364.86,0.0234,825.42,0
33,13,0,1060.17,0.0031,796.29,0
55,0,0,1220.46,0.015,659.6,0
35,13,0,994.51,0.0159,638.34,1
34,8,0,1035.93,0.1477,574.52,0
79,16,1,1371.99,0.0354,909.43,0
28,13,0,1101.32,0.0201,449.62,1
29,1,0,920.11,0.1193,509.39,0
75,17,0,1133.58,0.055,612.1,0
52,1,1,955.62,0.0309,572.45,0
20,5,0,818.46,0.0331,303.99,1
44,4,0,815.38,0.0209,325.78,0
53,19,1,1851.4,0.012,1886.49,0
33,3,0,1321.69,0.102,743.1,0
51,16,0,1378.76,0.066,577.26,0
58,4,1,1353.38,0.0223,855.48,0
33,13,0,1351.88,0.1189,755.88,0
68,1,1,1702.75,0.0029,1328.09,0
46,7,0,1322.35,0.0646,704.24,0
77,12,0,1692.1,0.0191,1414.56,0
23,14,1,1338.84,0.0042,1443.69,0
38,17,0,1379.67,0.0826,831.14,0
62,16,1,1561.2,0.0233,1034.51,0
73,10,0,920.39,0.0103,554.42,0
31,6,0,1212.82,0.0718,518.8,0
78,5,0,647.57,0.1265,441.3,0
29,19,0,1161.04,0.0728,670.5,0
43,12,0,1116.26,0.0119,489.28,0
37,18,1,1248.32,0.0457,791.89,0
44,8,1,1227.75,0.0669,981.77,0
73,9,0,1353.59,0.0422,541.36,0
63,16,1,1084.25,0.0506,646.56,0
67,14,0,1758.0,0.075,893.69,0
33,4,0,1370.24,0.1414,929.26,1
76,10,0,959.11,0.1207,754.07,0
45,4,0,1394.16,0.0307,839.16,0
58,15,0,1498.46,0.1178,444.42,0
61,0,1,1460.74,0.0592,833.03,0
59,16,0,898.26,0.1224,1008.47,0
55,18,0,1871.19,0.0926,1077.52,0
47,0,0,1391.84,0.1018,461.14,0
58,12,0,825.73,0.0543,740.57,0
74,1,0,1262.73,0.107,539.39,0
42,7,0,1133.9,0.0849,709.61,0
49,6,0,1201.93,0.0928,533.27,0
29,10,1,991.89,0.0821,1098.58,0
40,18,0,1216.3,0.0084,511.22,0
65,9,2,1250.62,0.0711,965.62,1
57,7,0,1095.14,0.0077,753.73,0
31,1,1,1466.23,0.0253,935.94,0
51,17,0,1057.01,0.0713,650.07,0
68,6,1,1262.87,0.0609,1063.17,0
25,9,2,1746.07,0.0072,1570.24,0
21,1,0,933.42,0.0206,417.06,1
42,5,1,1155.47,0.0698,703.86,0
58,11,0,823.62,0.1451,425.65,0
37,18,0,953.14,0.073,598.15,0
68,6,2,1538.74,0.1159,1571.04,0
70,11,1,1541.84,0.0665,1145.37,0
51,17,0,958.15,0.0288,615.26,0
41,7,0,1382.94,0.0032,561.29,0
20,5,0,1231.56,0.0563,729.37,1
68,0,1,935.22,0.1379,658.21,0
73,18,0,1252.37,0.0487,771.58,0
45,2,0,1558.31,0.0553,1010.72,0
50,4,0,632.36,0.1039,285.96,0
64,2,0,1801.56,0.1105,983.4,0
61,14,0,1016.84,0.0913,740.97,0
26,7,0,705.27,0.0507,418.21,0
59,14,1,1391.53,0.1418,972.47,0
75,12,1,1599.33,0.0529,893.81,0
64,0,0,1115.87,0.0438,694.06,1
47,6,1,1443.48,0.1265,779.37,0
50,0,0,1835.92,0.1403,988.54,1
34,1,0,1261.7,0.1435,638.15,1
58,9,0,2094.75,0.08,1264.56,1
32,5,0,1579.39,0.1304,781.85,0
39,1,2,1515.46,0.0276,1231.78,1
34,8,2,1587.46,0.1333,1148.47,0
38,9,0,1104.17,0.1137,586.26,0
40,19,1,1424.87,0.0599,1060.51,0
23,13,1,1518.47,0.0368,1010.0,0
62,7,0,1078.76,0.1139,565.36,0
45,9,1,936.01,0.0646,689.7,0
76,1,1,1746.38,0.1468,1521.19,0
29,7,0,1492.04,0.1282,966.25,0
59,11,0,774.87,0.1186,333.8,0
29,0,1,1401.3,0.0501,1164.86,1
51,18,0,1508.12,0.1067,1106.32,0
48,10,0,1477.12,0.1134,949.17,1
45,15,1,1141.81,0.0614,502.4,1
58,5,1,1644.64,0.0142,1236.39,0
69,16,1,1354.53,0.1103,1273.64,0
37,7,0,1316.6,0.0442,671.62,0
70,18,0,924.15,0.0199,921.04,0
29,10,0,400.0,0.0064,144.32,0
36,12,0,966.8,0.0491,555.48,0
37,4,1,1510.97,0.0765,1245.02,0
77,19,0,1138.37,0.0058,657.45,0
25,3,1,1545.06,0.0845,1136.09,0
42,0,0,1531.84,0.1343,694.23,1
44,8,2,1400.84,0.0897,1083.77,0
67,16,0,1071.32,0.0787,670.47,1
48,18,0,543.94,0.0348,198.88,1
77,17,0,735.7,0.0659,492.01,0
63,11,1,948.02,0.0901,660.7,0
61,18,0,1366.99,0.1298,851.86,0
64,9,0,1103.84,0.1323,729.55,0
28,9,1,1189.73,0.0678,1788.73,0
45,3,0,1005.38,0.0275,742.09,0
54,15,0,966.31,0.1061,424.0,0
30,6,0,1477.04,0.1426,1269.96,0
25,3,0,1228.0,0.1437,398.25,0
26,7,1,1647.4,0.1493,1074.84,0
66,12,1,691.98,0.0378,510.81,0
58,5,1,1509.82,0.1255,1008.96,0
35,7,0,1054.86,0.0078,622.73,1
63,6,0,1115.56,0.0023,601.82,0
61,11,1,1755.85,0.1011,1618.71,0
68,14,0,1083.05,0.018,548.78,0
74,13,3,1797.57,0.0583,1796.87,0
72,2,2,1194.62,0.0019,1477.82,0
29,6,0,1210.83,0.013,819.99,0
65,12,1,872.63,0.0313,601.4,0
42,4,0,1182.81,0.0832,725.39,1
42,1,1,1465.62,0.0498,1519.73,0
58,6,0,1531.91,0.0846,648.04,0
55,13,0,954.63,0.0973,428.56,0
44,13,0,1041.31,0.0005,517.97,0
79,2,0,1006.76,0.1272,586.71,0
28,13,0,1123.8,0.0087,761.09,1
24,3,0,910.83,0.131,436.15,0
19,14,0,552.83,0.1464,255.53,1
68,11,0,887.19,0.1355,380.82,0
43,2,1,1335.31,0.0813,788.55,0
45,7,0,1155.57,0.1154,565.55,0
58,16,0,1365.64,0.0259,494.37,0
44,8,0,1452.66,0.1406,724.51,0
53,13,0,1065.13,0.0035,481.81,0
21,14,1,874.28,0.0827,603.26,0
27,0,0,1320.97,0.0692,1035.19,1
75,18,0,1197.06,0.1195,485.67,1
45,6,0,1122.47,0.1118,767.15,1
28,15,2,1866.13,0.0495,2261.08,0
40,9,0,1335.16,0.0245,903.6,0
38,11,0,1236.87,0.1191,739.09,1
35,7,0,1249.17,0.1466,906.54,0
36,17,0,1454.91,0.0147,921.39,0
63,2,1,1143.13,0.1099,1017.79,0
24,17,0,935.93,0.0774,534.79,0
37,4,1,1279.76,0.0468,738.11,0
47,17,0,846.62,0.0022,596.22,0
51,0,1,1336.37,0.1086,1605.78,0
72,0,0,1229.09,0.0198,640.69,0
75,1,1,1329.36,0.1276,952.12,0
36,10,1,1241.57,0.0397,905.29,1
51,5,0,1695.9,0.0889,705.4,0
19,11,1,1632.2,0.0426,982.16,0
56,16,1,1320.86,0.1053,1000.91,0
27,0,0,1227.91,0.0176,672.43,1
22,10,1,1762.9,0.0515,1261.16,0
59,14,0,1024.63,0.0763,574.78,0
29,8,0,910.32,0.0878,496.29,1
47,18,2,1568.07,0.0869,1167.82,1
24,13,0,1324.17,0.0119,806.04,0
64,0,0,1346.55,0.0051,802.4,0
65,10,0,1448.33,0.0356,677.71,0
53,7,0,980.23,0.0057,594.27,0
69,2,1,927.47,0.0331,583.77,0
45,19,0,1024.63,0.0089,651.52,0
29,4,0,1374.55,0.0791,760.41,0
27,1,0,923.43,0.0157,557.54,0
31,4,0,619.85,0.0623,358.27,0
30,16,0,1243.28,0.1154,685.98,0
38,11,0,1029.87,0.1159,613.51,0
31,16,0,681.87,0.0843,450.28,0
54,9,0,1222.34,0.0046,698.7,0
27,2,0,1084.12,0.0805,617.69,1
56,7,1,1852.79,0.0379,1230.77,0
38,3,0,1226.65,0.0853,475.76,0
60,11,1,1525.83,0.1363,1095.28,1
49,5,0,1194.83,0.0898,517.55,0
74,19,1,1170.74,0.1411,745.41,0
45,7,1,1203.72,0.0313,721.76,1
36,6,0,1524.29,0.0402,736.84,0
54,19,0,1424.34,0.0223,697.17,0
58,10,0,753.41,0.0117,463.27,0
45,3,0,825.42,0.0016,492.28,0
52,9,0,842.08,0.1392,480.42,1
47,5,0,1518.03,0.0678,1078.86,0
36,14,0,680.59,0.1408,700.13,0
37,11,0,1435.95,0.1296,886.85,0
74,14,0,1319.51,0.1116,882.92,0
59,18,0,1244.04,0.1377,734.21,0
23,14,0,1058.1,0.0396,672.11,0
77,6,1,1706.59,0.1285,879.29,0
62,4,0,1234.04,0.102,400.91,0
21,10,2,1066.74,0.0899,606.68,1
63,8,0,836.6,0.0928,412.0,0
54,6,1,856.57,0.1359,802.74,0
74,16,0,1560.1,0.1393,916.15,0
48,18,0,1627.28,0.0265,839.78,0
50,7,0,1525.88,0.0121,954.15,1
37,13,1,1307.06,0.0409,1000.13,1
37,19,0,772.09,0.1215,328.55,0
56,0,0,883.8,0.0146,541.65,0
69,7,0,903.34,0.0993,595.36,0
73,14,1,1336.29,0.0599,1450.32,0
65,9,0,1616.23,0.1368,887.62,0
55,15,1,1765.06,0.123,1765.91,1
49,9,0,1053.5,0.0762,542.14,0
39,1,0,529.03,0.0571,470.1,0
65,8,0,849.9,0.1252,421.04,0
37,8,0,1556.58,0.0367,987.7,0
34,16,1,1419.49,0.0815,1071.81,1
71,2,0,1093.31,0.1397,821.82,1
54,3,2,1372.39,0.0906,1561.98,0
39,2,0,974.74,0.1395,441.55,0
71,11,1,988.87,0.0663,659.21,1
77,19,0,1821.62,0.0944,1555.19,0
37,12,0,1715.54,0.1411,976.43,0
50,16,0,953.44,0.1106,626.07,0
47,17,0,673.84,0.1358,303.54,0
61,12,1,1400.71,0.1248,950.78,0
76,12,1,1305.76,0.0117,807.97,0
52,4,0,1388.44,0.0388,932.38,0
67,19,0,1456.38,0.1112,941.84,0
54,15,0,848.99,0.1335,605.09,0
72,17,0,1584.07,0.1203,711.45,0
43,19,1,1244.05,0.047,989.88,0
41,6,0,1382.37,0.0932,774.48,0
44,2,0,1121.56,0.0992,383.81,0
79,17,0,1476.75,0.0656,904.01,0
55,9,0,491.31,0.0882,354.99,0
27,19,0,1421.5,0.1479,1085.96,0
20,13,0,950.42,0.0817,526.6,0
50,5,2,1522.04,0.0292,1559.55,0
67,7,0,1573.41,0.0756,979.14,0
47,12,0,959.06,0.0264,459.68,1
52,7,0,912.0,0.1032,425.35,1
67,5,1,1238.41,0.1353,874.57,0
50,4,1,1219.48,0.1014,829.44,1
74,12,2,1184.95,0.1316,1046.84,0
57,0,1,1381.88,0.1092,906.31,1
63,1,0,1247.45,0.0656,726.29,1
66,0,0,1338.9,0.0807,603.61,0
56,14,2,1254.13,0.0799,1476.37,0
21,0,1,1066.8,0.0589,528.56,1
44,8,0,1164.42,0.0139,639.3,0
26,2,0,1126.49,0.1053,603.5,0
49,11,0,1132.25,0.0071,614.91,0
26,0,0,987.83,0.0306,465.6,0
49,0,1,1449.01,0.0681,763.68,0
39,8,0,917.26,0.1481,537.04,0
19,13,0,1163.35,0.046,623.09,0
25,2,0,1108.09,0.1192,667.74,0
49,9,1,1339.96,0.0629,686.86,0
22,16,0,1555.58,0.0332,1223.56,0
71,12,1,955.65,0.004,670.58,0
65,15,1,632.6,0.0133,245.48,0
61,6,0,1021.74,0.0625,592.07,0
28,18,1,1004.61,0.06,651.77,0
67,2,0,400.0,0.094,177.94,0
57,12,0,1723.91,0.0093,1230.73,0
42,8,0,1367.91,0.0426,919.28,1
18,0,0,1400.15,0.0035,836.55,0
50,18,1,1264.36,0.1308,915.48,0
67,14,0,1326.25,0.0596,818.67,0
20,4,1,1223.21,0.0876,636.11,0
21,1,0,1444.3,0.1066,837.42,0
41,13,2,1556.72,0.0402,1730.72,0
49,10,0,1189.04,0.0202,816.9,0
47,0,0,1211.68,0.087,547.99,0
44,19,2,1939.63,0.1355,1747.25,0
33,14,1,1400.2,0.1339,797.54,1
21,9,0,891.12,0.0462,513.11,1
19,4,0,1300.86,0.0399,624.5,0
24,5,0,1346.71,0.053,631.45,0
60,9,1,1306.59,0.0368,1000.77,1
66,1,1,1334.37,0.1447,822.86,0
44,7,1,1030.14,0.0052,626.56,0
22,4,1,1379.12,0.0287,1054.96,0
43,2,1,985.66,0.0042,522.56,1
79,2,0,1124.77,0.1281,588.48,1
33,6,1,1149.2,0.0707,602.53,0
48,7,1,1644.87,0.0342,894.39,0
51,7,0,1664.98,0.0593,1174.17,0
38,13,2,1156.7,0.0159,923.8,0
45,10,0,1198.61,0.0162,579.45,0
47,3,1,1256.89,0.142,1062.43,0
47,19,1,1489.33,0.1044,1467.05,0
62,14,0,1228.87,0.0958,721.1,0
54,9,1,1233.79,0.0709,1078.92,1
21,0,0,1228.13,0.0735,613.71,0
18,18,0,1135.6,0.1158,640.59,0
43,14,1,1826.74,0.0079,1304.38,0
74,9,1,1111.91,0.1001,845.84,0
20,3,0,1277.25,0.0826,864.37,0
22,2,0,1352.89,0.046,562.67,0
60,5,0,1331.54,0.0324,621.83,0
45,4,0,1110.63,0.1293,562.41,1
32,4,0,1610.48,0.1397,740.15,0
30,8,0,573.33,0.0144,334.96,1
59,0,1,1021.82,0.0255,760.93,0
50,6,0,1399.07,0.1001,789.89,0
57,17,0,935.97,0.1161,481.86,1
35,17,0,918.45,0.0737,671.05,0
50,0,1,1209.84,0.139,900.81,1
71,13,1,1114.31,0.131,770.99,0
37,19,0,1391.13,0.0189,786.65,0
42,11,2,1771.32,0.0214,1784.3,0
28,7,0,1226.49,0.0129,714.3,1
57,9,2,1816.39,0.1313,1326.37,1
20,4,0,784.07,0.0836,622.45,0
33,7,1,1372.77,0.1412,1073.53,1
62,18,0,1604.39,0.1094,711.02,0
19,12,0,1493.06,0.1098,579.41,0
79,8,0,1630.89,0.0188,1044.45,0
43,2,1,1172.99,0.0164,1083.07,1
42,18,0,1475.16,0.1396,901.02,0
51,3,0,1071.97,0.0724,676.14,0
57,14,1,1528.55,0.1491,1238.15,1
46,6,0,1593.26,0.0485,889.89,0
72,5,0,961.78,0.0932,383.41,1
77,3,0,643.27,0.0859,312.12,0
30,7,1,1904.27,0.0102,1591.6,1
61,13,1,1496.44,0.0778,1199.64,0
36,8,0,1167.88,0.1387,626.67,0
79,0,1,1301.4,0.0681,831.55,0
33,5,1,721.14,0.0709,532.37,0
36,3,1,1412.62,0.1051,940.4,0
62,8,0,1040.83,0.1171,571.62,0
66,18,0,1215.74,0.1242,696.56,0
25,19,0,1209.09,0.0678,577.54,0
52,19,0,400.0,0.0666,261.93,0
39,2,0,1346.99,0.071,727.27,0
55,9,0,1256.69,0.1453,773.06,0
52,0,0,1296.98,0.1394,732.96,0
79,9,1,1294.97,0.0934,1256.92,0
75,11,0,1214.68,0.0426,755.53,0
58,15,1,1401.84,0.1351,1084.4,0
60,6,0,1282.28,0.0256,770.67,0
73,0,0,1342.68,0.016,1136.63,0
29,9,0,1284.83,0.0622,710.63,0
62,8,0,1754.92,0.1028,1011.88,0
65,12,1,1132.2,0.0079,824.36,0
25,1,3,1537.51,0.0469,1061.52,0
72,12,1,1857.89,0.1176,1349.55,1
61,8,1,1303.62,0.0989,1138.97,0
39,14,0,1479.49,0.0127,915.08,0
48,19,0,1240.65,0.0303,936.55,0
48,4,0,1131.66,0.1088,738.9,0
74,15,1,1645.87,0.0175,1297.45,0
78,2,0,1355.53,0.0015,903.54,0
68,19,0,739.8,0.1489,444.05,0
58,9,0,1252.05,0.0921,660.51,0
24,14,2,1201.48,0.0643,1016.42,0
74,15,0,1581.35,0.0896,547.87,0
26,12,1,1876.08,0.1005,1840.29,0
28,7,1,1912.19,0.0743,1310.38,1
22,15,0,1307.25,0.0987,592.05,0
76,9,1,1211.53,0.1063,802.8,0
48,13,1,1446.53,0.0269,1465.69,0
32,12,0,918.08,0.0636,519.7,0
23,9,0,1903.65,0.0457,1118.25,0
43,2,2,1858.31,0.1196,2448.17,1
62,5,1,1441.36,0.1155,1214.58,0
79,18,1,1649.11,0.1216,1109.96,0
52,10,0,1052.48,0.0656,418.03,0
55,12,1,1017.61,0.0863,824.47,0
69,5,1,686.02,0.1058,427.09,0
73,14,1,1374.92,0.0483,1118.63,0
35,9,0,1137.55,0.1467,628.66,0
79,4,0,1355.79,0.0568,820.98,0
50,2,1,1353.92,0.0806,1154.77,0
75,7,0,1342.17,0.124,529.96,0
25,11,1,1593.33,0.1121,1165.67,1
24,5,1,911.95,0.0752,647.86,0
72,4,0,1460.67,0.0612,863.37,0
59,5,2,1378.03,0.0956,1323.09,0
28,5,3,1805.27,0.0654,1903.8,1
73,14,0,1506.67,0.0888,738.55,1
24,9,2,1808.73,0.12,1252.55,0
60,9,0,1238.75,0.0183,503.17,0
30,3,0,1253.54,0.1046,716.42,0
22,10,0,1467.57,0.0081,909.88,0
67,19,0,749.65,0.1101,390.65,0
70,14,0,914.53,0.0314,602.54,0
24,8,0,1116.22,0.074,608.75,0
23,6,0,800.16,0.04,438.91,0
56,7,0,1118.48,0.0483,468.1,0
19,0,1,1252.1,0.0943,816.99,0
64,0,0,1226.13,0.0647,822.51,0
74,15,0,1182.93,0.0731,872.94,0
64,16,0,1520.8,0.1498,816.91,0
32,19,0,1371.9,0.0182,910.49,0
29,12,1,1328.69,0.0576,1257.1,1
60,18,0,1100.02,0.0795,508.88,0
21,8,2,1485.73,0.1221,1374.15,1
51,5,0,1191.04,0.0424,690.39,0
45,4,0,1955.63,0.0591,1352.99,0
64,4,0,762.74,0.1232,360.14,0
30,14,0,922.12,0.0796,548.08,0
65,0,1,1028.12,0.1284,696.14,0
61,18,0,1280.78,0.0097,778.07,0
32,15,1,1418.9,0.0431,1291.61,0
40,7,0,1028.08,0.0837,770.86,0
22,14,1,1618.84,0.0183,1476.2,0
45,2,0,1310.9,0.0723,600.05,1
34,8,0,1481.43,0.0026,752.03,0
25,2,0,1561.04,0.0757,1065.27,0
52,2,0,560.69,0.138,353.1,0
53,0,0,1405.69,0.1422,744.23,0
23,15,0,812.98,0.0479,377.67,0
29,14,0,1274.82,0.0005,325.64,0
23,17,0,1178.13,0.1368,477.93,0
60,19,2,1490.94,0.0851,1217.44,0
38,19,0,838.61,0.0871,441.55,0
22,19,1,1659.15,0.1223,1284.34,0
29,0,0,812.85,0.059,511.57,0
78,15,1,1575.16,0.063,1764.54,0
33,14,0,770.43,0.1277,368.55,1
60,3,0,1194.64,0.0737,451.23,0
47,2,0,1741.32,0.1104,806.92,0
29,19,0,1908.49,0.1358,1489.24,1
37,17,0,714.38,0.059,399.65,0
18,6,1,1138.64,0.1333,994.05,0
64,1,1,1193.2,0.0491,760.18,0
38,6,0,1876.52,0.1394,947.18,0
48,0,0,1179.5,0.0458,467.13,0
27,13,0,1522.4,0.0351,795.12,0
69,7,0,1289.91,0.1081,721.34,0
31,0,0,840.24,0.1383,557.69,0
53,19,0,642.06,0.1152,400.81,0
72,16,0,1016.07,0.111,843.64,1
62,18,0,1895.06,0.146,1025.41,0
55,19,0,1277.28,0.0836,748.14,0
73,0,0,1516.31,0.1331,843.47,0
28,15,0,774.53,0.0056,376.09,0
77,15,1,1252.43,0.0198,969.23,0
52,15,0,1433.65,0.0407,757.06,0
43,5,0,872.65,0.1419,679.11,0
33,7,0,1180.81,0.0295,562.66,1
64,18,0,936.07,0.0575,488.01,0
78,1,0,1447.93,0.0053,630.02,0
60,12,0,1319.55,0.0117,787.86,1
20,15,2,1705.02,0.0874,1134.86,0
47,15,0,1461.32,0.0147,814.1,0
63,11,0,1131.7,0.1349,499.84,0
42,15,0,1500.97,0.1329,687.97,0
65,18,0,1023.05,0.0933,489.88,0
61,15,0,1387.72,0.0594,895.98,0
22,2,0,608.71,0.1332,333.3,0
52,4,0,976.09,0.0732,531.45,1
28,6,0,1894.74,0.0286,1183.14,0
48,6,0,1383.3,0.0518,676.42,0
41,7,1,1533.4,0.0545,737.91,0
68,4,0,952.83,0.087,426.77,0
71,13,0,871.74,0.0602,459.39,0
46,2,0,1120.69,0.1227,619.25,0
51,15,0,1179.86,0.094,736.2,0
56,13,0,1774.34,0.0378,961.74,1
58,19,0,1505.68,0.0603,1029.66,0
57,0,0,1232.68,0.1085,739.41,0
66,5,0,1219.71,0.0363,513.55,1
78,17,1,1577.44,0.0137,675.75,0
69,9,0,804.36,0.1067,366.93,0
26,11,1,773.6,0.061,566.99,0
47,0,1,1573.02,0.0186,1207.96,0
46,15,0,1221.6,0.0719,667.43,0
49,5,0,806.37,0.084,460.91,0
50,19,0,571.54,0.0039,415.32,0
62,7,0,1468.16,0.1187,821.53,0
44,3,0,1043.53,0.0737,624.49,0
34,11,0,1320.08,0.0038,1013.69,0
46,9,0,1120.87,0.1293,435.37,0
70,9,1,1339.73,0.0878,1344.65,0
37,18,0,1022.32,0.1445,341.93,0
19,7,0,1177.05,0.0422,556.78,0
78,7,2,1673.12,0.0619,1298.62,0
30,12,0,1117.28,0.0994,449.71,0
55,3,0,1100.15,0.1371,593.97,1
67,16,0,1382.26,0.1187,763.45,0
35,4,1,1552.25,0.0965,1283.31,0
39,4,1,1008.75,0.1193,828.62,0
35,0,1,1341.33,0.0142,990.15,0
27,6,0,1042.87,0.1086,727.79,1
27,11,0,1204.12,0.0868,764.4,0
29,14,0,1630.19,0.0411,852.41,0
46,17,1,1457.69,0.0358,1064.38,0
50,15,1,1999.27,0.0432,1255.29,0
18,6,0,1265.88,0.0184,552.82,0
70,16,0,1150.06,0.041,699.07,0
59,3,0,1194.1,0.0107,493.72,0
22,4,1,1392.79,0.1009,956.52,0
70,7,0,1296.86,0.0768,457.01,1
19,10,0,902.41,0.0192,510.74,0
52,4,2,1430.05,0.1046,1073.31,0
46,18,0,982.68,0.0267,614.33,0
49,5,0,1508.89,0.0742,805.32,0
77,7,0,622.3,0.138,338.49,0
75,12,1,1397.07,0.1141,1006.56,0
35,8,2,1044.55,0.0876,802.3,0
53,8,1,1479.67,0.0877,941.99,0
77,19,0,1080.33,0.0096,538.29,0
63,8,0,654.96,0.0641,356.43,0
73,2,0,1482.67,0.0461,740.12,0
44,14,1,595.08,0.0712,464.29,0
35,14,2,1490.57,0.1427,908.14,0
49,4,0,1407.36,0.118,581.87,0
68,17,0,1613.02,0.0915,1313.15,0
75,7,0,716.95,0.1057,366.79,0
60,3,1,1195.19,0.1096,695.65,0
61,3,1,1675.1,0.0685,1188.27,0
49,14,1,1695.37,0.13,1409.23,0
37,4,2,1884.22,0.0926,1859.22,0
44,9,0,1968.47,0.1107,945.75,0
48,14,1,1197.39,0.0017,770.54,0
68,17,0,1311.71,0.0807,684.67,0
52,9,0,1096.24,0.0546,651.01,0
67,18,0,607.47,0.0083,342.07,0
19,6,0,1173.0,0.0969,544.86,1
64,17,0,601.69,0.1393,303.22,0
49,5,1,1193.75,0.1099,807.16,0
79,1,2,1059.55,0.012,1237.0,0
47,14,1,1481.66,0.0085,1019.61,0
47,15,0,966.44,0.0518,1045.2,0
25,18,2,964.44,0.0358,793.25,0
68,18,1,1609.7,0.0041,819.67,0
61,2,1,1168.87,0.006,894.05,1
71,12,0,1070.37,0.0518,736.42,0
23,14,1,1056.67,0.02,828.5,0
31,12,0,1544.72,0.0292,896.54,0
72,0,1,1431.16,0.1304,945.8,0
20,0,0,1016.07,0.1491,535.55,0
49,13,1,775.79,0.1207,347.28,1
43,17,0,1953.19,0.0349,1294.18,0
76,3,1,1943.81,0.0264,1284.73,0
71,0,0,1632.93,0.0868,1145.97,0
73,8,2,1289.05,0.1176,1005.84,1
35,6,0,1049.72,0.0986,579.51,0
54,19,2,1620.2,0.1206,1805.48,0
61,18,0,931.84,0.073,679.22,0
77,11,0,903.18,0.1482,596.32,0
18,18,0,1637.57,0.118,628.51,0
78,4,0,1183.46,0.0076,511.52,0
40,19,0,864.04,0.0546,554.71,0
25,8,2,1785.8,0.0839,1347.99,0
56,9,0,1027.83,0.0336,582.05,0
66,1,0,606.19,0.0605,352.58,0
26,3,0,859.56,0.0944,504.85,0
20,3,0,1045.05,0.0828,472.14,1
73,9,1,1415.99,0.1292,1238.78,0
75,3,1,1401.52,0.0394,899.78,1
27,2,0,1568.33,0.1382,984.71,1
74,12,2,1428.89,0.0483,1189.94,0
74,17,1,1210.3,0.1381,1267.14,0
79,1,1,1723.51,0.0372,1641.79,0
31,11,0,1493.61,0.0761,1276.5,0
53,19,1,1285.96,0.1398,1276.08,0
79,8,1,1437.61,0.0416,997.85,0
73,3,1,1207.4,0.1273,773.68,0
55,1,0,851.35,0.0752,378.55,1
30,18,0,1859.17,0.063,1094.15,0
23,8,0,1037.43,0.0996,581.71,1
34,2,0,1288.5,0.0298,712.82,0
22,17,1,895.4,0.0988,540.87,0
30,16,0,1420.94,0.0265,852.25,0
22,14,0,838.24,0.1066,433.34,0
65,1,1,1853.39,0.0916,1199.9,0
54,1,0,1739.22,0.021,1002.82,1
50,4,0,1369.69,0.0151,752.48,0
68,3,2,1534.46,0.0911,1001.38,0
43,10,1,1293.78,0.0182,788.01,0
42,7,1,1335.74,0.0938,1059.43,0
30,15,0,1322.77,0.1499,731.09,1
45,2,0,1226.92,0.0184,464.22,1
28,14,1,1644.51,0.0711,1348.41,0
54,18,0,924.51,0.1387,510.8,0
79,2,0,1658.42,0.1406,748.35,0
51,13,1,1223.2,0.0045,762.93,0
36,10,1,1126.24,0.1212,829.99,0
60,1,1,1458.78,0.0358,668.71,1
68,5,0,1327.97,0.112,806.03,0
47,15,0,679.0,0.0533,461.54,0
33,17,0,1055.67,0.0337,703.91,1
62,7,0,548.39,0.0706,385.46,0
29,2,1,1147.29,0.0264,699.87,0
79,4,0,1010.21,0.0636,693.2,0
37,16,0,1289.24,0.0592,759.66,1
39,11,0,963.66,0.1444,454.99,0
63,8,1,1184.69,0.0813,927.34,0
18,0,0,1591.17,0.1046,968.85,0
30,15,0,1819.26,0.0262,1381.45,0
25,9,1,1073.73,0.1496,972.68,1
42,10,1,1655.78,0.0747,1028.28,0
52,16,0,1316.34,0.0113,786.31,0
29,11,0,678.36,0.0914,404.35,0
39,18,1,1112.65,0.0477,834.21,0
65,11,1,550.0,0.0441,368.96,0
76,6,1,1447.07,0.0476,1465.51,0
18,18,1,1026.96,0.0676,646.43,0
56,12,1,1390.18,0.0431,1383.25,0
19,15,0,1971.29,0.1168,827.23,1
50,4,1,1827.94,0.0268,1207.6,0
72,13,0,969.9,0.0213,630.62,0
67,11,0,897.37,0.0157,405.66,0
32,2,0,1587.89,0.0616,764.92,0
34,5,0,898.56,0.0169,558.02,1
66,18,0,1497.34,0.0038,591.33,0
68,11,0,2020.76,0.0442,1406.4,0
35,15,0,1402.63,0.147,1051.97,0
18,3,0,1555.2,0.0016,1176.45,1
45,4,0,1520.41,0.0096,905.46,0
56,18,1,1182.87,0.0875,774.23,0
45,8,2,1587.06,0.0747,1281.25,0
75,17,1,1063.07,0.0156,802.81,0
68,16,0,1586.98,0.1342,908.79,0
66,6,0,874.46,0.1012,452.22,0
19,18,0,1410.3,0.0742,1080.25,0
70,15,0,1539.52,0.0816,817.78,0
64,2,0,1052.51,0.1194,782.89,1
42,1,0,983.7,0.0147,559.98,0
54,2,0,1149.09,0.14,646.07,0
69,14,0,932.27,0.0169,577.0,0
74,2,0,1246.92,0.0688,769.74,0
52,5,0,924.91,0.0371,501.39,1
20,8,1,1096.63,0.0998,875.38,0
56,2,0,1364.07,0.126,873.36,0
60,6,0,1385.27,0.0925,1075.89,1
21,13,1,1261.95,0.0336,912.7,0
68,19,0,706.07,0.1169,337.02,0
30,9,1,1701.26,0.1414,1059.26,1
73,14,1,1215.48,0.0241,1391.59,0
52,10,1,1968.69,0.038,963.81,0
37,9,0,1160.28,0.0794,510.32,1
21,10,0,1240.73,0.111,695.93,0
19,19,0,1070.47,0.019,528.18,0
63,1,0,1273.02,0.0076,836.75,0
41,10,2,2542.97,0.085,2555.0,1
70,1,0,1095.31,0.1196,549.2,0
32,17,1,1732.9,0.0446,1669.08,0
75,12,0,1227.19,0.0874,549.18,0
76,0,0,1552.14,0.1205,747.36,1
24,12,0,620.43,0.0043,474.14,0
58,8,0,1783.47,0.0504,766.5,0
76,0,0,1302.31,0.0455,778.89,0
38,19,0,1119.67,0.1085,854.95,0
22,7,0,1470.99,0.0999,488.06,1
72,0,0,1243.17,0.124,648.39,1
47,12,1,1005.64,0.0823,866.64,0
19,7,1,623.02,0.0342,420.86,0
70,13,3,2197.82,0.065,2275.2,0
60,3,0,1133.15,0.0594,656.53,0
22,16,0,1016.12,0.1002,603.59,0
34,8,0,1039.44,0.1431,493.67,0
19,8,1,1789.34,0.0687,1487.09,0
77,16,0,1052.97,0.0958,618.3,0
19,10,1,1543.31,0.0267,874.97,0
67,0,1,1249.61,0.0862,811.74,0
49,11,0,823.56,0.1093,346.41,0
54,12,0,1470.39,0.1146,856.33,0
68,6,0,1530.9,0.146,942.32,0
73,3,2,1296.2,0.1481,1173.87,0
25,1,0,1188.67,0.0773,740.38,1
19,16,1,1379.1,0.1291,1009.9,0
25,0,0,1333.54,0.1106,866.64,1
60,11,0,1791.39,0.0787,974.35,0
53,16,1,1252.84,0.0045,1027.88,0
23,7,0,1100.99,0.1466,475.04,1
32,4,2,1447.41,0.1448,950.05,0
51,14,1,1067.34,0.0777,774.31,0
63,12,0,683.35,0.0517,437.25,0
39,0,1,1390.13,0.0168,937.79,0
76,11,0,1358.18,0.0083,861.03,0
79,0,1,1350.74,0.1205,1024.65,1
65,7,0,1181.19,0.0614,437.52,0
46,6,0,930.38,0.0844,826.23,0
72,16,1,1425.72,0.0452,790.31,0
63,19,1,1400.96,0.0921,826.91,0
50,13,0,1342.47,0.1138,942.73,0
45,14,3,1747.1,0.1339,1794.36,0
69,0,0,1318.14,0.0744,630.82,0
52,1,1,1745.63,0.045,1133.06,0
29,15,0,1371.66,0.0115,641.81,0
79,8,0,1344.18,0.1281,639.11,1
22,10,0,677.25,0.128,442.53,0
61,13,0,1516.05,0.053,765.74,0
58,6,0,1110.64,0.0311,500.5,0
54,13,0,1223.76,0.101,586.57,0
21,14,0,818.13,0.1135,442.55,0
48,4,0,1826.96,0.1083,877.6,0
73,13,0,457.74,0.0107,240.16,0
32,3,1,1796.43,0.1476,1373.21,0
60,6,1,1477.55,0.0817,956.9,0
71,15,1,778.41,0.0913,467.33,0
77,19,2,2110.92,0.0068,1593.92,1
50,1,0,1354.13,0.0018,998.19,0
37,12,0,492.51,0.019,424.58,0
61,11,0,1073.26,0.0586,604.43,0
48,12,2,1660.35,0.1417,1666.03,0
56,15,1,1863.97,0.1092,1101.26,0
63,1,1,1227.23,0.1499,777.6,0
62,14,0,405.93,0.102,247.84,0
33,5,1,1787.71,0.015,794.48,1
64,3,1,1499.46,0.1042,1247.77,1
51,8,0,530.23,0.0962,264.28,1
75,0,0,1302.81,0.1329,585.99,0
58,12,0,1334.57,0.0816,804.81,0
73,11,0,1102.59,0.0368,820.99,0
78,10,1,1101.82,0.1099,737.92,0
79,0,0,1017.08,0.113,601.68,1
64,15,0,1102.39,0.0771,673.56,0
55,0,0,1306.42,0.0142,764.83,0
25,5,0,1436.51,0.0621,656.71,0
41,7,0,555.65,0.126,324.23,0
47,14,0,1276.79,0.0455,739.18,0
66,8,1,1496.38,0.1097,618.06,0
54,16,0,1250.74,0.038,828.49,0
45,18,0,1078.54,0.0493,445.52,0
27,15,0,1625.94,0.0506,930.85,0
62,0,0,1603.32,0.0203,1211.95,0
44,15,2,1390.14,0.0527,1149.21,0
20,4,0,1175.08,0.1085,531.91,0
35,17,0,1431.55,0.0602,893.32,0
72,19,0,1584.79,0.045,1170.5,0
25,1,1,1105.34,0.1051,631.38,0
43,1,1,1036.14,0.0773,460.84,1
49,13,0,1282.25,0.0654,906.43,0
23,2,1,1012.93,0.1194,856.77,1
28,19,1,766.5,0.0573,590.25,1
76,10,0,953.89,0.0817,371.37,0
54,11,0,1325.15,0.0048,833.32,0
31,17,0,1666.08,0.0509,1143.15,0
28,4,0,987.37,0.0355,848.04,0
44,11,0,1162.72,0.1329,613.29,0
62,19,0,1246.66,0.0032,718.12,0
63,0,0,1005.42,0.105,364.76,0
30,3,1,1131.85,0.1134,979.46,0
62,2,1,1450.5,0.0499,1249.17,0
73,6,0,840.77,0.0386,508.61,0
32,2,0,969.78,0.0247,686.22,0
19,3,1,1289.22,0.0416,786.16,0
77,17,1,1446.74,0.1371,987.49,0
50,9,1,895.43,0.0065,615.98,0
66,7,0,1160.75,0.0685,806.95,0
37,8,0,812.74,0.0397,567.56,0
36,19,0,994.74,0.1044,591.48,0
31,9,0,1436.59,0.0501,845.3,0
31,9,0,1177.85,0.0519,733.8,0
47,18,0,1700.72,0.0087,887.24,0
24,0,0,1178.34,0.1366,863.34,0
70,9,2,1790.4,0.0782,1419.76,0
49,14,1,1588.43,0.0103,1234.15,0
74,10,1,1346.03,0.1128,851.83,0
49,17,2,1105.3,0.117,1159.42,0
36,17,0,1168.46,0.0692,639.14,1
49,6,0,1040.17,0.1469,877.48,0
27,16,0,1028.57,0.0339,559.61,0
69,4,0,1246.75,0.1266,839.14,0
62,4,0,765.13,0.127,376.36,0
27,19,0,937.85,0.0782,492.13,0
54,0,0,896.38,0.081,495.99,0
51,7,1,1273.73,0.0168,974.29,0
30,12,1,1119.55,0.02,687.53,0
25,8,0,989.27,0.0634,492.46,1
65,16,0,1240.64,0.1377,704.75,0
34,5,1,1216.29,0.0322,939.2,0
50,11,1,1351.44,0.0713,956.61,0
33,2,0,865.29,0.0096,465.81,0
58,4,0,951.47,0.0449,407.13,0
21,3,0,1812.25,0.0558,1117.68,0
40,14,0,990.78,0.1444,654.37,0
51,4,1,718.07,0.029,620.5,0
45,13,0,1302.64,0.0151,749.03,0
55,6,0,987.61,0.0081,488.44,0
29,11,1,1423.15,0.0783,951.46,0
45,17,0,1173.14,0.0779,675.13,0
64,17,0,1364.96,0.0294,758.8,0
38,0,1,1320.11,0.0371,794.86,0
27,15,1,1282.03,0.0478,652.92,0
70,19,0,1544.38,0.0014,771.13,0
66,13,0,534.56,0.1226,282.21,0
60,3,0,802.35,0.1159,476.27,0
67,13,0,952.47,0.048,489.67,0
66,12,0,692.15,0.0861,367.27,0
64,13,0,1056.18,0.0492,602.65,0
49,8,0,1026.58,0.004,783.62,0
19,10,1,1642.41,0.0885,1132.71,0
55,13,0,1173.52,0.1082,480.41,0
34,9,0,1136.1,0.0501,552.83,0
65,15,0,1086.05,0.0362,870.01,0
47,14,0,884.4,0.0396,657.43,0
74,6,1,1617.24,0.0524,1391.48,1
54,12,0,1563.02,0.0701,1003.53,0
52,15,1,986.35,0.1132,811.05,0
74,9,0,1686.02,0.0299,896.89,0
47,14,0,998.71,0.106,662.84,0
41,2,0,974.25,0.1447,651.65,0
41,7,1,1491.84,0.027,1259.39,0
72,14,1,1518.61,0.0761,960.59,0
64,17,1,1328.62,0.0542,887.74,0
28,12,2,1396.11,0.0901,1065.85,0
48,13,1,1701.71,0.1321,1481.04,0
41,6,0,1013.01,0.133,600.59,0
58,14,0,1179.37,0.0665,711.78,0
21,7,0,1708.14,0.1136,1069.43,1
62,1,0,798.88,0.0767,336.1,0
64,4,1,1212.41,0.1158,1031.18,0
32,12,1,1657.54,0.1327,1060.65,0
27,19,1,1508.4,0.1068,982.93,0
56,9,1,1618.21,0.0091,976.19,0
33,17,1,953.13,0.0368,690.54,0
76,15,1,1446.33,0.1179,1017.54,0
66,11,0,1114.44,0.0029,470.83,0
77,16,0,1881.73,0.0777,734.16,0
51,8,0,1442.81,0.0916,773.13,1
76,8,0,1193.3,0.123,783.58,0
18,14,0,1285.77,0.121,828.16,0
35,12,0,1216.29,0.011,829.06,0
18,10,1,1559.7,0.102,1068.94,1
60,8,0,943.11,0.1185,490.32,0
49,19,1,1759.57,0.0158,1227.02,0
35,1,1,952.58,0.0728,797.75,0
36,1,0,1261.51,0.0974,971.84,0
57,9,0,952.72,0.0514,484.86,0
29,0,1,1362.85,0.0556,921.4,1
49,6,1,1646.41,0.0154,1181.17,0
56,11,1,836.3,0.1162,565.47,0
32,8,1,1299.16,0.0356,824.73,0
32,4,2,1068.07,0.0652,904.08,0
39,5,1,1266.19,0.0775,770.75,0
54,12,0,767.28,0.0131,495.01,0
33,19,0,1248.54,0.0647,935.52,0
41,15,1,1222.15,0.0229,823.29,0
51,10,0,1424.14,0.0349,1108.25,0
29,2,1,1718.57,0.0534,1199.17,0
53,4,1,1353.19,0.0735,839.21,1
26,8,0,1468.1,0.0651,939.73,0
26,4,1,1764.74,0.0107,1045.91,1
32,13,0,923.37,0.0526,583.72,0
35,7,0,1630.5,0.0059,957.22,0
19,16,1,1338.92,0.0376,880.61,0
77,5,2,1206.49,0.0128,945.8,0
37,9,0,1289.54,0.0251,604.31,0
67,14,0,1178.37,0.0754,808.2,0
73,4,0,777.9,0.1391,415.16,0
67,15,0,869.69,0.0292,516.45,0
69,11,0,1691.19,0.1096,941.61,0
24,12,0,1283.57,0.0066,686.48,0
41,9,1,1794.54,0.0504,1365.82,0
64,18,0,1075.03,0.0602,664.55,0
53,15,0,959.51,0.0163,550.45,0
18,3,0,695.01,0.0955,373.44,1
53,11,0,1490.39,0.0219,669.19,0
67,18,1,1473.19,0.1201,930.95,0
69,5,0,1077.74,0.0887,565.67,0
41,10,1,1112.2,0.1112,795.55,0
32,15,1,1688.06,0.0246,850.01,0
37,5,3,1596.82,0.0476,1849.0,0
36,10,0,1150.04,0.1058,684.28,0
39,11,1,1169.77,0.068,742.41,1
36,3,0,1077.76,0.0949,500.69,0
46,3,0,1365.04,0.062,663.96,0
20,11,0,775.07,0.1008,331.9,0
35,3,0,1224.22,0.0962,638.29,0
37,18,0,1486.68,0.0449,800.32,0
27,10,0,1174.57,0.1323,787.57,0
72,14,0,1516.27,0.1099,930.27,0
59,7,0,1602.18,0.0102,1147.28,1
74,5,0,1471.07,0.0057,839.49,0
52,9,1,1188.82,0.1074,706.43,0
24,14,0,1189.37,0.0948,940.04,0
74,7,1,1453.73,0.1387,972.53,0
46,5,0,1059.08,0.1013,433.82,1
60,2,0,1049.07,0.0312,611.75,1
41,10,0,1031.01,0.0063,418.6,0
48,13,0,1963.07,0.0799,1077.01,0
48,10,0,1118.67,0.0744,567.61,0
35,5,1,1670.6,0.1406,1322.66,0
52,4,0,939.18,0.1063,634.17,0
63,7,0,1710.53,0.135,894.45,0
19,6,0,1086.43,0.1135,560.05,1
26,4,0,1215.89,0.0991,789.55,0
70,18,1,800.18,0.0845,489.41,0
53,6,1,1684.98,0.087,1216.98,0
78,5,0,1599.97,0.0761,994.9,0
55,12,0,843.82,0.1258,401.99,0
58,16,0,1552.44,0.0352,815.71,0
73,9,0,798.81,0.1373,454.82,0
58,13,0,1389.62,0.0839,1011.85,0
38,1,0,1113.61,0.0656,487.88,0
50,10,0,1600.88,0.0317,867.03,1
32,1,0,1274.76,0.0414,932.5,0
38,2,0,1479.44,0.0876,1002.54,0
60,11,0,1571.33,0.0228,829.79,0
27,4,0,1112.69,0.0005,612.09,0
59,0,0,1191.33,0.0389,728.74,0
54,3,0,866.65,0.0456,532.33,0
37,15,0,1109.99,0.1412,815.94,0
20,11,1,1928.12,0.0873,1723.86,0
61,7,0,1426.73,0.0609,603.83,0
69,19,0,886.62,0.1475,359.61,0
63,7,0,1689.43,0.0551,845.57,0
44,17,0,1316.7,0.1437,507.24,0
58,6,0,1449.13,0.1412,1051.33,1
43,0,0,1347.16,0.1035,557.34,1
40,2,2,1625.93,0.0788,1329.34,0
38,5,0,600.69,0.1233,281.59,0
31,3,1,1682.09,0.0486,873.14,0
78,3,2,823.7,0.0552,905.42,0
59,7,0,1504.8,0.031,748.2,0
28,19,0,1229.87,0.0383,1004.93,0
71,4,1,1600.64,0.0205,1511.66,0
27,4,1,1397.52,0.1276,995.8,0
54,19,1,1663.13,0.0002,779.88,0
28,4,0,1204.84,0.0637,628.08,0
40,16,0,1284.28,0.0546,1132.0,0
58,12,0,1321.43,0.0582,803.29,0
79,18,1,1913.59,0.1266,1319.49,0
79,11,0,1380.08,0.1232,681.44,0
73,11,1,954.94,0.0995,813.07,0
32,4,0,1030.81,0.1034,619.33,0
23,11,1,1529.4,0.1205,1154.17,0
74,13,1,1727.92,0.0578,1546.3,0
75,19,0,983.35,0.0676,681.33,0
35,1,0,1871.96,0.0367,1140.01,0
19,3,0,1252.68,0.0357,508.91,1
58,0,0,1326.17,0.1402,608.01,0
22,15,1,973.78,0.1141,613.75,0
20,1,0,1534.64,0.0679,849.97,1
76,18,0,1066.26,0.0058,802.97,0
48,7,0,976.24,0.1114,821.25,0
24,5,0,1104.84,0.1423,666.74,0
58,19,1,1764.83,0.139,1404.7,0
40,14,0,1339.72,0.1071,552.57,0
51,10,0,933.27,0.0972,478.54,0
73,17,0,1040.89,0.0181,519.99,0
32,15,0,1622.87,0.0128,797.3,1
58,12,1,1279.09,0.0398,1024.1,0
69,6,1,1518.12,0.0846,989.07,0
44,19,1,1591.54,0.137,776.78,0
78,14,1,550.0,0.1307,464.13,0
45,18,0,1579.32,0.0459,1121.08,0
46,19,1,1094.29,0.0549,826.53,0
72,10,0,1091.82,0.0466,589.08,0
57,7,0,1661.8,0.0795,774.63,0
71,18,0,1634.08,0.1213,771.22,0
67,19,1,1497.83,0.1175,1323.05,0
62,2,0,1418.53,0.1329,681.51,0
32,12,0,1493.39,0.0783,1246.3,0
42,12,0,1629.03,0.0987,1099.12,0
71,14,2,1967.23,0.1431,1827.58,0
56,19,0,1232.31,0.1013,1183.42,0
35,5,0,978.8,0.0251,704.91,0
38,19,0,1123.45,0.049,575.18,0
66,12,0,1238.16,0.0114,562.99,0
29,1,1,1334.08,0.0166,873.86,0
24,10,0,896.33,0.0738,489.98,0
65,2,0,1331.04,0.1108,638.2,0
35,19,0,729.66,0.0283,325.15,0
65,15,0,1225.62,0.048,716.87,0
51,18,0,1244.85,0.0505,829.66,0
79,12,0,1234.57,0.126,998.87,0
50,7,0,1455.36,0.0276,824.64,0
71,8,0,1415.58,0.0051,891.05,0
70,18,1,2016.8,0.0936,993.03,0
31,3,0,1044.69,0.079,692.15,0
79,17,1,1433.8,0.0004,835.51,0
64,8,0,1264.57,0.1147,749.98,0
24,11,1,1400.46,0.0636,989.95,0
18,13,1,970.54,0.0822,659.32,0
34,1,1,994.96,0.1006,527.25,1
19,2,0,1201.94,0.0077,576.45,0
40,3,1,877.23,0.0259,516.77,0
79,15,0,1099.74,0.0695,544.91,0
47,1,0,1005.74,0.0258,710.93,0
19,12,0,1110.61,0.0175,577.51,0
48,2,0,1539.7,0.0487,750.97,0
31,15,0,876.5,0.064,556.94,0
71,19,0,1460.94,0.1275,870.23,1
23,8,2,1328.61,0.0892,1731.57,1
65,4,0,1065.97,0.1394,728.12,1
45,8,0,1339.66,0.0686,502.2,0
19,13,0,1117.76,0.0709,732.69,0
59,14,0,932.26,0.0467,596.72,0
46,12,0,1088.92,0.0122,846.78,0
65,11,1,817.01,0.0258,559.86,0
56,12,0,1314.36,0.0102,913.23,0
66,4,0,400.0,0.1055,207.92,0
46,4,0,1466.41,0.0524,867.19,0
18,18,0,1384.58,0.0047,625.64,0
26,11,0,1680.43,0.1128,712.31,0
46,17,1,2004.62,0.0382,1700.81,0
42,12,0,1480.73,0.134,826.84,0
67,9,2,1311.78,0.1235,881.32,0
43,11,0,1851.79,0.0456,1216.11,0
71,13,0,841.82,0.0354,271.79,0
29,3,0,629.19,0.149,298.59,1
41,9,2,2055.74,0.1229,1280.08,0
64,14,0,1380.47,0.139,979.08,0
25,1,0,637.25,0.0026,326.05,0
37,1,0,793.39,0.0897,449.75,1
64,3,0,1365.39,0.04,809.68,0
54,11,0,939.01,0.0562,615.94,0
66,4,0,982.16,0.0137,629.81,0
49,8,0,1789.93,0.1123,1172.37,0
71,2,1,1994.46,0.0788,1348.51,0
72,5,0,1244.03,0.1188,823.31,0
78,0,1,1304.85,0.0175,816.06,0
25,16,0,1470.74,0.1496,757.27,0
54,9,1,1181.52,0.0523,619.51,1
25,3,0,530.84,0.1427,414.2,0
32,10,0,400.0,0.1015,182.97,0
36,18,0,1177.92,0.0163,871.55,0
58,16,0,1464.56,0.1173,909.94,0
44,17,1,1354.8,0.0841,1005.25,0
71,8,0,1442.99,0.0283,866.51,0
36,7,1,1622.95,0.0281,935.12,0
56,6,0,1615.81,0.143,1243.03,0
65,6,0,1255.88,0.1498,651.88,0
78,18,0,1282.76,0.0864,876.51,0
33,2,2,1488.96,0.0281,1159.35,0
63,17,0,1122.48,0.051,470.42,0
23,18,0,728.39,0.0318,604.33,0
51,16,1,1701.6,0.0911,1075.3,0
43,12,1,1234.87,0.06,965.66,0
77,17,0,1067.69,0.0567,325.16,0
65,0,2,1337.51,0.1202,1144.61,0
75,16,0,797.88,0.1445,502.39,0
70,10,1,1324.34,0.0296,971.56,0
43,19,0,1354.93,0.0622,741.37,0
63,1,0,988.41,0.0805,528.74,0
19,18,1,1661.28,0.0369,1409.77,0
52,11,0,1089.48,0.0603,469.34,0
20,2,0,740.2,0.0084,393.93,0
62,10,1,1762.11,0.0062,1673.93,1
77,0,0,1259.54,0.118,522.47,0
60,1,0,1458.98,0.0509,796.96,0
70,10,0,1466.06,0.1061,656.08,0
32,16,1,1066.17,0.0124,807.35,0
79,2,1,1193.43,0.1006,856.56,0
52,5,0,1510.29,0.098,697.75,0
59,7,0,1750.57,0.1232,981.57,0
65,10,0,1218.99,0.0307,689.2,0
57,0,1,1161.84,0.0827,733.36,0
37,12,0,1704.7,0.1352,875.18,0
55,9,0,1012.01,0.033,496.06,1
58,19,1,1448.69,0.0187,654.61,0
71,6,1,1221.67,0.0517,1048.47,0
47,9,0,1280.72,0.1448,907.55,1
49,1,0,916.36,0.0236,360.31,0
49,18,0,1087.6,0.0179,772.74,0
25,16,1,1161.81,0.1497,897.63,0
23,7,1,1548.67,0.059,885.76,0
19,9,1,1398.96,0.0224,956.58,0
59,17,0,1464.06,0.0838,709.43,0
43,5,1,1102.27,0.0021,945.31,0
71,4,0,1137.46,0.0638,528.29,0
61,4,0,1387.51,0.0054,1183.76,0
26,14,0,1457.61,0.0848,1025.43,0
24,4,0,766.26,0.0937,334.67,0
40,1,0,1295.34,0.0005,1003.07,0
75,3,0,956.02,0.0769,617.3,0
21,19,0,1472.79,0.1417,797.43,0
29,17,1,1908.15,0.0597,1557.38,0
19,19,0,416.42,0.1432,279.56,0
43,5,3,1453.22,0.1445,1277.44,1
79,8,0,1279.13,0.036,843.48,0
60,9,0,1198.85,0.0866,613.5,0
48,10,1,1631.9,0.1245,1369.33,0
26,0,1,1373.72,0.1064,953.1,0
40,11,1,1191.08,0.114,694.28,1
50,0,2,1193.9,0.0391,1175.51,1
35,5,1,993.44,0.1377,656.65,1
61,5,0,977.18,0.0353,562.38,0
78,13,1,1180.47,0.0967,913.39,1
30,17,0,1315.13,0.1327,984.51,0
33,13,1,1302.98,0.0539,851.48,0
25,8,0,1004.73,0.0828,473.17,0
62,10,0,897.21,0.1036,695.79,0
46,10,0,989.21,0.1393,552.33,1
35,2,0,1030.79,0.0672,515.77,0
31,19,0,975.56,0.0905,585.27,0
22,18,1,1551.93,0.0213,1033.03,0
47,4,0,1610.41,0.0098,851.75,1
60,2,0,847.18,0.0032,790.96,1
32,3,0,1535.78,0.0715,703.31,0
18,12,0,1407.97,0.0819,589.28,0
47,0,0,1253.96,0.013,894.06,0
59,2,0,1658.0,0.0272,857.59,0
39,12,0,1148.92,0.0399,683.35,0
33,2,0,1320.57,0.1337,837.21,1
27,1,0,1237.12,0.0149,486.47,0
64,0,0,1214.81,0.0735,851.56,0
71,14,0,1337.7,0.1184,667.17,1
65,7,0,1213.93,0.1305,990.29,0
50,5,0,1339.84,0.104,637.57,0
62,12,1,1149.05,0.0398,1120.53,0
42,3,0,1008.43,0.0182,797.99,0
19,10,0,997.69,0.0237,504.79,1
40,9,0,1090.56,0.1155,585.81,0
61,13,0,1503.99,0.0445,788.14,1
58,12,0,1061.34,0.0507,802.57,0
79,13,0,1395.74,0.0263,807.28,0
79,4,0,1279.63,0.0652,794.31,0
33,2,0,1067.57,0.0502,578.85,0
18,10,1,1742.75,0.0536,1365.63,0
35,1,0,1420.83,0.0051,882.74,1
72,9,1,1350.53,0.0694,854.59,0
68,12,0,1175.66,0.0168,935.13,0
24,16,0,1228.12,0.0804,657.93,0
27,13,1,891.14,0.1004,780.73,0
52,19,1,1102.51,0.0819,610.77,0
58,11,0,1338.75,0.022,856.54,0
78,8,0,725.12,0.0925,500.65,0
64,4,0,975.71,0.0619,574.18,0
31,13,1,1232.24,0.0539,1089.52,0
20,16,0,2071.1,0.0223,1003.23,0
57,6,0,1402.12,0.1491,859.93,0
52,1,1,1679.2,0.0589,883.29,1
75,0,0,958.46,0.0685,550.95,0
53,12,0,1308.62,0.0142,623.13,0
49,13,0,671.95,0.1013,369.83,0
36,2,0,1100.82,0.0424,809.38,0
23,0,0,1351.61,0.111,1067.66,0
72,13,1,924.73,0.0101,510.17,0
69,7,0,1317.94,0.0445,943.39,0
28,8,0,1342.82,0.1118,991.24,0
61,5,0,1019.25,0.0594,606.9,0
40,14,0,949.56,0.0051,695.2,0
45,14,1,1135.43,0.1184,745.08,0
70,1,0,1095.92,0.1448,551.79,0
70,1,0,1104.97,0.0565,556.83,0
29,11,0,1352.88,0.0932,870.78,0
37,12,2,1339.68,0.0559,1140.44,0
68,2,2,1980.64,0.0832,1489.88,0
74,3,0,1678.46,0.1108,819.47,1
22,13,1,1420.86,0.0949,1013.32,0
69,9,0,1096.61,0.0472,516.33,0
48,2,1,1190.02,0.0293,969.83,0
54,12,0,1295.03,0.0817,917.74,0
22,1,0,1347.51,0.0989,913.59,1
60,4,0,1139.7,0.0862,1138.36,0
60,14,0,1082.06,0.0192,655.5,0
59,4,0,1305.82,0.0533,1022.73,0
67,1,0,1220.71,0.1117,706.66,1
76,19,0,1028.36,0.022,542.75,0
70,4,0,1233.91,0.1325,705.12,0
64,10,0,1018.42,0.07,587.51,0
78,16,0,974.5,0.1187,530.49,0
59,19,0,1198.51,0.0511,538.58,0
59,16,0,1027.6,0.0539,471.4,0
51,6,0,980.1,0.1451,686.01,0
65,17,1,1663.71,0.0851,1401.58,0
22,0,0,1082.34,0.0153,861.98,0
49,6,0,1753.01,0.1436,904.28,0
44,3,0,1387.99,0.0562,702.75,0
74,10,0,953.79,0.1065,422.93,0
22,17,1,1697.93,0.0193,1495.3,1
57,15,1,1135.01,0.1283,677.02,0
29,19,2,2092.0,0.1439,1804.69,0
72,2,0,1267.86,0.0574,753.2,0
70,15,0,1362.77,0.0217,556.23,0
32,14,0,1209.29,0.0836,788.22,0
72,9,0,1279.76,0.0243,873.97,0
48,1,0,1131.27,0.0663,667.18,0
78,2,1,1072.26,0.0934,751.36,0
63,18,1,1451.9,0.0209,1028.54,0
20,5,0,1507.44,0.1422,1113.0,0
30,12,1,992.81,0.1058,715.46,0
43,18,1,1812.14,0.0542,1286.85,0
31,9,0,1380.34,0.0624,671.4,0
26,4,0,1068.93,0.1272,340.77,0
78,9,0,1063.57,0.0714,738.97,0
71,4,0,1759.25,0.1481,981.09,0
44,3,2,1781.62,0.0093,1298.08,0
31,16,1,1692.02,0.0407,1839.9,0
29,6,0,1124.68,0.0778,685.22,0
74,13,0,1366.65,0.0204,731.81,0
38,14,1,1454.81,0.0534,1271.55,0
18,10,0,1147.6,0.078,689.26,1
42,10,0,1232.78,0.0391,737.55,0
46,3,0,1533.02,0.0247,757.38,0
56,10,0,1679.88,0.0403,1077.44,0
38,15,0,1124.55,0.0124,757.33,0
75,3,0,806.08,0.0294,398.67,0
57,4,1,1843.08,0.0092,899.59,0
79,13,1,1846.85,0.1429,1592.36,0
40,19,0,1320.12,0.0242,835.29,0
58,7,0,1737.79,0.0002,1147.56,0
40,16,0,1298.28,0.1436,731.16,0
61,3,1,1077.28,0.1138,931.19,0
64,11,0,806.36,0.0401,394.87,0
37,18,2,1103.49,0.1318,922.74,0
76,8,0,1201.37,0.1307,543.72,0
71,10,0,1060.13,0.1111,745.64,0
73,3,0,1026.34,0.0888,567.37,0
31,10,1,1317.93,0.0877,984.28,0
62,11,0,1457.39,0.1453,886.84,0
24,19,0,1035.9,0.0698,551.1,0
24,4,0,985.38,0.1213,648.15,1
78,7,0,1055.7,0.0169,820.71,0
27,12,0,1476.28,0.1051,1002.07,0
71,18,1,1328.99,0.1484,671.32,0
44,4,1,1433.97,0.0015,1045.12,0
36,13,0,1665.91,0.0387,958.89,0
22,17,1,2202.98,0.1177,2013.73,0
59,12,0,1392.12,0.1101,696.01,0
62,8,2,1662.41,0.1101,1171.89,0
46,4,0,844.64,0.1474,557.04,0
68,5,0,1310.55,0.0144,728.48,0
38,1,0,1218.6,0.1013,600.23,1
52,3,0,1467.67,0.0962,777.44,1
35,8,0,1082.45,0.0309,455.49,0
54,2,1,1410.22,0.0319,1040.29,0
26,0,0,1381.57,0.0975,725.47,0
47,13,1,1919.56,0.0982,1522.6,0
52,1,0,1669.13,0.09,893.97,0
52,2,0,1579.82,0.0693,887.82,1
45,11,0,1418.14,0.1031,722.45,1
57,18,0,1070.6,0.0483,567.73,0
49,14,0,1417.96,0.0354,631.2,0
35,0,0,968.32,0.0893,664.22,0
31,3,2,1438.13,0.0926,1237.93,0
58,14,0,1733.51,0.1218,649.81,0
76,14,0,1361.39,0.0624,553.24,0
64,7,3,1718.1,0.1146,2162.94,0
57,18,0,1306.71,0.1377,722.87,1
75,17,0,1171.85,0.0638,651.29,0
73,14,0,553.25,0.0814,308.55,0
49,14,0,820.68,0.1365,504.82,0
24,15,0,1385.17,0.045,1049.74,0
57,2,0,923.84,0.1084,563.5,1
56,14,0,1167.72,0.0866,692.9,0
35,18,1,981.77,0.0621,624.42,0
70,4,1,1134.41,0.1296,594.11,0
71,0,1,1348.72,0.0235,1057.36,0
38,7,0,1477.16,0.0053,921.06,0
47,5,0,1537.3,0.0311,1068.83,1
30,18,0,979.61,0.1314,769.84,0
29,8,2,1592.01,0.0515,1095.77,1
34,13,0,772.37,0.1026,381.18,0
40,19,0,1216.92,0.0346,776.14,0
34,15,0,1486.0,0.0736,829.38,0
27,14,0,1179.89,0.0784,878.71,0
45,19,1,1744.71,0.0368,1196.74,0
56,13,0,1451.08,0.0581,1208.18,0
38,4,0,1272.4,0.0393,717.99,0
51,14,0,1125.09,0.0151,869.36,1
34,6,0,1039.7,0.0647,358.5,0
61,6,0,762.61,0.0845,469.01,0
58,12,0,811.45,0.0135,454.9,0
77,6,0,1498.48,0.0537,550.09,0
21,0,0,1654.11,0.0694,920.17,0
70,19,1,1025.69,0.1399,570.95,0
39,11,0,1220.46,0.0915,613.79,0
22,13,2,1027.66,0.1413,948.15,1
60,16,0,906.96,0.0787,493.8,0
28,12,0,1277.95,0.1205,765.77,0
28,12,1,1194.39,0.0144,878.79,0
78,15,0,625.14,0.0847,558.61,0
31,5,1,1865.66,0.0529,1401.01,0
51,16,0,1185.26,0.1093,676.43,0
30,14,0,868.68,0.1316,527.3,0
25,3,0,1238.41,0.1068,687.42,0
18,2,0,1175.74,0.0132,477.93,0
18,17,0,1326.55,0.0932,850.06,0
47,17,1,1248.04,0.1116,1151.93,0
44,19,1,1444.28,0.0045,1405.49,0
20,2,0,1483.09,0.0255,949.9,0
39,17,0,804.54,0.102,425.43,0
34,17,1,1142.02,0.0472,858.23,0
53,15,0,1451.78,0.0093,1157.97,0
79,9,0,1034.58,0.1334,552.01,1
60,10,1,1325.5,0.1428,744.39,0
74,8,0,1058.88,0.056,919.14,0
29,0,0,1077.59,0.1489,490.52,1
31,10,1,1202.12,0.1285,625.91,1
64,4,0,822.39,0.0834,489.14,0
37,4,1,1487.76,0.1121,1151.14,1
70,1,0,1518.69,0.1404,928.73,0
46,9,0,1147.05,0.1091,762.96,0
30,0,1,1634.84,0.0506,1128.55,1
70,16,2,1352.68,0.029,1140.05,0
52,17,0,1034.97,0.0648,514.96,0
67,16,0,1323.21,0.028,758.83,0
46,6,0,1328.21,0.0032,825.98,0
25,3,0,1166.17,0.0684,780.11,0
60,10,0,1402.98,0.0494,654.19,0
25,13,0,813.91,0.0143,353.97,0
59,0,0,1108.81,0.1307,738.52,1
43,17,0,1489.45,0.0184,747.67,0
67,8,0,1488.64,0.0946,682.11,0
71,16,0,1450.81,0.0854,559.17,0
43,1,0,1506.22,0.1468,1113.7,0
72,8,1,1238.24,0.0381,932.91,0
24,9,1,838.44,0.0353,666.72,0
24,0,0,1122.36,0.0941,683.53,1
79,14,1,1540.8,0.0837,1146.3,0
53,18,0,1439.83,0.1218,799.7,0
45,10,1,1192.12,0.026,838.12,0
27,7,0,909.6,0.0451,417.48,0
35,12,2,1239.45,0.0008,755.8,1
60,7,0,1036.9,0.1082,906.62,0
68,7,0,630.86,0.0488,354.7,0
74,15,1,1191.86,0.0354,778.59,0
43,11,0,1214.36,0.0907,577.31,0
46,5,0,1170.63,0.0378,805.79,0
28,8,1,1250.92,0.0085,918.1,0
23,16,1,1143.22,0.0354,685.84,1
45,10,0,1028.16,0.1275,539.92,0
53,1,0,1033.46,0.0893,613.72,0
24,17,0,1411.64,0.0707,729.08,0
43,14,0,1199.72,0.0737,787.97,0
57,5,0,2150.05,0.1495,1834.76,0
68,19,0,1100.3,0.0047,564.28,0
76,19,0,1331.36,0.0242,701.75,0
39,19,1,1256.99,0.1298,759.16,0
42,7,0,1099.7,0.0802,595.08,0
72,18,1,1818.71,0.1493,876.15,0
60,16,0,1499.26,0.1026,1042.31,0
34,17,1,823.59,0.1085,449.69,0
60,10,0,893.24,0.087,424.2,0
27,5,2,1459.13,0.0026,1287.93,0
45,4,0,1044.87,0.1362,767.96,0
37,19,0,747.5,0.0785,351.6,0
79,10,0,1234.74,0.0014,663.74,0
20,18,0,636.56,0.0315,376.68,0
71,11,0,1238.03,0.0526,603.99,0
35,10,1,1568.99,0.0429,1092.05,0
20,1,2,1761.82,0.0042,1112.58,0
58,8,0,1156.71,0.042,580.8,0
60,11,1,1803.24,0.1344,1644.44,1
26,2,1,1449.49,0.0883,1216.61,0
20,3,0,1453.75,0.049,742.3,1
24,11,0,979.12,0.0132,446.14,1
43,4,0,1656.49,0.1127,885.89,1
26,14,1,1349.11,0.1078,717.8,0
61,9,0,1673.03,0.0004,897.53,0
22,8,1,1757.45,0.149,1154.4,0
66,2,0,1277.29,0.0398,651.83,0
72,8,1,1471.71,0.0394,1020.12,0
62,10,1,1296.02,0.0452,1028.79,0
76,11,1,1104.25,0.1443,639.65,0
76,5,1,1528.56,0.1262,1319.93,0
20,0,1,1513.21,0.0956,1351.22,0
39,18,0,714.4,0.0741,618.93,0
65,19,2,1475.17,0.0491,1358.63,0
39,18,0,1460.4,0.0503,1094.09,0
63,5,1,1789.72,0.0488,1551.27,0
66,12,1,1567.59,0.1294,1161.08,1
79,2,0,744.82,0.1022,325.82,0
38,18,0,883.67,0.061,589.77,1
39,0,1,1246.2,0.149,932.18,1
19,9,2,1919.64,0.0266,2382.25,0
35,17,1,1167.88,0.0115,965.56,0
35,14,0,1517.58,0.0552,1045.91,0
46,17,0,1013.06,0.1473,503.54,1
44,9,0,1359.79,0.0036,796.8,0
71,1,0,917.99,0.0122,348.65,1
65,0,0,1141.86,0.0512,711.89,0
63,3,0,860.52,0.1481,612.59,0
18,1,0,1632.93,0.0515,1203.66,0
47,8,1,1141.54,0.1017,758.14,1
63,1,2,1035.86,0.1296,625.58,1
33,3,0,712.1,0.1006,356.84,1
44,8,0,1174.37,0.0135,645.18,0
63,14,1,1212.58,0.0223,938.23,0
67,13,1,1544.62,0.0388,733.9,1
70,1,0,1129.47,0.1194,617.2,0
44,18,0,1549.79,0.1203,702.73,0
42,10,0,1084.38,0.0255,808.09,0
41,6,1,1657.94,0.0569,741.05,0
59,7,0,914.23,0.021,624.67,0
44,16,0,749.0,0.071,404.82,0
42,9,0,953.0,0.0546,353.13,0
28,4,0,861.38,0.1488,672.25,1
47,8,0,827.81,0.0583,605.12,1
32,1,0,1324.1,0.0075,948.7,0
50,3,1,1270.71,0.0781,923.05,0
73,6,0,1242.53,0.1361,606.19,0
66,4,0,1358.26,0.0554,767.84,0
47,6,1,844.29,0.1228,671.44,1
78,1,0,1370.98,0.0625,686.36,0
78,12,0,838.44,0.0853,394.09,0
45,2,1,1176.95,0.0754,926.15,0
65,4,1,782.36,0.1311,580.06,0
39,19,0,1396.37,0.0852,937.69,0
72,0,0,693.28,0.0569,524.6,0
41,5,1,989.97,0.115,837.71,1
34,10,0,861.73,0.0076,381.87,0
26,6,1,1311.37,0.0409,932.58,0
70,6,0,1152.22,0.043,694.68,0
36,2,1,1593.57,0.0853,1335.82,0
68,8,0,1168.63,0.1251,774.18,0
23,15,1,1639.73,0.0831,1155.63,0
49,11,0,1313.8,0.0687,664.61,0
44,18,0,916.36,0.0098,625.62,0
45,13,0,999.84,0.1455,601.68,0
28,15,0,1653.18,0.0443,975.9,0
22,8,0,1568.23,0.0194,760.04,0
39,12,0,1447.22,0.1249,1229.01,0
47,11,0,1486.65,0.1336,871.92,0
67,16,0,1339.54,0.0448,734.6,0
46,10,0,1300.53,0.0823,762.77,0
33,8,0,1214.91,0.1175,660.31,0
34,1,1,1859.65,0.0033,1024.66,1
55,17,0,1060.6,0.148,628.24,0
45,8,1,1422.09,0.0486,758.46,0
73,15,1,837.52,0.072,609.59,0
45,13,0,770.78,0.0076,312.74,0
53,0,0,1744.55,0.007,632.7,1
21,13,0,1385.03,0.0167,873.65,0
30,9,1,1286.19,0.0482,735.42,0
70,4,1,1373.5,0.1382,1068.15,0
39,5,1,942.56,0.0773,695.19,0
44,12,1,1221.56,0.0489,896.94,0
54,1,0,762.56,0.0677,375.36,1
21,12,1,1261.41,0.0398,876.13,0
49,16,1,1554.1,0.0936,971.77,1
39,1,0,1335.99,0.0761,900.54,1
27,0,1,1826.74,0.0568,1182.53,0
43,1,0,1288.42,0.1029,684.1,1
45,14,0,456.46,0.0588,295.61,0
29,16,1,1935.2,0.121,1218.51,0
51,19,0,947.79,0.0898,369.63,0
64,0,0,1248.63,0.0303,563.53,0
34,9,0,1230.55,0.0245,848.08,0
77,0,0,1272.27,0.0384,721.75,0
55,7,0,1214.42,0.1377,718.42,1
65,6,3,1669.7,0.1235,1812.18,1
22,12,2,1103.51,0.1458,1369.69,0
65,18,1,2126.09,0.1116,1000.98,0
38,16,0,1395.43,0.1372,759.0,1
62,1,0,1215.56,0.0533,682.37,0
67,4,0,1752.56,0.093,973.97,1
33,5,0,878.42,0.0587,575.15,0
34,5,0,1460.52,0.1297,961.15,0
21,7,0,1033.45,0.1495,552.27,0
55,12,1,1470.7,0.1118,747.94,0
65,14,0,1327.34,0.1172,1223.2,0
43,18,1,649.06,0.1321,462.2,0
27,14,1,920.5,0.0143,667.9,1
37,5,0,1675.93,0.0723,1203.74,0
42,3,1,1274.35,0.1099,839.88,1
74,7,1,1950.47,0.0908,1800.63,0
25,15,0,1593.04,0.081,836.05,0
39,19,1,1283.92,0.0579,1319.78,0
57,7,0,1107.45,0.0331,676.87,0
32,3,1,1844.52,0.1384,1148.96,1
72,0,0,1830.91,0.1101,1580.11,0
74,1,0,1114.02,0.092,701.21,0
41,12,0,1661.45,0.0128,820.8,0
64,11,0,1509.01,0.0168,635.48,0
64,12,0,1560.76,0.0649,1001.29,1
60,0,0,1230.34,0.0189,905.48,0
29,8,0,998.27,0.0223,601.87,0
21,3,1,1033.69,0.0122,787.32,0
39,6,1,958.72,0.0441,933.6,0
26,12,0,1773.27,0.0017,1115.27,0
36,5,1,1353.28,0.1098,845.93,0
57,13,0,856.57,0.0899,422.65,0
54,5,2,1800.73,0.0761,1746.73,0
30,10,1,1206.34,0.148,950.98,0
19,9,1,1154.71,0.0723,1023.44,0
31,7,0,1820.4,0.1304,1093.5,0
46,2,0,800.79,0.0284,511.92,0
66,11,0,1270.51,0.0397,760.06,0
40,19,1,1172.72,0.0493,1014.0,0
35,12,0,974.85,0.1486,631.47,0
52,14,1,910.84,0.1361,616.73,0
22,16,1,1367.88,0.0673,939.24,0
31,0,0,937.83,0.1267,558.33,0
20,15,0,1377.41,0.035,786.02,0
50,4,0,1185.9,0.0889,860.67,0
45,13,0,1106.21,0.0243,643.99,0
54,19,1,1089.44,0.0863,584.33,0
56,17,1,1779.21,0.0333,1001.5,0
42,8,1,1570.7,0.0879,1067.61,1
71,16,0,995.6,0.0643,641.82,1
74,12,0,792.24,0.0838,382.38,0
24,2,0,633.6,0.0242,402.74,0
75,4,0,1541.21,0.076,737.69,1
30,19,0,1472.75,0.0475,848.31,0
33,18,0,1513.97,0.0216,917.82,0
50,17,1,1313.91,0.0751,745.33,0
19,7,0,1441.8,0.0208,870.77,0
40,6,0,1508.16,0.0641,1162.54,1
30,16,0,1179.06,0.0485,632.43,0
47,0,0,1092.56,0.0815,619.04,1
68,17,0,907.11,0.0726,532.48,0
75,12,0,1327.84,0.0202,754.49,0
31,12,1,1517.76,0.0419,1087.38,1
51,8,0,1078.04,0.0835,595.18,0
47,19,1,1263.38,0.1251,658.38,0
43,14,0,1134.81,0.0089,693.26,0
57,1,0,1437.37,0.0136,646.89,0
79,10,1,937.7,0.1195,720.87,0
43,17,1,1018.42,0.051,835.45,0
22,1,1,1024.28,0.0385,792.23,1
74,14,1,1305.44,0.0344,780.0,0
75,4,1,1444.58,0.1456,1097.05,0
37,10,1,1029.34,0.0766,703.22,0
49,17,0,1472.7,0.0241,730.32,0
71,9,0,1638.79,0.0609,1381.65,0
49,0,0,1324.14,0.0391,617.38,0
47,0,2,1836.84,0.0253,1760.2,0
75,14,0,925.45,0.1468,700.67,0
69,18,0,932.59,0.0668,561.79,0
49,5,0,1354.39,0.1037,668.26,1
28,18,0,1188.48,0.1348,593.94,0
45,9,1,1082.03,0.0308,583.43,0
59,1,2,1927.51,0.0192,1704.65,0
34,10,0,1289.64,0.039,738.61,0
51,19,0,1410.65,0.1069,748.65,0
58,5,0,997.72,0.0573,740.14,1
23,19,1,1853.97,0.0734,1312.05,1
53,13,0,1153.22,0.003,471.97,0
63,7,1,1655.72,0.0006,1598.81,0
31,13,0,1025.15,0.0611,454.64,0
52,8,1,1400.59,0.0226,1114.19,0
61,1,0,1367.35,0.1187,873.91,0
20,17,0,1798.62,0.1427,995.97,0
57,7,0,1068.08,0.1389,724.33,0
34,11,0,1260.77,0.0698,720.45,0
42,14,1,1527.56,0.043,1022.18,0
58,1,0,775.55,0.0726,287.64,0
18,14,0,547.7,0.0156,218.0,1
19,7,0,901.25,0.1416,879.79,1
45,10,2,1790.15,0.1007,1815.58,0
76,9,0,1714.92,0.043,1240.95,0
18,15,0,923.1,0.1139,859.37,0
66,3,2,1134.98,0.0368,925.1,0
22,2,0,1660.42,0.1127,909.49,1
48,8,0,1030.37,0.0603,417.36,0
44,2,0,1088.46,0.1296,578.76,1
47,4,0,1637.74,0.1485,866.27,0
23,13,0,1588.41,0.048,827.69,0
64,16,0,1480.22,0.0827,1029.24,0
35,13,0,686.56,0.0357,446.38,0
65,6,0,822.46,0.1201,557.11,0
58,16,0,1536.15,0.0738,678.22,0
52,8,0,1295.37,0.1476,734.12,0
37,3,0,966.68,0.133,583.43,1
58,15,0,1096.63,0.0409,897.79,0
79,10,1,1683.3,0.0179,1240.55,0
75,7,1,1808.28,0.093,1259.97,0
74,13,0,1198.21,0.0477,839.02,0
31,14,0,993.92,0.0381,531.84,0
54,4,1,1267.35,0.0818,1002.39,0
42,2,0,1602.92,0.0807,986.33,1
77,10,1,1747.06,0.0806,1133.56,0
76,1,1,1408.28,0.0441,882.98,0
71,12,0,1041.15,0.0233,577.31,0
28,8,1,1674.83,0.0275,1095.13,1
37,4,1,1836.88,0.108,970.57,0
62,11,1,913.95,0.0702,752.8,0
64,7,1,1280.27,0.0704,1023.13,0
39,7,0,1546.79,0.1465,743.96,0
26,4,1,1372.1,0.1377,827.05,1
26,13,0,1053.42,0.0097,648.15,0
60,18,0,1255.56,0.1197,994.62,1
46,12,1,1461.21,0.0372,1277.81,0
48,4,0,861.95,0.1083,611.51,0
68,16,0,1227.24,0.026,644.34,0
19,2,1,1460.2,0.0218,1131.33,0
64,5,0,1052.75,0.1409,572.08,0
35,0,0,966.15,0.0837,466.24,0
75,16,0,1038.63,0.0524,602.68,0
77,0,0,908.73,0.1337,426.28,0
49,10,1,1605.19,0.0435,986.04,1
37,3,0,904.91,0.0096,461.93,0
32,4,1,1406.71,0.0592,937.33,1
29,12,0,1087.74,0.1061,603.39,0
79,16,0,988.14,0.0993,364.74,0
29,0,0,1611.4,0.0711,746.2,0
45,3,0,1160.76,0.0765,886.79,0
47,5,2,1299.18,0.0794,1125.69,0
60,18,1,1120.46,0.0562,893.81,1
70,1,1,1451.72,0.0124,1124.91,0
52,3,0,1447.98,0.0237,790.66,0
64,8,0,1581.23,0.1086,739.5,0
53,6,0,1149.7,0.1215,574.72,0
45,0,0,1131.68,0.0593,934.25,1
27,10,0,1239.29,0.0494,621.57,0
30,12,0,1250.14,0.0912,984.32,0
44,3,0,968.38,0.0033,497.29,1
20,13,0,1638.72,0.0854,857.86,0
37,1,0,1206.67,0.0704,683.69,0
46,14,0,1360.42,0.0663,732.84,0
47,5,0,1327.34,0.0002,613.9,0
68,4,0,1321.18,0.1414,735.13,1
77,3,0,898.77,0.026,373.61,0
63,17,0,1198.08,0.0169,719.07,0
22,10,0,1884.22,0.0579,1099.74,1
43,13,0,1676.15,0.1168,1081.97,0
63,4,0,1247.1,0.1147,630.06,0
54,1,1,1239.94,0.0768,1024.75,0
46,0,0,534.67,0.0824,325.18,0
45,8,0,1050.8,0.0683,601.49,0
43,6,1,1326.47,0.0038,1404.48,0
53,15,1,1254.81,0.0417,983.02,0
29,15,0,1125.7,0.0583,572.49,0
50,6,0,1386.73,0.0832,1052.12,0
30,8,0,899.89,0.0989,556.08,0
60,7,0,1281.8,0.1481,1020.85,0
71,13,0,1166.92,0.0761,449.32,0
49,12,0,935.31,0.1008,491.45,0
42,13,0,1702.23,0.1441,894.87,0
76,1,2,1724.34,0.0418,1025.93,1
58,6,2,1264.08,0.0681,1134.24,0
44,19,1,1505.18,0.1081,996.3,1
19,6,1,933.16,0.0848,446.09,1
18,3,1,1150.96,0.134,704.03,1
31,3,0,1598.27,0.0849,1176.8,0
32,0,0,1305.45,0.1384,873.63,0
62,15,0,1281.36,0.0223,620.13,0
49,0,0,1496.09,0.1205,719.85,0
79,11,1,1533.38,0.032,1298.71,0
51,7,0,1120.18,0.0074,421.89,0
73,1,0,1480.92,0.0167,930.52,0
52,17,0,693.31,0.0871,268.2,0
40,14,0,999.76,0.0436,774.73,0
62,16,2,1470.91,0.0216,1456.44,0
45,18,0,1364.32,0.0944,526.48,0
35,18,1,1252.5,0.0732,827.6,0
47,14,1,814.78,0.0571,619.0,0
59,10,1,772.66,0.0804,370.25,0
41,13,2,1479.57,0.1292,1273.13,0
61,8,0,1056.67,0.1087,649.24,0
78,3,0,927.01,0.0743,342.02,1
43,7,0,876.82,0.1234,568.0,0
36,9,1,1390.13,0.1294,966.74,0
42,0,0,1590.68,0.0564,1066.23,0
69,16,0,1240.16,0.0225,660.31,0
29,18,0,1594.68,0.0173,720.26,0
78,8,1,1237.8,0.0958,700.56,0
43,9,0,1333.03,0.1404,698.82,0
70,16,0,1605.61,0.0058,862.74,0
66,9,1,1302.64,0.0746,1149.04,1
66,13,0,1207.79,0.0291,637.33,0
74,10,0,1087.65,0.0797,444.22,0
29,5,2,1677.75,0.1285,1328.86,1
54,15,0,1470.68,0.118,605.01,0
24,3,0,1305.38,0.1457,781.21,0
36,4,0,1131.17,0.0727,708.81,0
20,13,0,750.08,0.0995,486.31,1
60,14,1,1335.47,0.1348,896.29,1
55,19,0,1142.41,0.1046,554.2,0
63,14,0,1270.8,0.1446,640.25,0
28,0,0,1235.04,0.0368,676.68,0
38,16,2,1971.72,0.0202,1545.75,0
59,8,1,1141.08,0.0224,1122.57,0
69,0,0,727.42,0.1279,377.25,0
72,11,0,857.24,0.0079,468.65,0
22,3,0,1009.91,0.1215,484.9,0
42,8,1,1674.6,0.0696,1032.04,0
18,9,0,810.83,0.1037,350.74,0
68,1,0,850.86,0.1118,386.51,0
25,17,0,1324.17,0.0637,1074.46,0
68,10,0,1454.79,0.0219,905.05,0
27,19,1,885.23,0.0925,589.81,0
18,9,1,818.38,0.1435,511.7,0
72,11,0,964.04,0.0038,688.69,0
45,16,1,1547.21,0.034,933.37,0
44,4,0,1242.97,0.1312,493.35,0
58,18,1,1125.01,0.0105,882.11,0
35,3,0,1421.83,0.0015,659.15,0
60,19,1,1387.29,0.1317,765.2,1
44,12,0,1167.72,0.1152,523.71,0
34,10,0,715.7,0.0381,433.92,0
42,4,0,968.84,0.145,529.46,1
18,11,0,1787.08,0.1069,818.97,1
36,11,0,1099.11,0.0179,673.69,0
54,19,0,912.96,0.0691,431.73,0
26,16,1,1235.32,0.1298,635.04,0
25,9,0,1235.73,0.1002,530.83,0
58,7,1,1615.0,0.0879,1156.57,0
44,7,1,1536.33,0.0625,936.51,0
26,7,0,997.02,0.0372,568.17,0
64,0,1,1731.47,0.092,1542.15,1
66,0,0,1444.41,0.0231,710.56,0
20,15,0,1066.46,0.1215,1014.31,0
30,5,1,1311.54,0.0314,988.24,0
40,8,0,1380.2,0.0181,743.47,0
63,13,0,1522.41,0.0108,650.48,0
22,12,1,894.4,0.1222,594.77,0
67,7,0,1221.13,0.0702,648.35,0
37,15,1,1340.66,0.0598,1112.75,0
25,3,0,1028.81,0.0782,509.59,1
71,9,0,1027.26,0.0881,624.99,0
23,2,0,1516.31,0.1321,853.24,0
26,10,0,1360.4,0.0516,922.5,1
76,1,0,1831.99,0.0281,1262.04,0
50,18,0,1029.06,0.1304,613.83,0
46,13,1,1391.14,0.0721,1155.86,0
60,4,0,1292.91,0.0869,903.22,0
57,12,1,1618.83,0.0237,1285.18,0
56,6,0,1607.52,0.1293,948.24,0
19,10,0,1228.08,0.1408,743.71,0
52,3,0,871.57,0.0671,671.31,1
35,10,2,1286.74,0.003,1142.33,0
68,2,0,1242.82,0.0041,802.34,0
49,3,0,1536.83,0.0453,749.06,1
25,11,0,766.08,0.0738,577.13,0
72,10,0,849.0,0.0649,518.31,0
35,5,0,1427.15,0.0853,743.2,0
34,1,0,811.91,0.0386,446.74,0
76,8,2,1162.49,0.0315,965.92,0
66,18,1,1690.96,0.1461,1206.85,0
71,14,0,1133.6,0.0421,659.65,0
59,1,1,1260.66,0.142,864.16,0
74,18,0,1610.49,0.0857,654.12,0
25,8,0,881.11,0.0105,701.11,0
55,11,1,970.8,0.0893,730.04,0
36,0,0,1688.76,0.1478,994.86,0
42,6,0,1270.0,0.126,701.89,0
32,15,0,1403.91,0.0455,939.39,0
30,6,0,1106.67,0.0143,623.51,0
45,3,1,1318.02,0.0691,883.09,0
74,1,0,988.87,0.0148,525.19,0
57,18,0,1295.44,0.0447,928.41,0
39,16,1,1599.41,0.1377,1187.49,0
44,0,0,1258.79,0.098,697.49,0
50,18,0,1518.27,0.1175,776.53,0
33,16,0,1398.72,0.0811,732.02,0
50,7,0,885.47,0.0252,613.3,0
61,13,0,1156.58,0.0226,537.3,0
33,5,0,1065.48,0.1149,679.75,0
54,4,0,1426.03,0.0644,916.51,0
61,14,0,1338.48,0.075,779.79,0
50,4,0,1238.21,0.0268,665.17,0
36,7,1,1654.08,0.0543,876.84,0
52,7,0,640.3,0.0198,408.04,0
67,3,1,1169.06,0.0307,605.87,0
31,16,0,1044.51,0.1333,602.61,0
53,13,0,1275.52,0.1075,719.19,0
60,17,1,1515.84,0.1278,1260.24,0
37,10,0,1199.61,0.1311,559.59,0
42,3,1,955.51,0.0884,563.94,0
73,5,0,1322.03,0.0456,820.94,1
40,7,0,1238.42,0.0739,667.83,0
55,18,0,759.39,0.0028,283.07,0
27,4,0,1111.38,0.1226,619.38,1
75,13,0,1312.21,0.1204,1051.13,0
55,2,0,1695.96,0.0762,1056.09,1
65,19,0,873.28,0.0566,384.42,0
55,12,0,1437.04,0.0259,880.84,0
40,8,1,1027.06,0.0113,891.35,1
39,6,0,818.82,0.0487,323.59,0
61,7,0,836.52,0.1406,440.7,0
71,4,0,1381.5,0.0103,999.68,0
25,11,0,1238.97,0.1424,509.69,0
70,17,1,1255.59,0.0793,846.49,0
69,4,0,1337.35,0.0661,714.81,0
24,14,1,1362.25,0.0184,893.83,0
24,11,1,1383.16,0.0107,1298.57,0
61,15,0,1108.94,0.0817,790.15,0
70,15,0,891.74,0.0898,468.38,0
42,0,0,1707.39,0.0651,777.36,0
57,0,1,1770.13,0.0431,1628.03,0
79,18,0,1677.05,0.002,1092.67,0
38,3,1,1188.21,0.04,844.35,0
31,11,0,995.42,0.1072,633.18,0
79,15,0,1075.67,0.0909,683.21,0
35,10,0,1522.23,0.0237,713.1,1
47,0,1,1349.94,0.119,854.69,0
45,0,0,1037.04,0.0223,579.32,0
50,13,0,1309.16,0.1193,496.25,0
34,17,0,979.07,0.0769,510.13,0
60,6,0,793.38,0.1075,377.83,0
60,10,0,1238.77,0.0125,715.34,1
30,18,0,1045.18,0.1111,465.6,0
47,16,0,1195.89,0.1082,727.15,0
21,10,0,400.0,0.0263,233.36,0
31,13,0,932.38,0.0206,509.78,0
79,19,0,1186.48,0.1123,727.19,0
49,15,0,745.08,0.0624,468.05,0
56,8,1,905.28,0.0972,615.47,0
73,13,0,1211.63,0.0014,680.89,0
62,6,1,1560.47,0.0275,971.4,0
67,18,0,932.49,0.1119,453.23,0
62,1,1,1271.36,0.0298,1243.49,0
48,4,0,1128.29,0.012,604.62,1
57,6,0,731.31,0.0263,407.12,0
35,4,0,1555.17,0.1249,854.49,0
73,11,0,1145.11,0.052,688.26,0
29,14,0,1148.33,0.0795,574.71,1
72,17,0,1311.9,0.0866,669.33,0
72,10,0,732.0,0.0559,492.64,0
26,12,0,1475.98,0.0141,611.69,0
62,11,0,1515.18,0.0385,877.67,0
79,0,0,1242.16,0.0237,588.18,0
53,14,0,1338.66,0.1364,499.81,1
39,0,0,1102.18,0.111,605.11,1
72,10,0,1458.99,0.1235,646.27,0
49,19,2,1253.12,0.1218,833.11,0
25,15,0,1190.28,0.0003,1116.22,0
33,10,1,1358.18,0.1124,1079.27,0
60,6,2,1488.39,0.0723,1446.95,0
46,16,0,1520.74,0.1162,839.58,0
31,17,0,1856.46,0.144,815.83,0
67,7,0,1167.05,0.0537,630.01,0
25,2,0,1341.11,0.0907,697.02,1
31,11,2,1259.27,0.0457,743.87,0
46,12,0,1509.58,0.1341,1205.26,0
20,18,2,1344.75,0.0381,1146.55,0
42,17,0,2143.54,0.0527,1012.58,0
74,4,1,848.78,0.1332,620.27,0
76,5,0,1844.23,0.0151,781.09,0
72,19,0,1497.37,0.0741,692.63,0
38,6,0,863.33,0.0872,655.04,0
22,9,1,2045.83,0.0869,1314.67,0
68,6,0,921.48,0.018,512.32,0
41,7,0,1105.7,0.0059,629.89,0
64,11,1,961.02,0.0625,661.76,0
25,5,0,1156.06,0.0681,579.2,0
59,8,0,1184.19,0.1414,1040.27,0
54,7,0,1449.01,0.1133,697.17,0
75,2,0,1931.49,0.0898,901.33,0
24,15,0,1046.11,0.0315,643.91,1
43,17,0,400.0,0.1352,172.62,0
79,9,2,1694.55,0.029,1804.17,0
42,4,0,1034.91,0.1421,554.72,0
58,12,0,1745.54,0.1419,999.47,0
27,10,0,1189.62,0.1467,704.23,0
63,11,0,972.27,0.0425,506.91,0
35,11,2,1196.11,0.0206,1246.89,0
53,14,1,1536.87,0.0943,1247.85,0
72,0,0,1117.43,0.0634,691.37,0
58,1,3,2090.31,0.0583,1579.63,1
47,1,0,1136.82,0.0834,591.62,0
29,3,0,1624.39,0.1034,886.46,0
39,19,1,935.96,0.0498,944.67,0
70,14,0,678.41,0.0503,285.3,1
31,13,0,1448.76,0.0916,711.54,0
58,13,0,1060.67,0.0107,734.78,0
48,0,0,1120.93,0.105,518.41,1
37,4,1,1046.34,0.1199,654.09,1
62,15,0,874.35,0.132,681.9,0
40,9,0,1390.7,0.1131,834.91,0
35,10,0,1194.35,0.076,791.2,0
50,15,2,1181.94,0.1311,1185.42,0
64,1,0,1437.16,0.0736,820.94,0
71,15,1,1702.47,0.1181,1236.27,0
57,13,0,1167.35,0.0095,777.77,0
59,8,1,1650.96,0.1064,993.71,0
66,9,0,899.46,0.0126,709.96,0
34,1,1,1523.16,0.0042,975.99,0
33,4,1,1398.53,0.0753,1223.56,1
48,4,0,962.53,0.0179,594.28,0
57,17,1,1965.92,0.0488,1256.36,0
58,2,0,1269.83,0.1161,780.52,0
27,5,0,1022.75,0.0825,585.43,0
66,2,0,1205.89,0.11,472.7,1
40,5,0,939.09,0.1175,515.0,1
72,0,1,1002.94,0.072,557.06,0
62,5,0,1065.17,0.1478,657.86,0
78,14,0,1085.49,0.0303,588.8,0
57,15,0,958.75,0.0127,637.61,0
50,7,0,1575.33,0.0478,764.69,0
29,14,1,1120.27,0.1144,616.39,0
42,12,0,920.33,0.0144,414.1,0
71,18,0,844.28,0.07,705.64,0
41,16,0,815.41,0.0857,833.88,0
21,4,0,1508.24,0.1212,1255.85,1
33,11,0,1277.45,0.1269,523.85,0
54,15,0,1407.1,0.0358,596.16,0
57,6,0,1505.52,0.0411,678.9,0
78,11,0,1100.01,0.1026,716.59,0
75,8,1,1791.67,0.129,1947.31,0
50,6,1,1161.93,0.0253,992.79,0
52,3,0,871.28,0.1084,505.0,0
67,0,0,1312.08,0.0357,608.55,0
21,14,0,1243.36,0.0271,655.27,0
54,16,1,1392.89,0.0506,1010.89,0
47,13,0,1504.6,0.1192,1001.67,0
66,4,0,1231.86,0.1114,622.08,0
67,0,1,1443.92,0.0718,1115.53,1
58,12,1,1757.88,0.1071,1324.26,0
58,3,0,1280.0,0.0609,728.72,0
60,10,1,1498.28,0.0316,987.04,0
53,19,0,774.69,0.1265,442.86,0
32,0,0,2315.75,0.0081,1267.64,0
35,11,2,1022.75,0.1352,759.24,1
63,19,1,1188.2,0.1183,1011.13,0
56,6,0,1029.13,0.1085,786.83,0
32,16,1,1982.4,0.0854,1462.37,1
72,16,0,1019.82,0.1215,563.85,0
78,9,1,1482.56,0.0042,1230.29,0
56,6,1,1181.17,0.0887,873.97,0
32,13,0,887.97,0.0392,622.42,0
76,12,1,1521.11,0.0959,1107.87,0
32,9,0,984.31,0.1012,617.56,0
44,3,1,1412.28,0.0322,1424.22,0
71,14,0,1388.01,0.0232,998.02,0
50,4,0,1772.03,0.0881,958.26,0
33,2,0,821.35,0.1411,568.97,0
22,1,0,1154.16,0.0995,520.18,0
40,8,0,1166.56,0.0726,625.3,0
59,2,1,1350.28,0.1403,1137.41,0
62,6,2,2270.64,0.1228,2676.35,1
31,4,1,1298.0,0.1099,796.33,1
27,9,0,443.82,0.0656,246.3,0
61,15,2,1440.47,0.0737,1251.09,0
27,9,0,1164.49,0.0397,637.91,0
21,11,0,1127.69,0.1225,493.39,0
48,2,1,1134.41,0.0427,894.03,1
53,2,0,803.61,0.1056,347.44,0
33,19,0,1847.85,0.1312,1294.58,0
31,12,0,1295.49,0.0828,946.91,0
32,0,0,1142.33,0.0235,561.0,1
39,11,0,1838.29,0.0037,795.82,0
18,0,0,939.4,0.101,520.82,1
18,1,0,1380.72,0.0337,694.35,1
40,7,0,825.28,0.0059,441.59,0
19,13,0,1425.23,0.0515,809.98,0
37,12,0,859.65,0.0873,398.25,0
54,15,1,1491.14,0.0827,1481.53,0
19,3,0,1785.97,0.0251,876.63,0
56,3,0,1228.03,0.0906,826.21,1
56,10,0,542.23,0.0616,253.24,0
53,17,2,1510.73,0.0716,1327.51,1
56,14,0,1344.14,0.1312,820.71,0
68,13,0,1470.3,0.0118,842.99,0
22,1,1,1792.08,0.0792,1214.48,0
28,17,1,1807.37,0.026,1167.66,0
37,19,1,1310.72,0.0274,861.52,0
60,11,0,1002.17,0.0916,488.58,1
72,6,0,864.45,0.1005,515.59,0
74,13,0,1038.02,0.0909,835.41,0
54,12,1,1492.96,0.1385,1143.79,0
43,18,0,795.41,0.1192,500.01,0
43,2,1,1071.94,0.0298,948.99,0
21,10,0,1368.69,0.0954,697.85,0
46,14,0,1006.05,0.0931,391.32,0
49,6,0,1311.0,0.097,731.97,0
30,16,1,1105.71,0.0644,935.39,0
65,1,1,1436.34,0.1421,1530.94,0
68,2,0,968.44,0.0696,444.19,0
36,15,1,779.41,0.1184,692.44,1
74,2,0,1486.79,0.0722,874.09,0
24,8,0,991.23,0.1181,511.72,0
74,5,0,1125.41,0.0593,509.44,0
65,13,1,1142.66,0.0001,724.92,0
31,0,0,1363.34,0.075,853.16,0
58,7,0,1299.95,0.0822,926.34,0
37,19,1,1512.63,0.0173,625.46,0
67,7,0,1035.14,0.0998,639.95,0
27,11,1,1335.08,0.1281,848.75,0
33,19,0,1325.11,0.1303,671.7,0
37,12,0,1663.56,0.0565,1008.9,1
30,15,0,1291.96,0.0615,1058.64,0
38,19,1,1049.0,0.1288,647.91,0
55,12,0,1280.37,0.1497,700.91,0
57,16,0,1150.5,0.0079,468.46,0
52,10,0,600.38,0.0093,365.72,0
29,16,0,646.45,0.0081,314.22,1
30,12,1,1330.05,0.0694,1299.73,0
75,6,0,1205.34,0.1177,722.84,0
33,11,0,1111.58,0.0141,586.1,0
24,6,1,1615.25,0.1033,1089.76,0
46,7,0,919.46,0.0257,551.88,1
18,5,0,784.14,0.0049,502.41,1
39,9,2,1252.29,0.0893,860.4,0
71,6,2,1317.07,0.0891,1109.74,0
34,12,0,1182.55,0.0425,659.51,0
61,7,0,960.71,0.0483,559.26,1
48,9,0,557.48,0.0531,403.91,1
40,2,1,579.21,0.1394,310.53,1
59,7,0,1236.95,0.1299,835.64,0
54,7,0,861.29,0.0791,516.93,0
37,19,1,748.39,0.1445,483.04,0
31,8,0,1387.48,0.0873,909.69,0
74,0,0,1663.55,0.0152,859.79,0
28,6,1,1321.66,0.0731,655.83,0
77,14,0,1280.53,0.1342,359.56,0
47,3,1,1433.07,0.0994,801.13,1
79,3,1,656.05,0.1429,419.53,1
39,7,1,1616.6,0.0796,1192.9,0
53,7,0,1571.96,0.1368,988.45,0
56,9,0,1751.04,0.115,927.93,1
